threshold,answered_count,total_count,coverage,unsafe_answered_count,selective_risk,record_type,risk_constraint
0.8546639903754027,0.0,1068.0,0.0,0.0,,curve,
0.8546639903754026,2.0,1068.0,0.0018726591760299,0.0,0.0,curve,
0.8518712191012902,4.0,1068.0,0.0037453183520599,0.0,0.0,curve,
0.8441816936666705,5.0,1068.0,0.0046816479400749,0.0,0.0,curve,
0.8436262115204074,6.0,1068.0,0.0056179775280898,0.0,0.0,curve,
0.8417736998970586,8.0,1068.0,0.0074906367041198,0.0,0.0,curve,
0.8404066295717616,9.0,1068.0,0.0084269662921348,0.0,0.0,curve,
0.8398222105573632,11.0,1068.0,0.0102996254681647,0.0,0.0,curve,
0.8347546762557962,13.0,1068.0,0.0121722846441947,0.0,0.0,curve,
0.8346147408095724,14.0,1068.0,0.0131086142322097,0.0,0.0,curve,
0.8272547813905605,16.0,1068.0,0.0149812734082397,0.0,0.0,curve,
0.8269896573187716,17.0,1068.0,0.0159176029962546,0.0,0.0,curve,
0.8231713065979634,18.0,1068.0,0.0168539325842696,0.0,0.0,curve,
0.818392325051178,19.0,1068.0,0.0177902621722846,0.0,0.0,curve,
0.8128788160895347,20.0,1068.0,0.0187265917602996,0.0,0.0,curve,
0.8101218618798468,22.0,1068.0,0.0205992509363295,0.0,0.0,curve,
0.8100714706540151,23.0,1068.0,0.0215355805243445,0.0,0.0,curve,
0.8074667141860619,24.0,1068.0,0.0224719101123595,0.0,0.0,curve,
0.8026701875278566,25.0,1068.0,0.0234082397003745,0.0,0.0,curve,
0.8025641074118737,26.0,1068.0,0.0243445692883895,0.0,0.0,curve,
0.8015351815842277,27.0,1068.0,0.0252808988764044,0.0,0.0,curve,
0.7997327403469588,28.0,1068.0,0.0262172284644194,1.0,0.0357142857142857,curve,
0.7976647044899571,29.0,1068.0,0.0271535580524344,1.0,0.0344827586206896,curve,
0.79697400189105,30.0,1068.0,0.0280898876404494,2.0,0.0666666666666666,curve,
0.7969442727451139,31.0,1068.0,0.0290262172284644,2.0,0.064516129032258,curve,
0.7964023224098109,32.0,1068.0,0.0299625468164794,2.0,0.0625,curve,
0.792865059484681,33.0,1068.0,0.0308988764044943,2.0,0.0606060606060606,curve,
0.7914237982250382,35.0,1068.0,0.0327715355805243,2.0,0.0571428571428571,curve,
0.7909861011804094,36.0,1068.0,0.0337078651685393,3.0,0.0833333333333333,curve,
0.790512565352863,37.0,1068.0,0.0346441947565543,3.0,0.081081081081081,curve,
0.788936380052278,38.0,1068.0,0.0355805243445692,3.0,0.0789473684210526,curve,
0.7865181473425462,39.0,1068.0,0.0365168539325842,3.0,0.0769230769230769,curve,
0.7853879219959824,41.0,1068.0,0.0383895131086142,3.0,0.073170731707317,curve,
0.7846373919030318,42.0,1068.0,0.0393258426966292,4.0,0.0952380952380952,curve,
0.7842696863662663,44.0,1068.0,0.0411985018726591,4.0,0.0909090909090909,curve,
0.7838454251283709,46.0,1068.0,0.0430711610486891,4.0,0.0869565217391304,curve,
0.7835103336612605,47.0,1068.0,0.0440074906367041,5.0,0.1063829787234042,curve,
0.7828864489986623,49.0,1068.0,0.045880149812734,5.0,0.1020408163265306,curve,
0.7783451321576442,50.0,1068.0,0.046816479400749,6.0,0.12,curve,
0.7773135920230962,51.0,1068.0,0.047752808988764,6.0,0.1176470588235294,curve,
0.7769949470542638,52.0,1068.0,0.048689138576779,6.0,0.1153846153846153,curve,
0.7740298319450964,53.0,1068.0,0.049625468164794,6.0,0.1132075471698113,curve,
0.7739600831242746,54.0,1068.0,0.0505617977528089,7.0,0.1296296296296296,curve,
0.7735545559682578,55.0,1068.0,0.0514981273408239,7.0,0.1272727272727272,curve,
0.7735226297294444,56.0,1068.0,0.0524344569288389,7.0,0.125,curve,
0.7717257524741371,57.0,1068.0,0.0533707865168539,7.0,0.1228070175438596,curve,
0.7706265777307381,58.0,1068.0,0.0543071161048689,8.0,0.1379310344827586,curve,
0.7687039452887245,59.0,1068.0,0.0552434456928838,8.0,0.135593220338983,curve,
0.7679786061454684,60.0,1068.0,0.0561797752808988,8.0,0.1333333333333333,curve,
0.7673985601512922,61.0,1068.0,0.0571161048689138,8.0,0.1311475409836065,curve,
0.7635307863540254,62.0,1068.0,0.0580524344569288,9.0,0.1451612903225806,curve,
0.7633986329604783,63.0,1068.0,0.0589887640449438,9.0,0.1428571428571428,curve,
0.762898928664125,64.0,1068.0,0.0599250936329588,9.0,0.140625,curve,
0.7605010139901013,65.0,1068.0,0.0608614232209737,9.0,0.1384615384615384,curve,
0.7588431697069125,67.0,1068.0,0.0627340823970037,9.0,0.1343283582089552,curve,
0.7582052536713019,68.0,1068.0,0.0636704119850187,9.0,0.1323529411764705,curve,
0.7579801829628887,69.0,1068.0,0.0646067415730337,9.0,0.1304347826086956,curve,
0.7490450833898868,70.0,1068.0,0.0655430711610486,9.0,0.1285714285714285,curve,
0.7486609692786738,71.0,1068.0,0.0664794007490636,9.0,0.1267605633802816,curve,
0.7476939740060033,72.0,1068.0,0.0674157303370786,9.0,0.125,curve,
0.7471422956391147,73.0,1068.0,0.0683520599250936,9.0,0.1232876712328767,curve,
0.7467450434183385,74.0,1068.0,0.0692883895131086,9.0,0.1216216216216216,curve,
0.7464572848818039,75.0,1068.0,0.0702247191011236,9.0,0.12,curve,
0.7458782799526277,76.0,1068.0,0.0711610486891385,9.0,0.1184210526315789,curve,
0.7427519415463609,77.0,1068.0,0.0720973782771535,9.0,0.1168831168831168,curve,
0.742430370367628,78.0,1068.0,0.0730337078651685,10.0,0.1282051282051281,curve,
0.7423840775084907,79.0,1068.0,0.0739700374531835,10.0,0.1265822784810126,curve,
0.7414019478599868,80.0,1068.0,0.0749063670411985,10.0,0.125,curve,
0.7411656416895099,81.0,1068.0,0.0758426966292134,10.0,0.1234567901234567,curve,
0.7400203123887187,82.0,1068.0,0.0767790262172284,11.0,0.1341463414634146,curve,
0.7386801178570671,83.0,1068.0,0.0777153558052434,11.0,0.1325301204819277,curve,
0.7384877830791465,84.0,1068.0,0.0786516853932584,11.0,0.1309523809523809,curve,
0.7372243805295488,85.0,1068.0,0.0795880149812734,12.0,0.1411764705882352,curve,
0.7361173112288023,86.0,1068.0,0.0805243445692883,12.0,0.1395348837209302,curve,
0.7341637197554071,87.0,1068.0,0.0814606741573033,12.0,0.1379310344827586,curve,
0.7336354674619692,88.0,1068.0,0.0823970037453183,13.0,0.1477272727272727,curve,
0.7325555588884638,89.0,1068.0,0.0833333333333333,13.0,0.146067415730337,curve,
0.7320202322257211,90.0,1068.0,0.0842696629213483,13.0,0.1444444444444444,curve,
0.7319272714352635,91.0,1068.0,0.0852059925093632,13.0,0.1428571428571428,curve,
0.7314515252215996,92.0,1068.0,0.0861423220973782,14.0,0.1521739130434782,curve,
0.7306601526045075,93.0,1068.0,0.0870786516853932,14.0,0.1505376344086021,curve,
0.7293803702699487,94.0,1068.0,0.0880149812734082,14.0,0.1489361702127659,curve,
0.7258843814519592,95.0,1068.0,0.0889513108614232,14.0,0.1473684210526315,curve,
0.7253781724181253,96.0,1068.0,0.0898876404494382,14.0,0.1458333333333333,curve,
0.7234673494086413,97.0,1068.0,0.0908239700374531,14.0,0.1443298969072164,curve,
0.7226641210324114,98.0,1068.0,0.0917602996254681,14.0,0.1428571428571428,curve,
0.7197386121656016,99.0,1068.0,0.0926966292134831,14.0,0.1414141414141414,curve,
0.7147436258060506,100.0,1068.0,0.0936329588014981,15.0,0.1499999999999999,curve,
0.7144544349889553,101.0,1068.0,0.0945692883895131,15.0,0.1485148514851485,curve,
0.7128859237400129,102.0,1068.0,0.095505617977528,16.0,0.1568627450980392,curve,
0.711091683154738,103.0,1068.0,0.096441947565543,17.0,0.1650485436893204,curve,
0.709976536328989,104.0,1068.0,0.097378277153558,17.0,0.1634615384615384,curve,
0.7081791394365105,105.0,1068.0,0.098314606741573,18.0,0.1714285714285714,curve,
0.706055189614333,107.0,1068.0,0.1001872659176029,18.0,0.1682242990654205,curve,
0.7044918207782634,108.0,1068.0,0.1011235955056179,19.0,0.1759259259259259,curve,
0.7040021437861026,109.0,1068.0,0.1020599250936329,20.0,0.1834862385321101,curve,
0.7033023647817163,110.0,1068.0,0.1029962546816479,20.0,0.1818181818181818,curve,
0.7032721407708975,111.0,1068.0,0.1039325842696629,21.0,0.1891891891891892,curve,
0.7001274308233995,112.0,1068.0,0.1048689138576779,21.0,0.1875,curve,
0.6985886878872167,113.0,1068.0,0.1058052434456928,22.0,0.1946902654867256,curve,
0.6943353812754911,115.0,1068.0,0.1076779026217228,22.0,0.1913043478260869,curve,
0.6893165124219328,116.0,1068.0,0.1086142322097378,22.0,0.189655172413793,curve,
0.6843776358081536,117.0,1068.0,0.1095505617977528,23.0,0.1965811965811965,curve,
0.6803163598213718,118.0,1068.0,0.1104868913857678,24.0,0.2033898305084745,curve,
0.6791742452767284,119.0,1068.0,0.1114232209737827,24.0,0.2016806722689075,curve,
0.6779617685497638,120.0,1068.0,0.1123595505617977,24.0,0.2,curve,
0.6759850423163357,121.0,1068.0,0.1132958801498127,25.0,0.2066115702479338,curve,
0.6706304508730769,122.0,1068.0,0.1142322097378277,25.0,0.2049180327868852,curve,
0.6706132800248755,123.0,1068.0,0.1151685393258427,26.0,0.2113821138211382,curve,
0.6696748580436975,124.0,1068.0,0.1161048689138576,26.0,0.2096774193548387,curve,
0.6680276740273041,125.0,1068.0,0.1170411985018726,26.0,0.2079999999999999,curve,
0.6671040045303595,126.0,1068.0,0.1179775280898876,26.0,0.2063492063492063,curve,
0.6656627637145888,127.0,1068.0,0.1189138576779026,27.0,0.2125984251968504,curve,
0.6654848891988222,128.0,1068.0,0.1198501872659176,28.0,0.21875,curve,
0.6637568656486434,129.0,1068.0,0.1207865168539325,28.0,0.2170542635658914,curve,
0.6635835850791344,130.0,1068.0,0.1217228464419475,29.0,0.223076923076923,curve,
0.6617819943764786,131.0,1068.0,0.1226591760299625,29.0,0.2213740458015267,curve,
0.6615845107490976,132.0,1068.0,0.1235955056179775,30.0,0.2272727272727272,curve,
0.6610285991512688,133.0,1068.0,0.1245318352059925,30.0,0.225563909774436,curve,
0.6609432878255703,134.0,1068.0,0.1254681647940074,30.0,0.2238805970149253,curve,
0.6607694345570571,135.0,1068.0,0.1264044943820224,31.0,0.2296296296296296,curve,
0.659804808218096,136.0,1068.0,0.1273408239700374,32.0,0.2352941176470588,curve,
0.6595932192618503,137.0,1068.0,0.1282771535580524,33.0,0.2408759124087591,curve,
0.6592192918007393,139.0,1068.0,0.1301498127340824,33.0,0.237410071942446,curve,
0.6590879847058109,140.0,1068.0,0.1310861423220973,34.0,0.2428571428571428,curve,
0.6587525594329932,141.0,1068.0,0.1320224719101123,35.0,0.2482269503546099,curve,
0.6585202254089307,142.0,1068.0,0.1329588014981273,35.0,0.2464788732394366,curve,
0.6583480774201088,143.0,1068.0,0.1338951310861423,35.0,0.2447552447552447,curve,
0.6560698185637442,144.0,1068.0,0.1348314606741573,35.0,0.2430555555555555,curve,
0.6540049728450236,145.0,1068.0,0.1357677902621722,35.0,0.2413793103448276,curve,
0.6538318253944753,147.0,1068.0,0.1376404494382022,35.0,0.238095238095238,curve,
0.6528239280137677,148.0,1068.0,0.1385767790262172,36.0,0.2432432432432432,curve,
0.6514323837808285,149.0,1068.0,0.1395131086142322,36.0,0.2416107382550335,curve,
0.6499438016625118,151.0,1068.0,0.1413857677902621,36.0,0.23841059602649,curve,
0.6469432198167757,152.0,1068.0,0.1423220973782771,36.0,0.2368421052631578,curve,
0.6412083428088462,153.0,1068.0,0.1432584269662921,36.0,0.2352941176470588,curve,
0.6367997083822614,154.0,1068.0,0.1441947565543071,37.0,0.2402597402597402,curve,
0.6367245956158161,155.0,1068.0,0.145131086142322,38.0,0.2451612903225806,curve,
0.6364260770746368,157.0,1068.0,0.147003745318352,38.0,0.2420382165605095,curve,
0.6355848180387315,158.0,1068.0,0.147940074906367,39.0,0.2468354430379746,curve,
0.6332233013267484,159.0,1068.0,0.148876404494382,39.0,0.2452830188679245,curve,
0.6325453066045879,160.0,1068.0,0.149812734082397,40.0,0.25,curve,
0.6312951833712168,161.0,1068.0,0.1507490636704119,41.0,0.2546583850931676,curve,
0.6303972212532349,162.0,1068.0,0.1516853932584269,42.0,0.2592592592592592,curve,
0.629599569614123,163.0,1068.0,0.1526217228464419,43.0,0.263803680981595,curve,
0.6288850185142316,164.0,1068.0,0.1535580524344569,44.0,0.2682926829268292,curve,
0.6286983965345999,165.0,1068.0,0.1544943820224719,44.0,0.2666666666666666,curve,
0.6285598313458669,166.0,1068.0,0.1554307116104868,45.0,0.2710843373493975,curve,
0.6270633021219091,167.0,1068.0,0.1563670411985018,46.0,0.2754491017964071,curve,
0.6249515007840774,168.0,1068.0,0.1573033707865168,47.0,0.2797619047619047,curve,
0.6242619439813271,169.0,1068.0,0.1582397003745318,47.0,0.2781065088757396,curve,
0.6233735268920981,171.0,1068.0,0.1601123595505618,47.0,0.2748538011695906,curve,
0.6221101400708267,172.0,1068.0,0.1610486891385767,48.0,0.2790697674418604,curve,
0.6216226535756835,173.0,1068.0,0.1619850187265917,48.0,0.2774566473988439,curve,
0.621011975599037,175.0,1068.0,0.1638576779026217,48.0,0.2742857142857143,curve,
0.6205988496115321,176.0,1068.0,0.1647940074906366,49.0,0.2784090909090908,curve,
0.6188543244783681,177.0,1068.0,0.1657303370786516,49.0,0.2768361581920904,curve,
0.6183427444020934,179.0,1068.0,0.1676029962546816,49.0,0.2737430167597765,curve,
0.6177286576345203,180.0,1068.0,0.1685393258426966,50.0,0.2777777777777777,curve,
0.6140280051880048,181.0,1068.0,0.1694756554307116,51.0,0.2817679558011049,curve,
0.6121320071046749,182.0,1068.0,0.1704119850187265,51.0,0.2802197802197802,curve,
0.6099955464039148,183.0,1068.0,0.1713483146067415,52.0,0.2841530054644808,curve,
0.6098383293726263,185.0,1068.0,0.1732209737827715,52.0,0.2810810810810811,curve,
0.6069047345283581,187.0,1068.0,0.1750936329588015,52.0,0.2780748663101604,curve,
0.6062129440311523,188.0,1068.0,0.1760299625468164,53.0,0.2819148936170212,curve,
0.6060907757156409,189.0,1068.0,0.1769662921348314,54.0,0.2857142857142857,curve,
0.6057564414791157,190.0,1068.0,0.1779026217228464,54.0,0.2842105263157894,curve,
0.6056605306814175,191.0,1068.0,0.1788389513108614,54.0,0.2827225130890052,curve,
0.6054750019581336,192.0,1068.0,0.1797752808988764,55.0,0.2864583333333333,curve,
0.6048085779769649,193.0,1068.0,0.1807116104868913,55.0,0.2849740932642487,curve,
0.603211900695659,194.0,1068.0,0.1816479400749063,56.0,0.2886597938144329,curve,
0.6019502734723916,195.0,1068.0,0.1825842696629213,57.0,0.2923076923076923,curve,
0.6013656029844763,196.0,1068.0,0.1835205992509363,57.0,0.2908163265306122,curve,
0.5984817992465322,197.0,1068.0,0.1844569288389513,57.0,0.2893401015228426,curve,
0.5984231035939293,198.0,1068.0,0.1853932584269663,57.0,0.2878787878787879,curve,
0.5964617350262774,199.0,1068.0,0.1863295880149812,57.0,0.2864321608040201,curve,
0.5956117908682342,201.0,1068.0,0.1882022471910112,57.0,0.2835820895522387,curve,
0.5920748898184274,202.0,1068.0,0.1891385767790262,57.0,0.2821782178217821,curve,
0.5918430701839014,203.0,1068.0,0.1900749063670411,57.0,0.2807881773399014,curve,
0.5911208971666174,204.0,1068.0,0.1910112359550561,58.0,0.284313725490196,curve,
0.5908210904132738,205.0,1068.0,0.1919475655430711,59.0,0.2878048780487804,curve,
0.5874139418526048,206.0,1068.0,0.1928838951310861,59.0,0.2864077669902912,curve,
0.5863017189110786,207.0,1068.0,0.1938202247191011,59.0,0.2850241545893719,curve,
0.5856139529366924,208.0,1068.0,0.1947565543071161,59.0,0.2836538461538461,curve,
0.584041745277925,209.0,1068.0,0.195692883895131,59.0,0.2822966507177033,curve,
0.5840182081029798,210.0,1068.0,0.196629213483146,59.0,0.2809523809523809,curve,
0.5834963040531232,211.0,1068.0,0.197565543071161,59.0,0.2796208530805687,curve,
0.582102783286589,212.0,1068.0,0.198501872659176,59.0,0.2783018867924528,curve,
0.581854348373735,213.0,1068.0,0.199438202247191,60.0,0.2816901408450704,curve,
0.5814978545856245,214.0,1068.0,0.2003745318352059,60.0,0.2803738317757009,curve,
0.5781242937655523,215.0,1068.0,0.2013108614232209,60.0,0.2790697674418604,curve,
0.5776192244628908,216.0,1068.0,0.2022471910112359,60.0,0.2777777777777777,curve,
0.5727155730443311,217.0,1068.0,0.2031835205992509,61.0,0.2811059907834101,curve,
0.5717041027970656,218.0,1068.0,0.2041198501872659,61.0,0.2798165137614678,curve,
0.5715400320028812,219.0,1068.0,0.2050561797752809,62.0,0.2831050228310502,curve,
0.5709711519556046,220.0,1068.0,0.2059925093632958,63.0,0.2863636363636363,curve,
0.568764987913986,221.0,1068.0,0.2069288389513108,63.0,0.2850678733031674,curve,
0.5674144268840836,222.0,1068.0,0.2078651685393258,64.0,0.2882882882882882,curve,
0.5672630751733597,223.0,1068.0,0.2088014981273408,64.0,0.2869955156950672,curve,
0.5664883250533859,224.0,1068.0,0.2097378277153558,64.0,0.2857142857142857,curve,
0.5658641059468023,225.0,1068.0,0.2106741573033707,65.0,0.2888888888888888,curve,
0.5654464510879844,226.0,1068.0,0.2116104868913857,66.0,0.2920353982300885,curve,
0.564348028517299,227.0,1068.0,0.2125468164794007,66.0,0.290748898678414,curve,
0.564030754249978,228.0,1068.0,0.2134831460674157,67.0,0.293859649122807,curve,
0.5631802210589492,229.0,1068.0,0.2144194756554307,68.0,0.296943231441048,curve,
0.5626190493852729,231.0,1068.0,0.2162921348314606,68.0,0.2943722943722944,curve,
0.5616405185181531,232.0,1068.0,0.2172284644194756,68.0,0.293103448275862,curve,
0.5612885117220046,233.0,1068.0,0.2181647940074906,69.0,0.2961373390557939,curve,
0.560187486931745,234.0,1068.0,0.2191011235955056,69.0,0.2948717948717948,curve,
0.5601463212728807,236.0,1068.0,0.2209737827715355,69.0,0.2923728813559322,curve,
0.5598394976728026,237.0,1068.0,0.2219101123595505,69.0,0.2911392405063291,curve,
0.5594928289289476,238.0,1068.0,0.2228464419475655,70.0,0.2941176470588235,curve,
0.5594831675944582,239.0,1068.0,0.2237827715355805,71.0,0.2970711297071129,curve,
0.5576444810446544,240.0,1068.0,0.2247191011235955,71.0,0.2958333333333333,curve,
0.5575127893041382,241.0,1068.0,0.2256554307116104,72.0,0.2987551867219916,curve,
0.5572740935452389,242.0,1068.0,0.2265917602996254,72.0,0.2975206611570248,curve,
0.5567532037475907,243.0,1068.0,0.2275280898876404,73.0,0.3004115226337448,curve,
0.5565482492942716,244.0,1068.0,0.2284644194756554,74.0,0.3032786885245901,curve,
0.5543885706525068,245.0,1068.0,0.2294007490636704,75.0,0.3061224489795918,curve,
0.5517566557193408,246.0,1068.0,0.2303370786516854,76.0,0.3089430894308943,curve,
0.5508161286364452,247.0,1068.0,0.2312734082397003,77.0,0.3117408906882591,curve,
0.5501910945729847,248.0,1068.0,0.2322097378277153,77.0,0.3104838709677419,curve,
0.5492272521582143,249.0,1068.0,0.2331460674157303,78.0,0.3132530120481927,curve,
0.5473851502822296,250.0,1068.0,0.2340823970037453,79.0,0.316,curve,
0.5468968970894642,251.0,1068.0,0.2350187265917602,80.0,0.3187250996015936,curve,
0.5452769963777007,252.0,1068.0,0.2359550561797752,80.0,0.3174603174603174,curve,
0.5442055304143749,253.0,1068.0,0.2368913857677902,80.0,0.3162055335968379,curve,
0.5441907583125852,254.0,1068.0,0.2378277153558052,80.0,0.3149606299212598,curve,
0.5424193412030196,255.0,1068.0,0.2387640449438202,80.0,0.3137254901960784,curve,
0.5416681693485949,256.0,1068.0,0.2397003745318352,81.0,0.31640625,curve,
0.5415200675546777,257.0,1068.0,0.2406367041198501,81.0,0.3151750972762645,curve,
0.5414920328339714,258.0,1068.0,0.2415730337078651,81.0,0.313953488372093,curve,
0.5400483284762267,259.0,1068.0,0.2425093632958801,81.0,0.3127413127413127,curve,
0.5398401248943349,260.0,1068.0,0.2434456928838951,81.0,0.3115384615384615,curve,
0.5391404900441196,261.0,1068.0,0.2443820224719101,82.0,0.3141762452107279,curve,
0.5389244895271587,262.0,1068.0,0.245318352059925,83.0,0.3167938931297709,curve,
0.5353909744887639,264.0,1068.0,0.247191011235955,83.0,0.3143939393939393,curve,
0.5328068846822501,265.0,1068.0,0.24812734082397,83.0,0.3132075471698113,curve,
0.5322922692602207,266.0,1068.0,0.249063670411985,84.0,0.3157894736842105,curve,
0.531029220616482,267.0,1068.0,0.25,85.0,0.3183520599250936,curve,
0.5305272337733647,269.0,1068.0,0.2518726591760299,85.0,0.3159851301115241,curve,
0.5301721978814516,270.0,1068.0,0.2528089887640449,86.0,0.3185185185185185,curve,
0.5289741419886304,272.0,1068.0,0.2546816479400749,86.0,0.3161764705882352,curve,
0.5248911529620496,273.0,1068.0,0.2556179775280899,86.0,0.315018315018315,curve,
0.5236202688615522,274.0,1068.0,0.2565543071161048,87.0,0.3175182481751824,curve,
0.5231235443355396,275.0,1068.0,0.2574906367041198,87.0,0.3163636363636363,curve,
0.5223404678262832,276.0,1068.0,0.2584269662921348,88.0,0.3188405797101449,curve,
0.5216553440835149,277.0,1068.0,0.2593632958801498,88.0,0.3176895306859206,curve,
0.5211980463850787,278.0,1068.0,0.2602996254681648,89.0,0.3201438848920863,curve,
0.5185284666898962,279.0,1068.0,0.2612359550561798,89.0,0.3189964157706093,curve,
0.5184386052660385,280.0,1068.0,0.2621722846441947,89.0,0.3178571428571428,curve,
0.5176783567576378,281.0,1068.0,0.2631086142322097,89.0,0.3167259786476868,curve,
0.5175103990985312,282.0,1068.0,0.2640449438202247,90.0,0.3191489361702127,curve,
0.517179547773507,283.0,1068.0,0.2649812734082396,91.0,0.3215547703180212,curve,
0.5167224641083698,284.0,1068.0,0.2659176029962546,92.0,0.323943661971831,curve,
0.5163987639154504,285.0,1068.0,0.2668539325842696,93.0,0.3263157894736842,curve,
0.5161785772123547,286.0,1068.0,0.2677902621722846,93.0,0.3251748251748251,curve,
0.5141304218606909,287.0,1068.0,0.2687265917602996,94.0,0.3275261324041811,curve,
0.5133102574381324,288.0,1068.0,0.2696629213483146,95.0,0.3298611111111111,curve,
0.5132874260021874,289.0,1068.0,0.2705992509363295,96.0,0.3321799307958477,curve,
0.5122923916712484,290.0,1068.0,0.2715355805243445,96.0,0.3310344827586206,curve,
0.5122229728346261,291.0,1068.0,0.2724719101123595,97.0,0.3333333333333333,curve,
0.5085814756956584,292.0,1068.0,0.2734082397003745,98.0,0.3356164383561643,curve,
0.5081721520944334,293.0,1068.0,0.2743445692883895,99.0,0.3378839590443685,curve,
0.5051125645605938,294.0,1068.0,0.2752808988764045,100.0,0.3401360544217687,curve,
0.5050767470999735,295.0,1068.0,0.2762172284644194,100.0,0.3389830508474576,curve,
0.5041579911734942,296.0,1068.0,0.2771535580524344,101.0,0.3412162162162162,curve,
0.5036807171128328,297.0,1068.0,0.2780898876404494,102.0,0.3434343434343434,curve,
0.5033183787213995,298.0,1068.0,0.2790262172284644,103.0,0.3456375838926174,curve,
0.5024687086537309,299.0,1068.0,0.2799625468164794,104.0,0.3478260869565217,curve,
0.5012842162478814,300.0,1068.0,0.2808988764044944,104.0,0.3466666666666666,curve,
0.5007224514028682,301.0,1068.0,0.2818352059925093,104.0,0.3455149501661129,curve,
0.5007117028100988,302.0,1068.0,0.2827715355805243,105.0,0.347682119205298,curve,
0.5005531357047069,303.0,1068.0,0.2837078651685393,105.0,0.3465346534653465,curve,
0.4997269704523719,305.0,1068.0,0.2855805243445692,105.0,0.3442622950819672,curve,
0.4993260905310484,306.0,1068.0,0.2865168539325842,106.0,0.3464052287581699,curve,
0.4990618770240411,307.0,1068.0,0.2874531835205992,107.0,0.3485342019543973,curve,
0.4981121512778545,308.0,1068.0,0.2883895131086142,107.0,0.3474025974025973,curve,
0.4976364245021608,309.0,1068.0,0.2893258426966292,108.0,0.3495145631067961,curve,
0.4976154415718274,310.0,1068.0,0.2902621722846441,108.0,0.3483870967741935,curve,
0.49756386313677,311.0,1068.0,0.2911985018726591,108.0,0.3472668810289389,curve,
0.4969441370732194,312.0,1068.0,0.2921348314606741,109.0,0.3493589743589743,curve,
0.4948538519855076,313.0,1068.0,0.2930711610486891,110.0,0.3514376996805112,curve,
0.4947545035306835,314.0,1068.0,0.2940074906367041,110.0,0.3503184713375796,curve,
0.494613542153423,315.0,1068.0,0.2949438202247191,111.0,0.3523809523809524,curve,
0.4943532677236964,316.0,1068.0,0.295880149812734,111.0,0.3512658227848101,curve,
0.4933652733737533,317.0,1068.0,0.296816479400749,111.0,0.3501577287066245,curve,
0.4923266808458984,318.0,1068.0,0.297752808988764,112.0,0.3522012578616352,curve,
0.4920301738163239,319.0,1068.0,0.298689138576779,112.0,0.3510971786833855,curve,
0.4918874802230249,320.0,1068.0,0.299625468164794,113.0,0.353125,curve,
0.4915088828859582,321.0,1068.0,0.300561797752809,114.0,0.3551401869158878,curve,
0.4904776886640885,322.0,1068.0,0.3014981273408239,115.0,0.3571428571428571,curve,
0.4896380964176809,323.0,1068.0,0.3024344569288389,115.0,0.3560371517027863,curve,
0.4887530686530814,324.0,1068.0,0.3033707865168539,116.0,0.3580246913580246,curve,
0.4870467812503358,325.0,1068.0,0.3043071161048689,116.0,0.3569230769230769,curve,
0.4858918604269847,326.0,1068.0,0.3052434456928839,116.0,0.3558282208588957,curve,
0.4849387702021302,327.0,1068.0,0.3061797752808989,117.0,0.3577981651376147,curve,
0.4846521243391942,328.0,1068.0,0.3071161048689138,118.0,0.3597560975609756,curve,
0.4832447715375076,329.0,1068.0,0.3080524344569288,119.0,0.3617021276595744,curve,
0.4814538064488327,330.0,1068.0,0.3089887640449438,120.0,0.3636363636363636,curve,
0.4805286275614698,331.0,1068.0,0.3099250936329587,121.0,0.3655589123867069,curve,
0.4797346255345381,332.0,1068.0,0.3108614232209737,122.0,0.3674698795180723,curve,
0.4795014618231527,333.0,1068.0,0.3117977528089887,123.0,0.3693693693693693,curve,
0.4794768840883749,334.0,1068.0,0.3127340823970037,123.0,0.3682634730538922,curve,
0.4784222684611481,335.0,1068.0,0.3136704119850187,124.0,0.3701492537313432,curve,
0.4781958482741293,336.0,1068.0,0.3146067415730337,124.0,0.369047619047619,curve,
0.4779604462689469,337.0,1068.0,0.3155430711610486,125.0,0.3709198813056379,curve,
0.4774668704957424,339.0,1068.0,0.3174157303370786,125.0,0.3687315634218288,curve,
0.4773591031584998,340.0,1068.0,0.3183520599250936,126.0,0.3705882352941176,curve,
0.4772938804522043,341.0,1068.0,0.3192883895131086,126.0,0.3695014662756598,curve,
0.477181339591679,342.0,1068.0,0.3202247191011236,127.0,0.371345029239766,curve,
0.4768557171622176,343.0,1068.0,0.3211610486891385,128.0,0.3731778425655976,curve,
0.4760283138907685,344.0,1068.0,0.3220973782771535,129.0,0.375,curve,
0.475744407475634,345.0,1068.0,0.3230337078651685,129.0,0.3739130434782608,curve,
0.4757434231245915,346.0,1068.0,0.3239700374531835,129.0,0.3728323699421965,curve,
0.4756280908090714,347.0,1068.0,0.3249063670411985,129.0,0.3717579250720461,curve,
0.47424473958288,348.0,1068.0,0.3258426966292135,130.0,0.3735632183908045,curve,
0.47417842077154,349.0,1068.0,0.3267790262172284,131.0,0.3753581661891117,curve,
0.4739594309843048,350.0,1068.0,0.3277153558052434,131.0,0.3742857142857142,curve,
0.4737600159476381,351.0,1068.0,0.3286516853932584,131.0,0.3732193732193732,curve,
0.4737524752137766,352.0,1068.0,0.3295880149812733,132.0,0.375,curve,
0.4732957464325868,353.0,1068.0,0.3305243445692883,133.0,0.376770538243626,curve,
0.4731159721600591,354.0,1068.0,0.3314606741573033,134.0,0.3785310734463276,curve,
0.4712953632652656,355.0,1068.0,0.3323970037453183,134.0,0.3774647887323943,curve,
0.4708275376398317,356.0,1068.0,0.3333333333333333,134.0,0.3764044943820224,curve,
0.4705517180946063,357.0,1068.0,0.3342696629213483,135.0,0.3781512605042016,curve,
0.4701247351828946,359.0,1068.0,0.3361423220973782,135.0,0.3760445682451253,curve,
0.4696884997923907,360.0,1068.0,0.3370786516853932,136.0,0.3777777777777777,curve,
0.469470877058319,361.0,1068.0,0.3380149812734082,137.0,0.3795013850415512,curve,
0.468968586129548,362.0,1068.0,0.3389513108614232,137.0,0.3784530386740331,curve,
0.4682983298861767,363.0,1068.0,0.3398876404494382,138.0,0.3801652892561983,curve,
0.4680836784610333,364.0,1068.0,0.3408239700374531,139.0,0.3818681318681318,curve,
0.4675387848002454,365.0,1068.0,0.3417602996254681,140.0,0.3835616438356164,curve,
0.4671709994308654,366.0,1068.0,0.3426966292134831,140.0,0.3825136612021857,curve,
0.4664691984428557,367.0,1068.0,0.3436329588014981,140.0,0.3814713896457765,curve,
0.4661860179402347,368.0,1068.0,0.3445692883895131,141.0,0.3831521739130434,curve,
0.4652538937414994,369.0,1068.0,0.3455056179775281,142.0,0.3848238482384823,curve,
0.4650334639450241,370.0,1068.0,0.346441947565543,142.0,0.3837837837837838,curve,
0.4645192453933071,371.0,1068.0,0.347378277153558,143.0,0.3854447439353099,curve,
0.463958296868201,372.0,1068.0,0.348314606741573,144.0,0.3870967741935483,curve,
0.4634102224538807,373.0,1068.0,0.349250936329588,145.0,0.388739946380697,curve,
0.4633591930191781,374.0,1068.0,0.350187265917603,145.0,0.3877005347593582,curve,
0.4630061889556846,375.0,1068.0,0.351123595505618,146.0,0.3893333333333333,curve,
0.4628761439573577,376.0,1068.0,0.3520599250936329,147.0,0.3909574468085106,curve,
0.4626247945859726,378.0,1068.0,0.3539325842696629,147.0,0.3888888888888889,curve,
0.4625279366923822,379.0,1068.0,0.3548689138576778,147.0,0.387862796833773,curve,
0.4624888756497814,380.0,1068.0,0.3558052434456928,147.0,0.3868421052631578,curve,
0.4624515981920412,381.0,1068.0,0.3567415730337078,148.0,0.3884514435695538,curve,
0.4623532498296826,382.0,1068.0,0.3576779026217228,149.0,0.3900523560209424,curve,
0.4620467100786185,383.0,1068.0,0.3586142322097378,149.0,0.3890339425587467,curve,
0.4611732045394774,384.0,1068.0,0.3595505617977528,150.0,0.390625,curve,
0.460060260584148,385.0,1068.0,0.3604868913857677,151.0,0.3922077922077922,curve,
0.4577273740042955,386.0,1068.0,0.3614232209737827,151.0,0.3911917098445595,curve,
0.4576310083577979,387.0,1068.0,0.3623595505617977,152.0,0.3927648578811369,curve,
0.4559223585437985,388.0,1068.0,0.3632958801498127,152.0,0.3917525773195876,curve,
0.4556852866435579,389.0,1068.0,0.3642322097378277,152.0,0.390745501285347,curve,
0.4551149986946295,390.0,1068.0,0.3651685393258427,152.0,0.3897435897435897,curve,
0.4547553068782586,391.0,1068.0,0.3661048689138576,153.0,0.3913043478260869,curve,
0.4546441286426107,392.0,1068.0,0.3670411985018726,154.0,0.3928571428571428,curve,
0.4541521858210297,393.0,1068.0,0.3679775280898876,155.0,0.3944020356234097,curve,
0.4537683060708086,394.0,1068.0,0.3689138576779026,156.0,0.3959390862944162,curve,
0.4528665278954598,395.0,1068.0,0.3698501872659176,157.0,0.3974683544303797,curve,
0.4520365983022709,396.0,1068.0,0.3707865168539326,157.0,0.3964646464646464,curve,
0.4513009254366107,397.0,1068.0,0.3717228464419475,157.0,0.3954659949622166,curve,
0.4510640421521883,399.0,1068.0,0.3735955056179775,157.0,0.3934837092731829,curve,
0.4509077428066719,400.0,1068.0,0.3745318352059925,157.0,0.3925,curve,
0.450853313465891,401.0,1068.0,0.3754681647940074,157.0,0.3915211970074812,curve,
0.4503588359659801,402.0,1068.0,0.3764044943820224,158.0,0.3930348258706467,curve,
0.4493980369140617,403.0,1068.0,0.3773408239700374,159.0,0.3945409429280397,curve,
0.4477691126204285,404.0,1068.0,0.3782771535580524,159.0,0.3935643564356435,curve,
0.4471003942339146,406.0,1068.0,0.3801498127340823,159.0,0.3916256157635468,curve,
0.4470757379519984,407.0,1068.0,0.3810861423220973,159.0,0.3906633906633906,curve,
0.4469963146888286,408.0,1068.0,0.3820224719101123,159.0,0.3897058823529411,curve,
0.4466205641228042,409.0,1068.0,0.3829588014981273,160.0,0.3911980440097799,curve,
0.4465823720452984,410.0,1068.0,0.3838951310861423,161.0,0.3926829268292683,curve,
0.4458740969486348,411.0,1068.0,0.3848314606741573,161.0,0.3917274939172749,curve,
0.4453626777551746,412.0,1068.0,0.3857677902621722,162.0,0.3932038834951456,curve,
0.4444757339436047,413.0,1068.0,0.3867041198501872,162.0,0.3922518159806295,curve,
0.443948706301083,414.0,1068.0,0.3876404494382022,162.0,0.3913043478260869,curve,
0.4427369880965048,415.0,1068.0,0.3885767790262172,163.0,0.3927710843373494,curve,
0.4424260669275376,416.0,1068.0,0.3895131086142322,164.0,0.3942307692307692,curve,
0.4423036769568939,417.0,1068.0,0.3904494382022472,165.0,0.39568345323741,curve,
0.441161392707358,419.0,1068.0,0.3923220973782771,165.0,0.3937947494033413,curve,
0.4379509442240405,420.0,1068.0,0.3932584269662921,166.0,0.3952380952380952,curve,
0.4377651445668486,421.0,1068.0,0.3941947565543071,167.0,0.3966745843230403,curve,
0.4371914984132964,422.0,1068.0,0.3951310861423221,168.0,0.3981042654028436,curve,
0.435935423434193,423.0,1068.0,0.3960674157303371,168.0,0.3971631205673759,curve,
0.4356738216842233,424.0,1068.0,0.397003745318352,169.0,0.3985849056603773,curve,
0.4344895614189795,425.0,1068.0,0.397940074906367,170.0,0.4,curve,
0.4324341109092748,426.0,1068.0,0.398876404494382,170.0,0.3990610328638497,curve,
0.4309981182102205,427.0,1068.0,0.3998127340823969,170.0,0.3981264637002341,curve,
0.4302644737618363,429.0,1068.0,0.4016853932584269,170.0,0.3962703962703962,curve,
0.4298959664536434,430.0,1068.0,0.4026217228464419,171.0,0.3976744186046511,curve,
0.4298695624545825,431.0,1068.0,0.4035580524344569,172.0,0.3990719257540603,curve,
0.4296986070617004,432.0,1068.0,0.4044943820224719,173.0,0.4004629629629629,curve,
0.4296292733433262,434.0,1068.0,0.4063670411985018,175.0,0.4032258064516128,curve,
0.4294855289716467,436.0,1068.0,0.4082397003745318,175.0,0.4013761467889908,curve,
0.4294675779280763,437.0,1068.0,0.4091760299625468,175.0,0.4004576659038901,curve,
0.4292641872972725,438.0,1068.0,0.4101123595505618,175.0,0.3995433789954338,curve,
0.4291699544217704,439.0,1068.0,0.4110486891385767,175.0,0.398633257403189,curve,
0.4263405180213353,440.0,1068.0,0.4119850187265917,175.0,0.3977272727272727,curve,
0.4251253798646169,441.0,1068.0,0.4129213483146067,176.0,0.3990929705215419,curve,
0.4245190215466854,442.0,1068.0,0.4138576779026217,177.0,0.4004524886877828,curve,
0.4228853475326798,443.0,1068.0,0.4147940074906367,177.0,0.3995485327313769,curve,
0.4221635907149671,444.0,1068.0,0.4157303370786517,178.0,0.4009009009009009,curve,
0.4218972552364158,445.0,1068.0,0.4166666666666666,179.0,0.4022471910112359,curve,
0.4205973644656321,446.0,1068.0,0.4176029962546816,180.0,0.4035874439461883,curve,
0.4205183511840033,447.0,1068.0,0.4185393258426966,180.0,0.4026845637583892,curve,
0.420430385854607,448.0,1068.0,0.4194756554307116,181.0,0.4040178571428571,curve,
0.4203336508463584,449.0,1068.0,0.4204119850187266,182.0,0.4053452115812917,curve,
0.4201269684988108,450.0,1068.0,0.4213483146067415,183.0,0.4066666666666666,curve,
0.4200914066141685,451.0,1068.0,0.4222846441947565,184.0,0.4079822616407982,curve,
0.4192729274836934,452.0,1068.0,0.4232209737827715,184.0,0.4070796460176991,curve,
0.4174158598667362,453.0,1068.0,0.4241573033707865,185.0,0.4083885209713024,curve,
0.4160863803423108,454.0,1068.0,0.4250936329588014,186.0,0.4096916299559471,curve,
0.4153298003192317,455.0,1068.0,0.4260299625468164,186.0,0.4087912087912087,curve,
0.4146624950778173,456.0,1068.0,0.4269662921348314,186.0,0.4078947368421052,curve,
0.4144160657488961,457.0,1068.0,0.4279026217228464,187.0,0.4091903719912472,curve,
0.4133992345172712,458.0,1068.0,0.4288389513108614,187.0,0.408296943231441,curve,
0.4131304576940709,459.0,1068.0,0.4297752808988764,187.0,0.4074074074074073,curve,
0.4125324658618099,460.0,1068.0,0.4307116104868913,188.0,0.408695652173913,curve,
0.4124891063940481,461.0,1068.0,0.4316479400749063,189.0,0.4099783080260303,curve,
0.4112455552144194,462.0,1068.0,0.4325842696629213,189.0,0.4090909090909091,curve,
0.4105889633117221,464.0,1068.0,0.4344569288389513,189.0,0.4073275862068965,curve,
0.4101534576055795,465.0,1068.0,0.4353932584269663,189.0,0.4064516129032257,curve,
0.4097159966615423,466.0,1068.0,0.4363295880149812,189.0,0.4055793991416308,curve,
0.4091980551378199,467.0,1068.0,0.4372659176029962,190.0,0.4068522483940043,curve,
0.4089854311347418,468.0,1068.0,0.4382022471910112,191.0,0.4081196581196581,curve,
0.4089087270044802,469.0,1068.0,0.4391385767790262,191.0,0.4072494669509594,curve,
0.4081631432224671,470.0,1068.0,0.4400749063670412,191.0,0.4063829787234042,curve,
0.4078028562296545,471.0,1068.0,0.4410112359550562,191.0,0.40552016985138,curve,
0.4076694659506092,473.0,1068.0,0.4428838951310861,191.0,0.4038054968287526,curve,
0.4074243567599196,474.0,1068.0,0.4438202247191011,192.0,0.4050632911392405,curve,
0.4067444845457771,475.0,1068.0,0.444756554307116,192.0,0.4042105263157894,curve,
0.4067262287120273,476.0,1068.0,0.445692883895131,193.0,0.4054621848739495,curve,
0.4051367771387092,477.0,1068.0,0.446629213483146,193.0,0.4046121593291404,curve,
0.4050809324132622,478.0,1068.0,0.447565543071161,194.0,0.405857740585774,curve,
0.4047391153576857,479.0,1068.0,0.448501872659176,194.0,0.4050104384133611,curve,
0.4035032206199064,480.0,1068.0,0.449438202247191,195.0,0.40625,curve,
0.4027874672208629,481.0,1068.0,0.4503745318352059,196.0,0.4074844074844075,curve,
0.4026084905805495,482.0,1068.0,0.4513108614232209,196.0,0.4066390041493775,curve,
0.4022552457145405,483.0,1068.0,0.4522471910112359,197.0,0.4078674948240165,curve,
0.4008533382779167,484.0,1068.0,0.4531835205992509,197.0,0.4070247933884297,curve,
0.400194985813803,485.0,1068.0,0.4541198501872659,197.0,0.4061855670103092,curve,
0.3998202098503612,486.0,1068.0,0.4550561797752809,198.0,0.4074074074074073,curve,
0.3994135548599609,487.0,1068.0,0.4559925093632958,198.0,0.406570841889117,curve,
0.3990292834573828,488.0,1068.0,0.4569288389513108,199.0,0.4077868852459016,curve,
0.3989740158079664,489.0,1068.0,0.4578651685393258,200.0,0.4089979550102249,curve,
0.3985851653125264,490.0,1068.0,0.4588014981273408,201.0,0.410204081632653,curve,
0.3984408544379423,491.0,1068.0,0.4597378277153558,202.0,0.4114052953156822,curve,
0.396791055777684,492.0,1068.0,0.4606741573033708,203.0,0.4126016260162601,curve,
0.3959185307439188,493.0,1068.0,0.4616104868913857,203.0,0.4117647058823529,curve,
0.39474472667512,494.0,1068.0,0.4625468164794007,203.0,0.4109311740890688,curve,
0.3947356961848672,495.0,1068.0,0.4634831460674157,204.0,0.4121212121212121,curve,
0.3943977534226363,496.0,1068.0,0.4644194756554307,205.0,0.4133064516129032,curve,
0.3934808769057496,497.0,1068.0,0.4653558052434457,206.0,0.414486921529175,curve,
0.3924009711046849,498.0,1068.0,0.4662921348314606,206.0,0.4136546184738955,curve,
0.392400599367277,499.0,1068.0,0.4672284644194756,206.0,0.4128256513026052,curve,
0.3919848088826575,500.0,1068.0,0.4681647940074906,206.0,0.4119999999999999,curve,
0.3916484481087019,501.0,1068.0,0.4691011235955056,206.0,0.4111776447105788,curve,
0.3914616249678977,502.0,1068.0,0.4700374531835205,207.0,0.4123505976095617,curve,
0.3913422749460059,503.0,1068.0,0.4709737827715355,207.0,0.4115308151093439,curve,
0.3910429353163378,504.0,1068.0,0.4719101123595505,208.0,0.4126984126984126,curve,
0.3908290431779947,505.0,1068.0,0.4728464419475655,208.0,0.4118811881188118,curve,
0.3903391524338065,506.0,1068.0,0.4737827715355805,209.0,0.4130434782608695,curve,
0.3891209060916198,507.0,1068.0,0.4747191011235955,210.0,0.4142011834319526,curve,
0.388350563622359,508.0,1068.0,0.4756554307116104,211.0,0.4153543307086614,curve,
0.3878364106122651,509.0,1068.0,0.4765917602996254,211.0,0.4145383104125736,curve,
0.3870473564974619,510.0,1068.0,0.4775280898876404,211.0,0.4137254901960784,curve,
0.3869842829115223,511.0,1068.0,0.4784644194756554,211.0,0.4129158512720156,curve,
0.3867778492507357,512.0,1068.0,0.4794007490636704,211.0,0.412109375,curve,
0.3863483875210429,513.0,1068.0,0.4803370786516854,212.0,0.4132553606237816,curve,
0.3857694652319698,514.0,1068.0,0.4812734082397003,213.0,0.4143968871595331,curve,
0.3855782335541465,515.0,1068.0,0.4822097378277153,213.0,0.4135922330097087,curve,
0.3854303070230515,517.0,1068.0,0.4840823970037453,213.0,0.4119922630560928,curve,
0.385418530357285,518.0,1068.0,0.4850187265917603,213.0,0.4111969111969112,curve,
0.3843369160303827,519.0,1068.0,0.4859550561797753,213.0,0.4104046242774566,curve,
0.3831556404587839,520.0,1068.0,0.4868913857677902,214.0,0.4115384615384615,curve,
0.3789461792078457,521.0,1068.0,0.4878277153558052,215.0,0.4126679462571977,curve,
0.3786891998406528,522.0,1068.0,0.4887640449438202,215.0,0.4118773946360153,curve,
0.3785244924420222,523.0,1068.0,0.4897003745318351,215.0,0.4110898661567877,curve,
0.3779248769909529,524.0,1068.0,0.4906367041198501,216.0,0.4122137404580152,curve,
0.3775410769391998,525.0,1068.0,0.4915730337078651,216.0,0.4114285714285714,curve,
0.3774649490646389,526.0,1068.0,0.4925093632958801,217.0,0.4125475285171102,curve,
0.377341154292459,527.0,1068.0,0.4934456928838951,217.0,0.4117647058823529,curve,
0.3768127335751653,528.0,1068.0,0.4943820224719101,217.0,0.4109848484848485,curve,
0.3763854627906542,530.0,1068.0,0.49625468164794,217.0,0.4094339622641509,curve,
0.3763627846721006,531.0,1068.0,0.497191011235955,218.0,0.4105461393596986,curve,
0.3751589374744934,532.0,1068.0,0.49812734082397,218.0,0.4097744360902255,curve,
0.3749325079183926,534.0,1068.0,0.5,218.0,0.4082397003745318,curve,
0.374530399681728,535.0,1068.0,0.5009363295880149,218.0,0.4074766355140186,curve,
0.3734044446581756,536.0,1068.0,0.5018726591760299,218.0,0.4067164179104477,curve,
0.3726369798105315,537.0,1068.0,0.5028089887640449,219.0,0.4078212290502793,curve,
0.3719142513382696,538.0,1068.0,0.5037453183520599,219.0,0.4070631970260222,curve,
0.3718843647697993,539.0,1068.0,0.5046816479400748,219.0,0.4063079777365491,curve,
0.3710750820104764,540.0,1068.0,0.5056179775280899,219.0,0.4055555555555555,curve,
0.3706379458947977,541.0,1068.0,0.5065543071161048,219.0,0.4048059149722735,curve,
0.370563665207813,543.0,1068.0,0.5084269662921348,221.0,0.4069981583793738,curve,
0.3696683540699724,544.0,1068.0,0.5093632958801498,222.0,0.4080882352941176,curve,
0.3695178611374283,545.0,1068.0,0.5102996254681647,222.0,0.4073394495412844,curve,
0.3687544455937825,546.0,1068.0,0.5112359550561798,222.0,0.4065934065934065,curve,
0.3685542713985632,547.0,1068.0,0.5121722846441947,222.0,0.4058500914076782,curve,
0.3684515218782167,548.0,1068.0,0.5131086142322097,223.0,0.406934306569343,curve,
0.3683937912739385,549.0,1068.0,0.5140449438202247,224.0,0.4080145719489982,curve,
0.3683816301665736,550.0,1068.0,0.5149812734082397,225.0,0.4090909090909091,curve,
0.3682739462055829,551.0,1068.0,0.5159176029962546,225.0,0.4083484573502722,curve,
0.3680053990348103,552.0,1068.0,0.5168539325842697,225.0,0.4076086956521738,curve,
0.3675598833538646,553.0,1068.0,0.5177902621722846,226.0,0.4086799276672694,curve,
0.3657679727250453,554.0,1068.0,0.5187265917602996,227.0,0.4097472924187725,curve,
0.3637803149416389,555.0,1068.0,0.5196629213483146,228.0,0.4108108108108108,curve,
0.3635143115390062,556.0,1068.0,0.5205992509363296,228.0,0.4100719424460431,curve,
0.3615728624579234,557.0,1068.0,0.5215355805243445,229.0,0.4111310592459605,curve,
0.3610883545910293,558.0,1068.0,0.5224719101123596,229.0,0.4103942652329749,curve,
0.3605434207422139,559.0,1068.0,0.5234082397003745,230.0,0.4114490161001788,curve,
0.3599398992838621,560.0,1068.0,0.5243445692883894,231.0,0.4124999999999999,curve,
0.3598665050693673,561.0,1068.0,0.5252808988764045,231.0,0.4117647058823529,curve,
0.3591359912226799,562.0,1068.0,0.5262172284644194,232.0,0.4128113879003558,curve,
0.3587118664747708,563.0,1068.0,0.5271535580524344,233.0,0.4138543516873889,curve,
0.3583572437447885,564.0,1068.0,0.5280898876404494,233.0,0.4131205673758865,curve,
0.3573374300630067,566.0,1068.0,0.5299625468164793,233.0,0.4116607773851589,curve,
0.3567188010031804,567.0,1068.0,0.5308988764044944,234.0,0.4126984126984126,curve,
0.3565224228869451,568.0,1068.0,0.5318352059925093,234.0,0.4119718309859155,curve,
0.3541487128275646,569.0,1068.0,0.5327715355805243,234.0,0.4112478031634446,curve,
0.35392483376305,570.0,1068.0,0.5337078651685393,235.0,0.4122807017543859,curve,
0.353465888844881,571.0,1068.0,0.5346441947565543,236.0,0.4133099824868651,curve,
0.3530926467728125,572.0,1068.0,0.5355805243445692,237.0,0.4143356643356643,curve,
0.3529745603066278,573.0,1068.0,0.5365168539325843,237.0,0.4136125654450261,curve,
0.3528133356329694,574.0,1068.0,0.5374531835205992,238.0,0.4146341463414633,curve,
0.3527224712066407,575.0,1068.0,0.5383895131086142,239.0,0.4156521739130434,curve,
0.3525857737743848,576.0,1068.0,0.5393258426966292,240.0,0.4166666666666666,curve,
0.3523600674248378,577.0,1068.0,0.5402621722846442,240.0,0.4159445407279029,curve,
0.3519486797456879,578.0,1068.0,0.541198501872659,241.0,0.416955017301038,curve,
0.3512756685938127,579.0,1068.0,0.5421348314606742,241.0,0.4162348877374784,curve,
0.3505577816768661,580.0,1068.0,0.5430711610486891,242.0,0.4172413793103448,curve,
0.3502915802546205,581.0,1068.0,0.5440074906367041,243.0,0.4182444061962134,curve,
0.3500171920419203,582.0,1068.0,0.5449438202247191,244.0,0.4192439862542955,curve,
0.3499876980765105,583.0,1068.0,0.545880149812734,245.0,0.4202401372212692,curve,
0.3498398623232502,584.0,1068.0,0.546816479400749,246.0,0.4212328767123287,curve,
0.3494676315750762,585.0,1068.0,0.547752808988764,247.0,0.4222222222222222,curve,
0.3493105012320642,587.0,1068.0,0.5496254681647939,247.0,0.4207836456558773,curve,
0.3491914260928784,589.0,1068.0,0.5514981273408239,247.0,0.4193548387096774,curve,
0.3482301030546795,590.0,1068.0,0.5524344569288389,248.0,0.4203389830508474,curve,
0.348110280236374,591.0,1068.0,0.5533707865168539,249.0,0.4213197969543147,curve,
0.3480897404589991,592.0,1068.0,0.5543071161048689,249.0,0.4206081081081081,curve,
0.3461649951688479,593.0,1068.0,0.5552434456928838,249.0,0.4198988195615514,curve,
0.3454544744083339,594.0,1068.0,0.5561797752808989,249.0,0.4191919191919191,curve,
0.3441527816679863,595.0,1068.0,0.5571161048689138,249.0,0.4184873949579832,curve,
0.3436540281641568,596.0,1068.0,0.5580524344569288,249.0,0.4177852348993288,curve,
0.3414742795381537,597.0,1068.0,0.5589887640449438,249.0,0.4170854271356783,curve,
0.3405929277240278,598.0,1068.0,0.5599250936329588,250.0,0.4180602006688963,curve,
0.3395870656474885,599.0,1068.0,0.5608614232209737,250.0,0.4173622704507512,curve,
0.339539313558576,600.0,1068.0,0.5617977528089888,251.0,0.4183333333333333,curve,
0.3393072296081914,602.0,1068.0,0.5636704119850187,251.0,0.4169435215946844,curve,
0.3391769261970835,603.0,1068.0,0.5646067415730337,252.0,0.417910447761194,curve,
0.3378946707190918,604.0,1068.0,0.5655430711610487,252.0,0.4172185430463576,curve,
0.3377250491271489,605.0,1068.0,0.5664794007490636,253.0,0.4181818181818181,curve,
0.3375927214395035,606.0,1068.0,0.5674157303370787,254.0,0.4191419141914191,curve,
0.337062214888081,607.0,1068.0,0.5683520599250936,255.0,0.4200988467874793,curve,
0.3364786747559052,608.0,1068.0,0.5692883895131085,256.0,0.4210526315789473,curve,
0.3363238604298083,609.0,1068.0,0.5702247191011236,257.0,0.4220032840722495,curve,
0.3358454783448273,610.0,1068.0,0.5711610486891385,257.0,0.421311475409836,curve,
0.3355681663308577,611.0,1068.0,0.5720973782771535,257.0,0.4206219312602291,curve,
0.33509655378913,612.0,1068.0,0.5730337078651685,258.0,0.4215686274509803,curve,
0.3340406062248462,613.0,1068.0,0.5739700374531835,258.0,0.4208809135399673,curve,
0.3339895106180562,614.0,1068.0,0.5749063670411984,258.0,0.4201954397394137,curve,
0.3339320596090323,615.0,1068.0,0.5758426966292135,258.0,0.4195121951219512,curve,
0.3337777115390213,617.0,1068.0,0.5777153558052434,260.0,0.4213938411669367,curve,
0.3335430284218734,618.0,1068.0,0.5786516853932584,261.0,0.4223300970873786,curve,
0.3332892054853548,619.0,1068.0,0.5795880149812734,262.0,0.4232633279483037,curve,
0.3331163476676453,620.0,1068.0,0.5805243445692883,263.0,0.4241935483870967,curve,
0.3325109134252623,621.0,1068.0,0.5814606741573034,264.0,0.4251207729468599,curve,
0.3310686788472376,622.0,1068.0,0.5823970037453183,264.0,0.4244372990353697,curve,
0.3299717127130091,623.0,1068.0,0.5833333333333333,264.0,0.4237560192616372,curve,
0.3294309920977121,624.0,1068.0,0.5842696629213483,264.0,0.423076923076923,curve,
0.3292602834744679,625.0,1068.0,0.5852059925093633,264.0,0.4224,curve,
0.3278270011461971,626.0,1068.0,0.5861423220973782,264.0,0.4217252396166134,curve,
0.3277677201761741,627.0,1068.0,0.5870786516853933,264.0,0.4210526315789473,curve,
0.3276976814642979,628.0,1068.0,0.5880149812734082,264.0,0.4203821656050955,curve,
0.3276915114175651,629.0,1068.0,0.5889513108614232,264.0,0.4197138314785373,curve,
0.3275382153084431,630.0,1068.0,0.5898876404494382,264.0,0.419047619047619,curve,
0.3273735023939917,631.0,1068.0,0.5908239700374532,264.0,0.4183835182250396,curve,
0.3268287922596602,632.0,1068.0,0.5917602996254681,264.0,0.4177215189873417,curve,
0.3257430785347686,633.0,1068.0,0.592696629213483,264.0,0.4170616113744075,curve,
0.3254906493896769,634.0,1068.0,0.5936329588014981,264.0,0.416403785488959,curve,
0.324664080521975,635.0,1068.0,0.594569288389513,264.0,0.4157480314960629,curve,
0.3243896412067587,636.0,1068.0,0.5955056179775281,264.0,0.4150943396226415,curve,
0.3235218012523151,637.0,1068.0,0.596441947565543,265.0,0.4160125588697017,curve,
0.3234769213904147,638.0,1068.0,0.597378277153558,266.0,0.4169278996865203,curve,
0.3231998325294411,639.0,1068.0,0.598314606741573,266.0,0.4162754303599374,curve,
0.3225297460593152,640.0,1068.0,0.599250936329588,267.0,0.4171874999999999,curve,
0.3213150326471083,641.0,1068.0,0.6001872659176029,268.0,0.4180967238689547,curve,
0.3211276349508452,642.0,1068.0,0.601123595505618,268.0,0.4174454828660436,curve,
0.3205409668785335,643.0,1068.0,0.6020599250936329,269.0,0.4183514774494556,curve,
0.320040162083708,644.0,1068.0,0.6029962546816479,269.0,0.4177018633540372,curve,
0.3200021097724332,645.0,1068.0,0.6039325842696629,269.0,0.4170542635658914,curve,
0.318585196551251,646.0,1068.0,0.6048689138576779,269.0,0.4164086687306501,curve,
0.3184279544740769,647.0,1068.0,0.6058052434456928,269.0,0.4157650695517774,curve,
0.318133773070558,648.0,1068.0,0.6067415730337079,270.0,0.4166666666666666,curve,
0.3164691750165655,649.0,1068.0,0.6076779026217228,271.0,0.4175654853620955,curve,
0.3163338456599859,650.0,1068.0,0.6086142322097378,271.0,0.4169230769230769,curve,
0.3159165954502842,651.0,1068.0,0.6095505617977528,271.0,0.4162826420890937,curve,
0.3146055369991247,652.0,1068.0,0.6104868913857678,272.0,0.4171779141104294,curve,
0.3132169473728284,653.0,1068.0,0.6114232209737827,273.0,0.4180704441041347,curve,
0.312919247749855,654.0,1068.0,0.6123595505617978,273.0,0.4174311926605504,curve,
0.3127759921661524,655.0,1068.0,0.6132958801498127,274.0,0.4183206106870229,curve,
0.312697882263152,656.0,1068.0,0.6142322097378276,274.0,0.4176829268292682,curve,
0.3105423005269382,657.0,1068.0,0.6151685393258427,275.0,0.4185692541856925,curve,
0.3102930239266949,658.0,1068.0,0.6161048689138576,276.0,0.4194528875379939,curve,
0.3102189696086148,659.0,1068.0,0.6170411985018726,277.0,0.4203338391502276,curve,
0.309190549874742,660.0,1068.0,0.6179775280898876,277.0,0.4196969696969696,curve,
0.3086247748378586,661.0,1068.0,0.6189138576779026,277.0,0.4190620272314674,curve,
0.3084182742451723,662.0,1068.0,0.6198501872659175,278.0,0.4199395770392749,curve,
0.3077352796340381,663.0,1068.0,0.6207865168539326,279.0,0.420814479638009,curve,
0.3076978666141462,665.0,1068.0,0.6226591760299625,279.0,0.4195488721804511,curve,
0.306600312584589,666.0,1068.0,0.6235955056179775,280.0,0.4204204204204204,curve,
0.3062687920125816,667.0,1068.0,0.6245318352059925,281.0,0.4212893553223388,curve,
0.3052948191871719,668.0,1068.0,0.6254681647940074,282.0,0.4221556886227544,curve,
0.3052346183626591,669.0,1068.0,0.6264044943820225,283.0,0.4230194319880418,curve,
0.3047878442663526,670.0,1068.0,0.6273408239700374,284.0,0.4238805970149253,curve,
0.3043765051083567,672.0,1068.0,0.6292134831460674,284.0,0.4226190476190476,curve,
0.3034143321611864,673.0,1068.0,0.6301498127340824,285.0,0.4234769687964338,curve,
0.3032465127195354,674.0,1068.0,0.6310861423220973,286.0,0.4243323442136498,curve,
0.3030387022182062,675.0,1068.0,0.6320224719101124,287.0,0.4251851851851851,curve,
0.3023290126076061,676.0,1068.0,0.6329588014981273,287.0,0.4245562130177514,curve,
0.3022418504668686,677.0,1068.0,0.6338951310861423,287.0,0.4239290989660266,curve,
0.3021368550751233,678.0,1068.0,0.6348314606741573,287.0,0.4233038348082595,curve,
0.3017748797969037,679.0,1068.0,0.6357677902621723,287.0,0.422680412371134,curve,
0.3010379696847123,680.0,1068.0,0.6367041198501872,287.0,0.4220588235294117,curve,
0.3001055438335059,681.0,1068.0,0.6376404494382021,288.0,0.4229074889867841,curve,
0.2998510739207794,682.0,1068.0,0.6385767790262172,289.0,0.4237536656891495,curve,
0.2995158540714689,683.0,1068.0,0.639513108614232,290.0,0.424597364568082,curve,
0.2994366290702016,684.0,1068.0,0.6404494382022472,291.0,0.425438596491228,curve,
0.2986989275797114,685.0,1068.0,0.6413857677902621,291.0,0.4248175182481752,curve,
0.2985292319801981,686.0,1068.0,0.6423220973782771,291.0,0.4241982507288629,curve,
0.2977369702194168,687.0,1068.0,0.6432584269662921,292.0,0.4250363901018922,curve,
0.2960617522374469,688.0,1068.0,0.6441947565543071,293.0,0.4258720930232557,curve,
0.2958471158199537,689.0,1068.0,0.645131086142322,294.0,0.4267053701015965,curve,
0.2955686363980433,691.0,1068.0,0.647003745318352,294.0,0.4254703328509406,curve,
0.2951726630005632,692.0,1068.0,0.647940074906367,294.0,0.4248554913294797,curve,
0.295153634113827,693.0,1068.0,0.648876404494382,295.0,0.4256854256854256,curve,
0.2938927454129751,694.0,1068.0,0.649812734082397,296.0,0.4265129682997118,curve,
0.2933899689710984,695.0,1068.0,0.6507490636704119,297.0,0.4273381294964028,curve,
0.2924249411403184,696.0,1068.0,0.651685393258427,298.0,0.4281609195402298,curve,
0.290602132844576,697.0,1068.0,0.6526217228464419,298.0,0.4275466284074605,curve,
0.2903279395362808,698.0,1068.0,0.6535580524344569,298.0,0.4269340974212034,curve,
0.2887422242168912,700.0,1068.0,0.6554307116104869,298.0,0.4257142857142857,curve,
0.2886845965201805,701.0,1068.0,0.6563670411985018,299.0,0.4265335235378031,curve,
0.2884882532901266,702.0,1068.0,0.6573033707865169,300.0,0.4273504273504273,curve,
0.287750940056586,703.0,1068.0,0.6582397003745318,301.0,0.4281650071123755,curve,
0.2873020764447767,704.0,1068.0,0.6591760299625467,302.0,0.4289772727272727,curve,
0.2862159670525532,705.0,1068.0,0.6601123595505618,303.0,0.4297872340425532,curve,
0.2860417321279083,706.0,1068.0,0.6610486891385767,304.0,0.4305949008498583,curve,
0.2858151832242085,707.0,1068.0,0.6619850187265917,305.0,0.4314002828854314,curve,
0.2857358838802249,708.0,1068.0,0.6629213483146067,306.0,0.4322033898305084,curve,
0.2857051121717723,709.0,1068.0,0.6638576779026217,307.0,0.4330042313117066,curve,
0.2851909011737267,710.0,1068.0,0.6647940074906366,307.0,0.432394366197183,curve,
0.2846940568104884,711.0,1068.0,0.6657303370786517,307.0,0.4317862165963432,curve,
0.2846588169780959,712.0,1068.0,0.6666666666666666,307.0,0.4311797752808989,curve,
0.2836918095671828,713.0,1068.0,0.6676029962546816,308.0,0.4319775596072931,curve,
0.2836081205483365,714.0,1068.0,0.6685393258426966,308.0,0.4313725490196078,curve,
0.2824438196557838,715.0,1068.0,0.6694756554307116,308.0,0.4307692307692307,curve,
0.2821024407194879,716.0,1068.0,0.6704119850187265,309.0,0.4315642458100558,curve,
0.281503752565915,717.0,1068.0,0.6713483146067416,309.0,0.4309623430962343,curve,
0.2813634635132402,718.0,1068.0,0.6722846441947565,310.0,0.4317548746518105,curve,
0.2807717739117674,719.0,1068.0,0.6732209737827715,311.0,0.4325452016689846,curve,
0.2784339373263344,720.0,1068.0,0.6741573033707865,311.0,0.4319444444444444,curve,
0.2760894565063645,721.0,1068.0,0.6750936329588015,312.0,0.4327323162274618,curve,
0.2759092573306559,722.0,1068.0,0.6760299625468164,312.0,0.4321329639889196,curve,
0.2757831763175397,723.0,1068.0,0.6769662921348315,312.0,0.4315352697095435,curve,
0.2753554238422003,724.0,1068.0,0.6779026217228464,312.0,0.430939226519337,curve,
0.2747313859332203,725.0,1068.0,0.6788389513108614,312.0,0.4303448275862069,curve,
0.2734888669065988,726.0,1068.0,0.6797752808988764,312.0,0.4297520661157024,curve,
0.2717021024607124,728.0,1068.0,0.6816479400749063,312.0,0.4285714285714285,curve,
0.2716552882475138,729.0,1068.0,0.6825842696629212,312.0,0.4279835390946502,curve,
0.2712944510693693,730.0,1068.0,0.6835205992509363,313.0,0.4287671232876712,curve,
0.271265494295655,731.0,1068.0,0.6844569288389512,314.0,0.4295485636114911,curve,
0.2710994777453397,732.0,1068.0,0.6853932584269663,314.0,0.4289617486338797,curve,
0.2708648583817469,733.0,1068.0,0.6863295880149812,315.0,0.4297407912687585,curve,
0.2703561575771494,734.0,1068.0,0.6872659176029962,316.0,0.4305177111716621,curve,
0.2678401845286948,735.0,1068.0,0.6882022471910112,317.0,0.4312925170068027,curve,
0.2675016379640791,736.0,1068.0,0.6891385767790262,318.0,0.4320652173913043,curve,
0.2662656400036831,737.0,1068.0,0.690074906367041,319.0,0.4328358208955223,curve,
0.2638094475414144,738.0,1068.0,0.6910112359550562,320.0,0.4336043360433604,curve,
0.2632963470826726,739.0,1068.0,0.6919475655430711,320.0,0.4330175913396481,curve,
0.2624677116520292,740.0,1068.0,0.6928838951310861,320.0,0.4324324324324324,curve,
0.261349122856529,741.0,1068.0,0.6938202247191011,320.0,0.4318488529014845,curve,
0.2588768305333975,742.0,1068.0,0.6947565543071161,321.0,0.4326145552560646,curve,
0.258699488236518,743.0,1068.0,0.695692883895131,322.0,0.4333781965006729,curve,
0.2581824928047566,744.0,1068.0,0.6966292134831461,322.0,0.4327956989247311,curve,
0.2579235794906828,745.0,1068.0,0.697565543071161,322.0,0.4322147651006711,curve,
0.2576595407615189,746.0,1068.0,0.698501872659176,322.0,0.4316353887399463,curve,
0.2575819789082896,747.0,1068.0,0.699438202247191,322.0,0.431057563587684,curve,
0.257428986514136,748.0,1068.0,0.700374531835206,323.0,0.4318181818181818,curve,
0.2573624068607628,749.0,1068.0,0.7013108614232209,324.0,0.4325767690253671,curve,
0.2560702659380053,750.0,1068.0,0.702247191011236,325.0,0.4333333333333333,curve,
0.255909035695533,751.0,1068.0,0.7031835205992509,325.0,0.4327563249001331,curve,
0.254203422613508,752.0,1068.0,0.7041198501872659,326.0,0.4335106382978723,curve,
0.252801543550703,753.0,1068.0,0.7050561797752809,327.0,0.4342629482071713,curve,
0.2520817690158327,754.0,1068.0,0.7059925093632958,328.0,0.4350132625994694,curve,
0.2514561873308361,755.0,1068.0,0.7069288389513108,329.0,0.4357615894039735,curve,
0.2511646530209025,756.0,1068.0,0.7078651685393258,330.0,0.4365079365079365,curve,
0.2507008578777682,757.0,1068.0,0.7088014981273408,331.0,0.4372523117569353,curve,
0.2504825939871117,758.0,1068.0,0.7097378277153557,332.0,0.4379947229551451,curve,
0.2501734160141335,759.0,1068.0,0.7106741573033708,332.0,0.4374176548089591,curve,
0.2498521370807824,760.0,1068.0,0.7116104868913857,333.0,0.438157894736842,curve,
0.2497713237348461,761.0,1068.0,0.7125468164794007,333.0,0.4375821287779238,curve,
0.2490565161495121,762.0,1068.0,0.7134831460674157,334.0,0.4383202099737532,curve,
0.2486518936797815,763.0,1068.0,0.7144194756554307,335.0,0.4390563564875491,curve,
0.2482285852583943,765.0,1068.0,0.7162921348314607,337.0,0.4405228758169934,curve,
0.2465315610694094,767.0,1068.0,0.7181647940074906,339.0,0.4419817470664928,curve,
0.2464309533894006,768.0,1068.0,0.7191011235955056,340.0,0.4427083333333333,curve,
0.2459196521164132,769.0,1068.0,0.7200374531835206,341.0,0.4434330299089727,curve,
0.2434310457481114,770.0,1068.0,0.7209737827715355,342.0,0.4441558441558441,curve,
0.2434230215839178,772.0,1068.0,0.7228464419475655,344.0,0.4455958549222797,curve,
0.24318922854528,773.0,1068.0,0.7237827715355805,344.0,0.445019404915912,curve,
0.2427543056562935,774.0,1068.0,0.7247191011235955,345.0,0.4457364341085271,curve,
0.2402449995045201,775.0,1068.0,0.7256554307116105,346.0,0.4464516129032258,curve,
0.2384038697833302,776.0,1068.0,0.7265917602996254,347.0,0.4471649484536082,curve,
0.2377424356370887,777.0,1068.0,0.7275280898876403,348.0,0.4478764478764478,curve,
0.2373072989573636,778.0,1068.0,0.7284644194756554,349.0,0.448586118251928,curve,
0.2370281011766154,779.0,1068.0,0.7294007490636703,350.0,0.4492939666238767,curve,
0.2365053199313094,780.0,1068.0,0.7303370786516854,351.0,0.45,curve,
0.2363565324818414,781.0,1068.0,0.7312734082397003,352.0,0.4507042253521126,curve,
0.2357578713654225,782.0,1068.0,0.7322097378277153,352.0,0.4501278772378516,curve,
0.2354735069616096,783.0,1068.0,0.7331460674157303,352.0,0.4495530012771392,curve,
0.234591415550784,785.0,1068.0,0.7350187265917602,354.0,0.4509554140127388,curve,
0.2317264211417724,786.0,1068.0,0.7359550561797753,355.0,0.4516539440203562,curve,
0.2312770011104174,787.0,1068.0,0.7368913857677902,356.0,0.4523506988564167,curve,
0.2289753199961655,788.0,1068.0,0.7378277153558052,356.0,0.4517766497461929,curve,
0.2287999500950574,789.0,1068.0,0.7387640449438202,357.0,0.4524714828897338,curve,
0.2281342459137,790.0,1068.0,0.7397003745318352,357.0,0.4518987341772152,curve,
0.2280868485079361,792.0,1068.0,0.7415730337078652,359.0,0.4532828282828282,curve,
0.2279954074423818,793.0,1068.0,0.7425093632958801,360.0,0.4539722572509457,curve,
0.227825915967835,794.0,1068.0,0.7434456928838951,360.0,0.4534005037783375,curve,
0.2277403006962385,795.0,1068.0,0.7443820224719101,361.0,0.4540880503144654,curve,
0.2272038450663558,796.0,1068.0,0.7453183520599251,361.0,0.4535175879396984,curve,
0.2260282304058653,797.0,1068.0,0.74625468164794,362.0,0.4542032622333751,curve,
0.2256008082626647,798.0,1068.0,0.7471910112359551,363.0,0.4548872180451127,curve,
0.2255609612657921,799.0,1068.0,0.74812734082397,364.0,0.455569461827284,curve,
0.2250037635773934,800.0,1068.0,0.749063670411985,365.0,0.4562499999999999,curve,
0.2246845455213269,801.0,1068.0,0.75,365.0,0.4556803995006242,curve,
0.2242939958525149,803.0,1068.0,0.7518726591760299,367.0,0.4570361145703611,curve,
0.2240730777904058,804.0,1068.0,0.7528089887640449,368.0,0.4577114427860696,curve,
0.223603579496263,805.0,1068.0,0.7537453183520599,369.0,0.4583850931677018,curve,
0.2216562241685421,806.0,1068.0,0.7546816479400748,370.0,0.4590570719602977,curve,
0.2214215902151025,807.0,1068.0,0.7556179775280899,371.0,0.459727385377943,curve,
0.2202874991318498,808.0,1068.0,0.7565543071161048,371.0,0.4591584158415841,curve,
0.2202713866740602,809.0,1068.0,0.7574906367041198,372.0,0.4598269468479604,curve,
0.2201524151309208,810.0,1068.0,0.7584269662921348,373.0,0.4604938271604938,curve,
0.2198509978359931,811.0,1068.0,0.7593632958801498,374.0,0.4611590628853267,curve,
0.2190083495439345,812.0,1068.0,0.7602996254681647,375.0,0.4618226600985221,curve,
0.2173468583747838,813.0,1068.0,0.7612359550561798,375.0,0.4612546125461254,curve,
0.2161144763753888,814.0,1068.0,0.7621722846441947,376.0,0.4619164619164619,curve,
0.2160628161031618,816.0,1068.0,0.7640449438202247,378.0,0.463235294117647,curve,
0.2156044181876814,817.0,1068.0,0.7649812734082397,379.0,0.463892288861689,curve,
0.21523969549834,818.0,1068.0,0.7659176029962546,380.0,0.4645476772616136,curve,
0.214031303772366,819.0,1068.0,0.7668539325842697,380.0,0.463980463980464,curve,
0.2135582464208072,820.0,1068.0,0.7677902621722846,381.0,0.4646341463414634,curve,
0.2125142063043603,821.0,1068.0,0.7687265917602996,382.0,0.4652862362971985,curve,
0.2108343367545888,822.0,1068.0,0.7696629213483146,383.0,0.4659367396593673,curve,
0.2102845329267578,823.0,1068.0,0.7705992509363296,384.0,0.4665856622114216,curve,
0.2091224216420247,824.0,1068.0,0.7715355805243445,385.0,0.4672330097087378,curve,
0.2081038258041665,825.0,1068.0,0.7724719101123596,386.0,0.4678787878787878,curve,
0.207835209840101,826.0,1068.0,0.7734082397003745,387.0,0.4685230024213075,curve,
0.2075346603383391,827.0,1068.0,0.7743445692883894,388.0,0.4691656590084643,curve,
0.2068657263252482,828.0,1068.0,0.7752808988764045,389.0,0.4698067632850241,curve,
0.2063101707696926,829.0,1068.0,0.7762172284644194,390.0,0.4704463208685162,curve,
0.2049972310647413,830.0,1068.0,0.7771535580524344,391.0,0.4710843373493975,curve,
0.2045428699568927,831.0,1068.0,0.7780898876404494,392.0,0.4717208182912154,curve,
0.2043227016103721,832.0,1068.0,0.7790262172284644,393.0,0.4723557692307692,curve,
0.202910480495449,833.0,1068.0,0.7799625468164793,394.0,0.4729891956782713,curve,
0.2027680626274825,834.0,1068.0,0.7808988764044944,395.0,0.4736211031175059,curve,
0.2026469839535458,835.0,1068.0,0.7818352059925093,396.0,0.474251497005988,curve,
0.2022125070719269,836.0,1068.0,0.7827715355805243,397.0,0.4748803827751196,curve,
0.2016949093278599,837.0,1068.0,0.7837078651685393,398.0,0.4755077658303464,curve,
0.2012566725333836,838.0,1068.0,0.7846441947565543,399.0,0.4761336515513126,curve,
0.2012203116634706,839.0,1068.0,0.7855805243445692,400.0,0.4767580452920143,curve,
0.1996790402591135,840.0,1068.0,0.7865168539325843,401.0,0.4773809523809524,curve,
0.1996760830186356,841.0,1068.0,0.7874531835205992,401.0,0.4768133174791914,curve,
0.1993371996034197,842.0,1068.0,0.7883895131086142,402.0,0.4774346793349168,curve,
0.198649779611922,843.0,1068.0,0.7893258426966292,402.0,0.4768683274021352,curve,
0.1981715358875242,844.0,1068.0,0.7902621722846442,403.0,0.4774881516587677,curve,
0.1981532262284226,845.0,1068.0,0.791198501872659,404.0,0.4781065088757396,curve,
0.198047774205691,846.0,1068.0,0.7921348314606742,405.0,0.4787234042553191,curve,
0.1979956819425522,847.0,1068.0,0.7930711610486891,405.0,0.4781582054309326,curve,
0.1973469632516901,848.0,1068.0,0.7940074906367041,406.0,0.4787735849056603,curve,
0.1972618431623263,850.0,1068.0,0.795880149812734,408.0,0.4799999999999999,curve,
0.1971535618148408,851.0,1068.0,0.796816479400749,409.0,0.4806110458284371,curve,
0.1964118732168791,852.0,1068.0,0.797752808988764,410.0,0.4812206572769953,curve,
0.1955590646348941,853.0,1068.0,0.798689138576779,410.0,0.4806565064478312,curve,
0.1953516640228517,855.0,1068.0,0.800561797752809,412.0,0.4818713450292397,curve,
0.1950457523580309,857.0,1068.0,0.8024344569288389,414.0,0.4830805134189031,curve,
0.194007221810453,858.0,1068.0,0.8033707865168539,415.0,0.4836829836829836,curve,
0.1938395470506948,859.0,1068.0,0.8043071161048689,416.0,0.4842840512223515,curve,
0.1937851508094434,860.0,1068.0,0.8052434456928838,416.0,0.4837209302325581,curve,
0.1937821851137702,861.0,1068.0,0.8061797752808989,417.0,0.4843205574912892,curve,
0.1937738497856545,862.0,1068.0,0.8071161048689138,418.0,0.4849187935034802,curve,
0.1936426937862117,863.0,1068.0,0.8080524344569288,419.0,0.485515643105446,curve,
0.1930792534447673,864.0,1068.0,0.8089887640449438,420.0,0.4861111111111111,curve,
0.192353115442979,865.0,1068.0,0.8099250936329588,421.0,0.4867052023121387,curve,
0.1921383276365355,866.0,1068.0,0.8108614232209737,422.0,0.48729792147806,curve,
0.1918710776761389,867.0,1068.0,0.8117977528089888,423.0,0.4878892733564013,curve,
0.1916311678561618,868.0,1068.0,0.8127340823970037,424.0,0.488479262672811,curve,
0.1913281662767887,869.0,1068.0,0.8136704119850187,425.0,0.4890678941311852,curve,
0.1907196496940786,870.0,1068.0,0.8146067415730337,425.0,0.4885057471264368,curve,
0.1904472843463851,871.0,1068.0,0.8155430711610487,426.0,0.4890929965556831,curve,
0.1904184718048641,872.0,1068.0,0.8164794007490636,427.0,0.4896788990825687,curve,
0.1903446062951697,873.0,1068.0,0.8174157303370787,428.0,0.4902634593356242,curve,
0.1902182638950208,874.0,1068.0,0.8183520599250936,429.0,0.4908466819221967,curve,
0.1900455681194439,875.0,1068.0,0.8192883895131085,430.0,0.4914285714285714,curve,
0.1900072291271995,876.0,1068.0,0.8202247191011236,431.0,0.4920091324200913,curve,
0.1899275962151929,877.0,1068.0,0.8211610486891385,432.0,0.4925883694412771,curve,
0.1893269981401052,878.0,1068.0,0.8220973782771535,433.0,0.4931662870159453,curve,
0.1890851717505369,879.0,1068.0,0.8230337078651685,434.0,0.4937428896473264,curve,
0.1890610003467355,880.0,1068.0,0.8239700374531835,435.0,0.4943181818181818,curve,
0.1877627785636831,882.0,1068.0,0.8258426966292135,437.0,0.4954648526077097,curve,
0.1856412489928696,883.0,1068.0,0.8267790262172284,438.0,0.4960362400906002,curve,
0.1853984498641818,884.0,1068.0,0.8277153558052434,439.0,0.4966063348416289,curve,
0.1851582052587,885.0,1068.0,0.8286516853932584,440.0,0.4971751412429378,curve,
0.1849711716089574,886.0,1068.0,0.8295880149812734,441.0,0.4977426636568848,curve,
0.1847013759322574,887.0,1068.0,0.8305243445692883,442.0,0.4983089064261556,curve,
0.1839421042315354,888.0,1068.0,0.8314606741573034,443.0,0.4988738738738738,curve,
0.1837925506834055,889.0,1068.0,0.8323970037453183,444.0,0.499437570303712,curve,
0.1831098944444395,890.0,1068.0,0.8333333333333333,444.0,0.498876404494382,curve,
0.1829710268870689,891.0,1068.0,0.8342696629213483,445.0,0.4994388327721661,curve,
0.1825379921017218,892.0,1068.0,0.8352059925093633,445.0,0.4988789237668161,curve,
0.1811724605400404,893.0,1068.0,0.8361423220973782,446.0,0.4994400895856662,curve,
0.180424313409455,894.0,1068.0,0.8370786516853933,447.0,0.5,curve,
0.1799767532301597,895.0,1068.0,0.8380149812734082,448.0,0.5005586592178771,curve,
0.1794675276143081,896.0,1068.0,0.8389513108614232,449.0,0.5011160714285714,curve,
0.1792861859749733,897.0,1068.0,0.8398876404494382,449.0,0.5005574136008919,curve,
0.1789279003675185,898.0,1068.0,0.8408239700374532,450.0,0.5011135857461024,curve,
0.1781632194991335,899.0,1068.0,0.8417602996254681,451.0,0.5016685205784204,curve,
0.1772950546955305,900.0,1068.0,0.842696629213483,452.0,0.5022222222222222,curve,
0.1769044492621486,901.0,1068.0,0.8436329588014981,453.0,0.5027746947835738,curve,
0.1767623072227446,902.0,1068.0,0.844569288389513,453.0,0.5022172949002217,curve,
0.1767212925800942,903.0,1068.0,0.8455056179775281,453.0,0.5016611295681062,curve,
0.1757186826728557,904.0,1068.0,0.846441947565543,454.0,0.5022123893805309,curve,
0.175224476872981,905.0,1068.0,0.847378277153558,455.0,0.5027624309392265,curve,
0.1737322652562343,906.0,1068.0,0.848314606741573,456.0,0.5033112582781457,curve,
0.1726135050190849,907.0,1068.0,0.849250936329588,457.0,0.5038588754134509,curve,
0.1725957056636835,908.0,1068.0,0.8501872659176029,457.0,0.5033039647577092,curve,
0.1721366578348635,909.0,1068.0,0.851123595505618,458.0,0.5038503850385038,curve,
0.1721346917356759,910.0,1068.0,0.8520599250936329,459.0,0.5043956043956043,curve,
0.1704159399130709,911.0,1068.0,0.8529962546816479,460.0,0.5049396267837541,curve,
0.1699515305183141,912.0,1068.0,0.8539325842696629,460.0,0.5043859649122807,curve,
0.1692558351315668,913.0,1068.0,0.8548689138576779,461.0,0.5049288061336255,curve,
0.1692523037637041,914.0,1068.0,0.8558052434456928,461.0,0.5043763676148796,curve,
0.1690384356416137,916.0,1068.0,0.8576779026217228,461.0,0.5032751091703057,curve,
0.1687599293391311,917.0,1068.0,0.8586142322097378,462.0,0.5038167938931297,curve,
0.1682166298767858,918.0,1068.0,0.8595505617977528,462.0,0.5032679738562091,curve,
0.168168219764185,919.0,1068.0,0.8604868913857678,462.0,0.5027203482045702,curve,
0.1669361221442641,920.0,1068.0,0.8614232209737827,463.0,0.5032608695652174,curve,
0.1662697486046451,922.0,1068.0,0.8632958801498127,465.0,0.5043383947939262,curve,
0.1611483712368846,924.0,1068.0,0.8651685393258427,465.0,0.5032467532467532,curve,
0.1608156205995937,925.0,1068.0,0.8661048689138576,466.0,0.5037837837837837,curve,
0.1606953789381415,926.0,1068.0,0.8670411985018726,467.0,0.5043196544276458,curve,
0.1605385323709197,927.0,1068.0,0.8679775280898876,467.0,0.5037756202804746,curve,
0.1590383323294052,928.0,1068.0,0.8689138576779026,468.0,0.5043103448275861,curve,
0.1587590481257102,929.0,1068.0,0.8698501872659175,469.0,0.5048439181916039,curve,
0.1557129917895167,930.0,1068.0,0.8707865168539326,470.0,0.5053763440860215,curve,
0.155282382799898,931.0,1068.0,0.8717228464419475,471.0,0.505907626208378,curve,
0.15462658536518,932.0,1068.0,0.8726591760299625,472.0,0.5064377682403433,curve,
0.1545902281147754,933.0,1068.0,0.8735955056179775,473.0,0.5069667738478028,curve,
0.1541085282239038,934.0,1068.0,0.8745318352059925,474.0,0.5074946466809421,curve,
0.1530999173338763,935.0,1068.0,0.8754681647940074,475.0,0.5080213903743315,curve,
0.1527183594446991,936.0,1068.0,0.8764044943820225,476.0,0.5085470085470085,curve,
0.1524357489484905,937.0,1068.0,0.8773408239700374,477.0,0.5090715048025612,curve,
0.1502441088155387,938.0,1068.0,0.8782771535580524,478.0,0.509594882729211,curve,
0.1496639149208106,939.0,1068.0,0.8792134831460674,478.0,0.5090521831735889,curve,
0.1494585835256303,940.0,1068.0,0.8801498127340824,479.0,0.5095744680851064,curve,
0.1489809686922919,941.0,1068.0,0.8810861423220973,480.0,0.5100956429330499,curve,
0.148953133355324,942.0,1068.0,0.8820224719101124,480.0,0.5095541401273885,curve,
0.1482616638849996,944.0,1068.0,0.8838951310861423,480.0,0.5084745762711864,curve,
0.1479645402554204,945.0,1068.0,0.8848314606741573,481.0,0.508994708994709,curve,
0.1474218464822047,946.0,1068.0,0.8857677902621723,482.0,0.5095137420718816,curve,
0.1472587618440622,947.0,1068.0,0.8867041198501872,483.0,0.5100316789862724,curve,
0.1469488470642649,948.0,1068.0,0.8876404494382021,484.0,0.510548523206751,curve,
0.1453535681385532,950.0,1068.0,0.889513108614232,486.0,0.511578947368421,curve,
0.1453241341688563,951.0,1068.0,0.8904494382022472,487.0,0.5120925341745531,curve,
0.1447395441730004,952.0,1068.0,0.8913857677902621,488.0,0.5126050420168066,curve,
0.142993682011291,953.0,1068.0,0.8923220973782771,489.0,0.5131164742917103,curve,
0.1419753608705647,955.0,1068.0,0.8941947565543071,489.0,0.512041884816754,curve,
0.1409333436079623,956.0,1068.0,0.895131086142322,490.0,0.5125523012552301,curve,
0.1406998277172211,957.0,1068.0,0.8960674157303371,491.0,0.5130616509926855,curve,
0.1390248932161201,958.0,1068.0,0.897003745318352,492.0,0.5135699373695198,curve,
0.138729607944569,959.0,1068.0,0.897940074906367,492.0,0.5130344108446298,curve,
0.1386596405464597,960.0,1068.0,0.898876404494382,493.0,0.5135416666666666,curve,
0.1372351040720916,961.0,1068.0,0.899812734082397,494.0,0.514047866805411,curve,
0.1365086843607237,963.0,1068.0,0.901685393258427,496.0,0.5150571131879543,curve,
0.1364901124201616,964.0,1068.0,0.902621722846442,496.0,0.5145228215767634,curve,
0.1363386791691022,965.0,1068.0,0.9035580524344567,497.0,0.5150259067357513,curve,
0.1363118466658127,966.0,1068.0,0.904494382022472,498.0,0.5155279503105589,curve,
0.1357221593061887,967.0,1068.0,0.9054307116104868,498.0,0.514994829369183,curve,
0.1351008065515853,968.0,1068.0,0.9063670411985018,499.0,0.515495867768595,curve,
0.1348000014622809,969.0,1068.0,0.9073033707865168,500.0,0.5159958720330237,curve,
0.1326489769950659,970.0,1068.0,0.9082397003745318,501.0,0.5164948453608247,curve,
0.1321086531187929,971.0,1068.0,0.9091760299625468,502.0,0.5169927909371782,curve,
0.1312781178781083,972.0,1068.0,0.9101123595505618,503.0,0.5174897119341563,curve,
0.1282875293842794,973.0,1068.0,0.9110486891385768,504.0,0.5179856115107913,curve,
0.1281572131444835,974.0,1068.0,0.9119850187265915,505.0,0.5184804928131416,curve,
0.124924894160278,975.0,1068.0,0.9129213483146068,506.0,0.518974358974359,curve,
0.124128912866574,976.0,1068.0,0.9138576779026216,507.0,0.519467213114754,curve,
0.1234779157837556,977.0,1068.0,0.9147940074906366,508.0,0.5199590583418628,curve,
0.1234155636608857,978.0,1068.0,0.9157303370786516,509.0,0.5204498977505112,curve,
0.1223857888672799,979.0,1068.0,0.9166666666666666,510.0,0.5209397344228804,curve,
0.1206715707417129,981.0,1068.0,0.9185393258426966,512.0,0.5219164118246687,curve,
0.1206083316533806,982.0,1068.0,0.9194756554307116,513.0,0.5224032586558045,curve,
0.1201889377571221,983.0,1068.0,0.9204119850187265,514.0,0.5228891149542217,curve,
0.1201671840922935,984.0,1068.0,0.9213483146067416,515.0,0.5233739837398373,curve,
0.1191661002623235,985.0,1068.0,0.9222846441947564,516.0,0.5238578680203045,curve,
0.1175555258039631,986.0,1068.0,0.9232209737827716,517.0,0.5243407707910751,curve,
0.1172994096075291,987.0,1068.0,0.9241573033707864,518.0,0.5248226950354609,curve,
0.1170455702232828,988.0,1068.0,0.9250936329588016,519.0,0.5253036437246964,curve,
0.1169975208275512,989.0,1068.0,0.9260299625468164,520.0,0.5257836198179979,curve,
0.1164673550685041,990.0,1068.0,0.9269662921348316,521.0,0.5262626262626262,curve,
0.1160841341167277,991.0,1068.0,0.9279026217228464,522.0,0.5267406659939455,curve,
0.115934506688385,992.0,1068.0,0.9288389513108614,523.0,0.5272177419354838,curve,
0.1147145853263489,993.0,1068.0,0.9297752808988764,524.0,0.5276938569989928,curve,
0.1131362990624294,994.0,1068.0,0.9307116104868914,524.0,0.5271629778672032,curve,
0.1124528778568111,995.0,1068.0,0.9316479400749064,524.0,0.5266331658291457,curve,
0.1122250017823573,996.0,1068.0,0.9325842696629212,525.0,0.5271084337349397,curve,
0.1118323429628109,997.0,1068.0,0.9335205992509364,526.0,0.5275827482447341,curve,
0.1108084844838337,998.0,1068.0,0.9344569288389512,527.0,0.5280561122244489,curve,
0.1107131987936798,999.0,1068.0,0.9353932584269664,528.0,0.5285285285285285,curve,
0.1104664110790519,1000.0,1068.0,0.9363295880149812,529.0,0.529,curve,
0.1102663515826997,1001.0,1068.0,0.9372659176029962,530.0,0.5294705294705294,curve,
0.1102065864251805,1002.0,1068.0,0.9382022471910112,531.0,0.529940119760479,curve,
0.1099642152199934,1003.0,1068.0,0.9391385767790262,532.0,0.5304087736789631,curve,
0.1085726125769833,1004.0,1068.0,0.9400749063670412,533.0,0.5308764940239044,curve,
0.1083613722287687,1005.0,1068.0,0.9410112359550562,534.0,0.5313432835820896,curve,
0.1079163834380471,1006.0,1068.0,0.9419475655430712,535.0,0.5318091451292246,curve,
0.1074092838058949,1007.0,1068.0,0.942883895131086,536.0,0.5322740814299901,curve,
0.10513876543817,1008.0,1068.0,0.9438202247191012,537.0,0.5327380952380952,curve,
0.1051151401012972,1009.0,1068.0,0.944756554307116,538.0,0.5332011892963329,curve,
0.1046661918544185,1010.0,1068.0,0.945692883895131,539.0,0.5336633663366336,curve,
0.103755023945974,1012.0,1068.0,0.947565543071161,541.0,0.5345849802371541,curve,
0.1031344255060913,1013.0,1068.0,0.948501872659176,542.0,0.5350444225074038,curve,
0.1009766794889233,1015.0,1068.0,0.950374531835206,544.0,0.5359605911330048,curve,
0.1008991708756856,1016.0,1068.0,0.9513108614232209,545.0,0.5364173228346457,curve,
0.1008750060301116,1017.0,1068.0,0.952247191011236,546.0,0.5368731563421829,curve,
0.0997532451769111,1018.0,1068.0,0.9531835205992508,547.0,0.537328094302554,curve,
0.0995862455484333,1019.0,1068.0,0.954119850187266,548.0,0.5377821393523062,curve,
0.0995199265653071,1020.0,1068.0,0.9550561797752808,549.0,0.538235294117647,curve,
0.099210529338684,1021.0,1068.0,0.9559925093632958,550.0,0.5386875612144955,curve,
0.0986536829478064,1022.0,1068.0,0.9569288389513108,551.0,0.5391389432485322,curve,
0.0985532579752338,1023.0,1068.0,0.9578651685393258,552.0,0.5395894428152492,curve,
0.0982992121627012,1024.0,1068.0,0.9588014981273408,552.0,0.5390625,curve,
0.0980632969287532,1025.0,1068.0,0.9597378277153557,552.0,0.5385365853658536,curve,
0.0977153146566137,1026.0,1068.0,0.9606741573033708,553.0,0.5389863547758283,curve,
0.0974432710639365,1027.0,1068.0,0.9616104868913856,554.0,0.5394352482960078,curve,
0.0959302058095382,1029.0,1068.0,0.9634831460674156,556.0,0.5403304178814383,curve,
0.0954286575446599,1030.0,1068.0,0.9644194756554308,557.0,0.5407766990291261,curve,
0.0948526843795147,1031.0,1068.0,0.9653558052434456,558.0,0.5412221144519883,curve,
0.0925107257536004,1032.0,1068.0,0.9662921348314608,558.0,0.5406976744186046,curve,
0.0919832008708951,1033.0,1068.0,0.9672284644194756,559.0,0.5411423039690223,curve,
0.0898277053069952,1034.0,1068.0,0.9681647940074906,560.0,0.5415860735009671,curve,
0.0894290388636452,1035.0,1068.0,0.9691011235955056,561.0,0.5420289855072464,curve,
0.0891698569940307,1036.0,1068.0,0.9700374531835206,562.0,0.5424710424710425,curve,
0.0886488785108683,1037.0,1068.0,0.9709737827715356,563.0,0.5429122468659595,curve,
0.0886227123655035,1038.0,1068.0,0.9719101123595506,564.0,0.5433526011560693,curve,
0.0885896846344801,1039.0,1068.0,0.9728464419475656,565.0,0.5437921077959575,curve,
0.0884247719364182,1040.0,1068.0,0.9737827715355803,566.0,0.5442307692307691,curve,
0.0874084073226353,1041.0,1068.0,0.9747191011235956,567.0,0.5446685878962536,curve,
0.0871063564894295,1042.0,1068.0,0.9756554307116104,568.0,0.54510556621881,curve,
0.0863033723542547,1043.0,1068.0,0.9765917602996254,569.0,0.5455417066155321,curve,
0.0837239108766808,1044.0,1068.0,0.9775280898876404,570.0,0.5459770114942529,curve,
0.0835933744144334,1045.0,1068.0,0.9784644194756554,571.0,0.5464114832535885,curve,
0.083414287400201,1046.0,1068.0,0.9794007490636704,572.0,0.5468451242829828,curve,
0.0827221710593853,1047.0,1068.0,0.9803370786516854,573.0,0.5472779369627507,curve,
0.0826434337583796,1049.0,1068.0,0.9822097378277151,575.0,0.548141086749285,curve,
0.0824286009020359,1050.0,1068.0,0.9831460674157304,576.0,0.5485714285714286,curve,
0.0807706255002822,1051.0,1068.0,0.9840823970037452,577.0,0.5490009514747858,curve,
0.08068909033812,1052.0,1068.0,0.9850187265917602,578.0,0.5494296577946767,curve,
0.0803630846510869,1053.0,1068.0,0.9859550561797752,579.0,0.5498575498575498,curve,
0.0792098156597183,1054.0,1068.0,0.9868913857677902,580.0,0.5502846299810246,curve,
0.0790192144265926,1055.0,1068.0,0.9878277153558052,581.0,0.5507109004739336,curve,
0.0777884046381697,1056.0,1068.0,0.9887640449438202,582.0,0.5511363636363636,curve,
0.0775894283253069,1057.0,1068.0,0.9897003745318352,583.0,0.5515610217596972,curve,
0.0766113899693342,1058.0,1068.0,0.99063670411985,583.0,0.5510396975425331,curve,
0.0764614167222495,1059.0,1068.0,0.9915730337078652,583.0,0.550519357884797,curve,
0.0760928899033562,1060.0,1068.0,0.99250936329588,583.0,0.55,curve,
0.0759319732047435,1061.0,1068.0,0.9934456928838952,584.0,0.5504241281809613,curve,
0.0727520802475373,1063.0,1068.0,0.9953183520599252,586.0,0.5512699905926622,curve,
0.0725580759153742,1064.0,1068.0,0.99625468164794,587.0,0.5516917293233082,curve,
0.0692437489925336,1066.0,1068.0,0.99812734082397,589.0,0.5525328330206379,curve,
0.0666398233043765,1067.0,1068.0,0.999063670411985,590.0,0.5529522024367384,curve,
0.0551017640434774,1068.0,1068.0,1.0,591.0,0.5533707865168539,curve,
0.0,1068.0,1068.0,1.0,591.0,0.5533707865168539,curve,
0.7976647044899571,,,0.0271535580524344,,0.0344827586206896,operating_point,0.05
0.7838454251283709,,,0.0430711610486891,,0.0869565217391304,operating_point,0.1
0.6779617685497638,,,0.1123595505617977,,0.2,operating_point,0.2
