threshold,answered_count,total_count,coverage,unsafe_answered_count,selective_risk
0.85466399037540275,0,1068,0,0,
0.85466399037540264,2,1068,0.0018726591760299626,0,0
0.85187121910129027,4,1068,0.0037453183520599251,0,0
0.84418169366667051,5,1068,0.0046816479400749065,0,0
0.8436262115204074,6,1068,0.0056179775280898875,0,0
0.84177369989705864,8,1068,0.0074906367041198503,0,0
0.8404066295717616,9,1068,0.0084269662921348312,0,0
0.83982221055736328,11,1068,0.010299625468164793,0,0
0.83475467625579625,13,1068,0.012172284644194757,0,0
0.83461474080957243,14,1068,0.013108614232209739,0,0
0.82725478139056052,16,1068,0.014981273408239701,0,0
0.82698965731877161,17,1068,0.015917602996254682,0,0
0.82317130659796345,18,1068,0.016853932584269662,0,0
0.81839232505117809,19,1068,0.017790262172284643,0,0
0.81287881608953472,20,1068,0.018726591760299626,0,0
0.81012186187984681,22,1068,0.020599250936329586,0,0
0.81007147065401519,23,1068,0.02153558052434457,0,0
0.80746671418606197,24,1068,0.02247191011235955,0,0
0.80267018752785668,25,1068,0.023408239700374533,0,0
0.80256410741187378,26,1068,0.024344569288389514,0,0
0.80153518158422776,27,1068,0.025280898876404494,0,0
0.79973274034695885,28,1068,0.026217228464419477,1,0.035714285714285712
0.79766470448995719,29,1068,0.027153558052434457,1,0.034482758620689655
0.79697400189105017,30,1068,0.028089887640449437,2,0.066666666666666666
0.79694427274511392,31,1068,0.029026217228464421,2,0.064516129032258063
0.7964023224098109,32,1068,0.029962546816479401,2,0.0625
0.792865059484681,33,1068,0.030898876404494381,2,0.060606060606060608
0.79142379822503828,35,1068,0.032771535580524341,2,0.057142857142857141
0.79098610118040935,36,1068,0.033707865168539325,3,0.083333333333333329
0.79051256535286307,37,1068,0.034644194756554308,3,0.081081081081081086
0.78893638005227795,38,1068,0.035580524344569285,3,0.078947368421052627
0.78651814734254621,39,1068,0.036516853932584269,3,0.076923076923076927
0.7853879219959824,41,1068,0.038389513108614229,3,0.073170731707317069
0.78463739190303183,42,1068,0.039325842696629212,4,0.095238095238095233
0.78426968636626637,44,1068,0.041198501872659173,4,0.090909090909090912
0.78384542512837085,46,1068,0.04307116104868914,4,0.086956521739130432
0.78351033366126055,47,1068,0.044007490636704123,5,0.10638297872340426
0.78288644899866233,49,1068,0.045880149812734083,5,0.10204081632653061
0.77834513215764423,50,1068,0.046816479400749067,6,0.12
0.77731359202309624,51,1068,0.047752808988764044,6,0.11764705882352941
0.77699494705426375,52,1068,0.048689138576779027,6,0.11538461538461539
0.77402983194509645,53,1068,0.049625468164794011,6,0.11320754716981132
0.77396008312427467,54,1068,0.050561797752808987,7,0.12962962962962962
0.77355455596825784,55,1068,0.051498127340823971,7,0.12727272727272726
0.77352262972944441,56,1068,0.052434456928838954,7,0.125
0.77172575247413711,57,1068,0.053370786516853931,7,0.12280701754385964
0.77062657773073817,58,1068,0.054307116104868915,8,0.13793103448275862
0.76870394528872454,59,1068,0.055243445692883898,8,0.13559322033898305
0.76797860614546842,60,1068,0.056179775280898875,8,0.13333333333333333
0.76739856015129215,61,1068,0.057116104868913858,8,0.13114754098360656
0.76353078635402549,62,1068,0.058052434456928842,9,0.14516129032258066
0.76339863296047838,63,1068,0.058988764044943819,9,0.14285714285714285
0.76289892866412501,64,1068,0.059925093632958802,9,0.140625
0.76050101399010139,65,1068,0.060861423220973786,9,0.13846153846153847
0.75884316970691257,67,1068,0.062734082397003746,9,0.13432835820895522
0.75820525367130198,68,1068,0.063670411985018729,9,0.13235294117647059
0.75798018296288872,69,1068,0.064606741573033713,9,0.13043478260869565
0.74904508338988685,70,1068,0.065543071161048683,9,0.12857142857142856
0.74866096927867387,71,1068,0.066479400749063666,9,0.12676056338028169
0.74769397400600335,72,1068,0.06741573033707865,9,0.125
0.74714229563911472,73,1068,0.068352059925093633,9,0.12328767123287671
0.74674504341833858,74,1068,0.069288389513108617,9,0.12162162162162163
0.74645728488180385,75,1068,0.0702247191011236,9,0.12
0.74587827995262779,76,1068,0.07116104868913857,9,0.11842105263157894
0.74275194154636093,77,1068,0.072097378277153554,9,0.11688311688311688
0.74243037036762816,78,1068,0.073033707865168537,10,0.12820512820512819
0.74238407750849078,79,1068,0.073970037453183521,10,0.12658227848101267
0.74140194785998681,80,1068,0.074906367041198504,10,0.125
0.74116564168950994,81,1068,0.075842696629213488,10,0.12345679012345678
0.74002031238871879,82,1068,0.076779026217228458,11,0.13414634146341464
0.73868011785706711,83,1068,0.077715355805243441,11,0.13253012048192772
0.73848778307914653,84,1068,0.078651685393258425,11,0.13095238095238096
0.73722438052954886,85,1068,0.079588014981273408,12,0.14117647058823529
0.73611731122880231,86,1068,0.080524344569288392,12,0.13953488372093023
0.73416371975540717,87,1068,0.081460674157303375,12,0.13793103448275862
0.73363546746196928,88,1068,0.082397003745318345,13,0.14772727272727273
0.7325555588884638,89,1068,0.083333333333333329,13,0.14606741573033707
0.7320202322257211,90,1068,0.084269662921348312,13,0.14444444444444443
0.73192727143526359,91,1068,0.085205992509363296,13,0.14285714285714285
0.73145152522159962,92,1068,0.086142322097378279,14,0.15217391304347827
0.73066015260450756,93,1068,0.087078651685393263,14,0.15053763440860216
0.72938037026994873,94,1068,0.088014981273408247,14,0.14893617021276595
0.72588438145195922,95,1068,0.088951310861423216,14,0.14736842105263157
0.7253781724181253,96,1068,0.0898876404494382,14,0.14583333333333334
0.72346734940864132,97,1068,0.090823970037453183,14,0.14432989690721648
0.7226641210324114,98,1068,0.091760299625468167,14,0.14285714285714285
0.71973861216560164,99,1068,0.09269662921348315,14,0.14141414141414141
0.71474362580605066,100,1068,0.093632958801498134,15,0.14999999999999999
0.71445443498895533,101,1068,0.094569288389513104,15,0.14851485148514851
0.71288592374001292,102,1068,0.095505617977528087,16,0.15686274509803921
0.71109168315473803,103,1068,0.096441947565543071,17,0.1650485436893204
0.70997653632898905,104,1068,0.097378277153558054,17,0.16346153846153846
0.70817913943651045,105,1068,0.098314606741573038,18,0.17142857142857143
0.706055189614333,107,1068,0.10018726591760299,18,0.16822429906542055
0.70449182077826356,108,1068,0.10112359550561797,19,0.17592592592592593
0.7040021437861026,109,1068,0.10205992509363296,20,0.1834862385321101
0.70330236478171637,110,1068,0.10299625468164794,20,0.18181818181818182
0.7032721407708975,111,1068,0.10393258426966293,21,0.1891891891891892
0.70012743082339945,112,1068,0.10486891385767791,21,0.1875
0.69858868788721673,113,1068,0.10580524344569288,22,0.19469026548672566
0.6943353812754911,115,1068,0.10767790262172285,22,0.19130434782608696
0.68931651242193281,116,1068,0.10861423220973783,22,0.18965517241379309
0.68437763580815369,117,1068,0.10955056179775281,23,0.19658119658119658
0.68031635982137184,118,1068,0.1104868913857678,24,0.20338983050847459
0.67917424527672843,119,1068,0.11142322097378277,24,0.20168067226890757
0.67796176854976375,120,1068,0.11235955056179775,24,0.20000000000000001
0.67598504231633572,121,1068,0.11329588014981273,25,0.20661157024793389
0.67063045087307693,122,1068,0.11423220973782772,25,0.20491803278688525
0.67061328002487552,123,1068,0.1151685393258427,26,0.21138211382113822
0.66967485804369753,124,1068,0.11610486891385768,26,0.20967741935483872
0.66802767402730412,125,1068,0.11704119850187265,26,0.20799999999999999
0.66710400453035945,126,1068,0.11797752808988764,26,0.20634920634920634
0.66566276371458888,127,1068,0.11891385767790262,27,0.2125984251968504
0.6654848891988222,128,1068,0.1198501872659176,28,0.21875
0.66375686564864356,129,1068,0.12078651685393259,28,0.21705426356589147
0.6635835850791344,130,1068,0.12172284644194757,29,0.22307692307692309
0.66178199437647867,131,1068,0.12265917602996254,29,0.22137404580152673
0.66158451074909763,132,1068,0.12359550561797752,30,0.22727272727272727
0.66102859915126888,133,1068,0.12453183520599251,30,0.22556390977443608
0.66094328782557032,134,1068,0.12546816479400749,30,0.22388059701492538
0.66076943455705717,135,1068,0.12640449438202248,31,0.22962962962962963
0.65980480821809595,136,1068,0.12734082397003746,32,0.23529411764705882
0.65959321926185033,137,1068,0.12827715355805244,33,0.24087591240875914
0.65921929180073935,139,1068,0.13014981273408241,33,0.23741007194244604
0.65908798470581098,140,1068,0.13108614232209737,34,0.24285714285714285
0.65875255943299327,141,1068,0.13202247191011235,35,0.24822695035460993
0.65852022540893074,142,1068,0.13295880149812733,35,0.24647887323943662
0.65834807742010881,143,1068,0.13389513108614232,35,0.24475524475524477
0.65606981856374436,144,1068,0.1348314606741573,35,0.24305555555555555
0.65400497284502368,145,1068,0.13576779026217228,35,0.2413793103448276
0.65383182539447537,147,1068,0.13764044943820225,35,0.23809523809523808
0.65282392801376776,148,1068,0.13857677902621723,36,0.24324324324324326
0.65143238378082857,149,1068,0.13951310861423222,36,0.24161073825503357
0.64994380166251176,151,1068,0.14138576779026218,36,0.23841059602649006
0.64694321981677572,152,1068,0.14232209737827714,36,0.23684210526315788
0.6412083428088462,153,1068,0.14325842696629212,36,0.23529411764705882
0.63679970838226141,154,1068,0.14419475655430711,37,0.24025974025974026
0.63672459561581618,155,1068,0.14513108614232209,38,0.24516129032258063
0.63642607707463683,157,1068,0.14700374531835206,38,0.24203821656050956
0.63558481803873157,158,1068,0.14794007490636704,39,0.24683544303797469
0.63322330132674842,159,1068,0.14887640449438203,39,0.24528301886792453
0.63254530660458785,160,1068,0.14981273408239701,40,0.25
0.63129518337121682,161,1068,0.15074906367041199,41,0.25465838509316768
0.63039722125323494,162,1068,0.15168539325842698,42,0.25925925925925924
0.629599569614123,163,1068,0.15262172284644196,43,0.26380368098159507
0.62888501851423162,164,1068,0.15355805243445692,44,0.26829268292682928
0.62869839653459991,165,1068,0.1544943820224719,44,0.26666666666666666
0.6285598313458669,166,1068,0.15543071161048688,45,0.27108433734939757
0.62706330212190919,167,1068,0.15636704119850187,46,0.27544910179640719
0.62495150078407735,168,1068,0.15730337078651685,47,0.27976190476190477
0.62426194398132717,169,1068,0.15823970037453183,47,0.27810650887573962
0.62337352689209813,171,1068,0.1601123595505618,47,0.27485380116959063
0.62211014007082677,172,1068,0.16104868913857678,48,0.27906976744186046
0.62162265357568358,173,1068,0.16198501872659177,48,0.2774566473988439
0.62101197559903709,175,1068,0.16385767790262173,48,0.2742857142857143
0.62059884961153211,176,1068,0.16479400749063669,49,0.27840909090909088
0.61885432447836819,177,1068,0.16573033707865167,49,0.2768361581920904
0.61834274440209347,179,1068,0.16760299625468164,49,0.27374301675977653
0.61772865763452034,180,1068,0.16853932584269662,50,0.27777777777777779
0.61402800518800482,181,1068,0.16947565543071161,51,0.28176795580110497
0.61213200710467497,182,1068,0.17041198501872659,51,0.28021978021978022
0.60999554640391485,183,1068,0.17134831460674158,52,0.28415300546448086
0.60983832937262639,185,1068,0.17322097378277154,52,0.2810810810810811
0.60690473452835814,187,1068,0.17509363295880151,52,0.27807486631016043
0.60621294403115233,188,1068,0.17602996254681649,53,0.28191489361702127
0.60609077571564085,189,1068,0.17696629213483145,54,0.2857142857142857
0.60575644147911578,190,1068,0.17790262172284643,54,0.28421052631578947
0.60566053068141745,191,1068,0.17883895131086142,54,0.28272251308900526
0.60547500195813364,192,1068,0.1797752808988764,55,0.28645833333333331
0.60480857797696497,193,1068,0.18071161048689138,55,0.28497409326424872
0.603211900695659,194,1068,0.18164794007490637,56,0.28865979381443296
0.60195027347239161,195,1068,0.18258426966292135,57,0.29230769230769232
0.60136560298447639,196,1068,0.18352059925093633,57,0.29081632653061223
0.59848179924653222,197,1068,0.18445692883895132,57,0.28934010152284262
0.59842310359392925,198,1068,0.1853932584269663,57,0.2878787878787879
0.59646173502627742,199,1068,0.18632958801498128,57,0.28643216080402012
0.59561179086823424,201,1068,0.18820224719101122,57,0.28358208955223879
0.59207488981842749,202,1068,0.18913857677902621,57,0.28217821782178215
0.59184307018390148,203,1068,0.19007490636704119,57,0.28078817733990147
0.59112089716661742,204,1068,0.19101123595505617,58,0.28431372549019607
0.5908210904132738,205,1068,0.19194756554307116,59,0.28780487804878047
0.58741394185260487,206,1068,0.19288389513108614,59,0.28640776699029125
0.58630171891107863,207,1068,0.19382022471910113,59,0.28502415458937197
0.58561395293669249,208,1068,0.19475655430711611,59,0.28365384615384615
0.58404174527792507,209,1068,0.19569288389513109,59,0.28229665071770332
0.58401820810297989,210,1068,0.19662921348314608,59,0.28095238095238095
0.58349630405312325,211,1068,0.19756554307116106,59,0.27962085308056872
0.58210278328658904,212,1068,0.19850187265917604,59,0.27830188679245282
0.58185434837373506,213,1068,0.199438202247191,60,0.28169014084507044
0.58149785458562453,214,1068,0.20037453183520598,60,0.28037383177570091
0.5781242937655523,215,1068,0.20131086142322097,60,0.27906976744186046
0.57761922446289082,216,1068,0.20224719101123595,60,0.27777777777777779
0.57271557304433118,217,1068,0.20318352059925093,61,0.28110599078341014
0.57170410279706563,218,1068,0.20411985018726592,61,0.27981651376146788
0.57154003200288128,219,1068,0.2050561797752809,62,0.28310502283105021
0.57097115195560466,220,1068,0.20599250936329588,63,0.28636363636363638
0.568764987913986,221,1068,0.20692883895131087,63,0.28506787330316741
0.56741442688408361,222,1068,0.20786516853932585,64,0.28828828828828829
0.56726307517335972,223,1068,0.20880149812734083,64,0.28699551569506726
0.56648832505338598,224,1068,0.20973782771535582,64,0.2857142857142857
0.56586410594680225,225,1068,0.21067415730337077,65,0.28888888888888886
0.56544645108798441,226,1068,0.21161048689138576,66,0.29203539823008851
0.56434802851729904,227,1068,0.21254681647940074,66,0.29074889867841408
0.56403075424997795,228,1068,0.21348314606741572,67,0.29385964912280704
0.56318022105894927,229,1068,0.21441947565543071,68,0.29694323144104806
0.56261904938527296,231,1068,0.21629213483146068,68,0.2943722943722944
0.56164051851815311,232,1068,0.21722846441947566,68,0.29310344827586204
0.56128851172200467,233,1068,0.21816479400749064,69,0.29613733905579398
0.56018748693174503,234,1068,0.21910112359550563,69,0.29487179487179488
0.56014632127288078,236,1068,0.22097378277153559,69,0.2923728813559322
0.55983949767280261,237,1068,0.22191011235955055,69,0.29113924050632911
0.55949282892894769,238,1068,0.22284644194756553,70,0.29411764705882354
0.55948316759445815,239,1068,0.22378277153558052,71,0.29707112970711297
0.55764448104465447,240,1068,0.2247191011235955,71,0.29583333333333334
0.55751278930413828,241,1068,0.22565543071161048,72,0.29875518672199169
0.55727409354523894,242,1068,0.22659176029962547,72,0.2975206611570248
0.55675320374759074,243,1068,0.22752808988764045,73,0.30041152263374488
0.5565482492942716,244,1068,0.22846441947565543,74,0.30327868852459017
0.5543885706525068,245,1068,0.22940074906367042,75,0.30612244897959184
0.55175665571934085,246,1068,0.2303370786516854,76,0.30894308943089432
0.55081612863644536,247,1068,0.23127340823970038,77,0.31174089068825911
0.55019109457298465,248,1068,0.23220973782771537,77,0.31048387096774194
0.54922725215821433,249,1068,0.23314606741573032,78,0.31325301204819278
0.54738515028222967,250,1068,0.23408239700374531,79,0.316
0.54689689708946421,251,1068,0.23501872659176029,80,0.31872509960159362
0.54527699637770077,252,1068,0.23595505617977527,80,0.31746031746031744
0.54420553041437492,253,1068,0.23689138576779026,80,0.31620553359683795
0.54419075831258523,254,1068,0.23782771535580524,80,0.31496062992125984
0.5424193412030196,255,1068,0.23876404494382023,80,0.31372549019607843
0.54166816934859496,256,1068,0.23970037453183521,81,0.31640625
0.54152006755467774,257,1068,0.24063670411985019,81,0.31517509727626458
0.5414920328339714,258,1068,0.24157303370786518,81,0.31395348837209303
0.54004832847622675,259,1068,0.24250936329588016,81,0.31274131274131273
0.53984012489433497,260,1068,0.24344569288389514,81,0.31153846153846154
0.53914049004411968,261,1068,0.2443820224719101,82,0.31417624521072796
0.53892448952715877,262,1068,0.24531835205992508,83,0.31679389312977096
0.53539097448876394,264,1068,0.24719101123595505,83,0.31439393939393939
0.53280688468225013,265,1068,0.24812734082397003,83,0.31320754716981131
0.53229226926022077,266,1068,0.24906367041198502,84,0.31578947368421051
0.53102922061648206,267,1068,0.25,85,0.31835205992509363
0.53052723377336475,269,1068,0.25187265917602997,85,0.31598513011152418
0.53017219788145165,270,1068,0.25280898876404495,86,0.31851851851851853
0.52897414198863046,272,1068,0.25468164794007492,86,0.31617647058823528
0.52489115296204969,273,1068,0.2556179775280899,86,0.31501831501831501
0.52362026886155222,274,1068,0.25655430711610488,87,0.31751824817518248
0.52312354433553976,275,1068,0.25749063670411987,87,0.31636363636363635
0.52234046782628329,276,1068,0.25842696629213485,88,0.3188405797101449
0.52165534408351499,277,1068,0.25936329588014984,88,0.3176895306859206
0.52119804638507872,278,1068,0.26029962546816482,89,0.32014388489208634
0.51852846668989627,279,1068,0.2612359550561798,89,0.31899641577060933
0.51843860526603858,280,1068,0.26217228464419473,89,0.31785714285714284
0.51767835675763796,281,1068,0.26310861423220971,89,0.31672597864768681
0.51751039909853125,282,1068,0.2640449438202247,90,0.31914893617021278
0.51717954777350716,283,1068,0.26498127340823968,91,0.32155477031802121
0.51672246410836975,284,1068,0.26591760299625467,92,0.323943661971831
0.51639876391545048,285,1068,0.26685393258426965,93,0.32631578947368423
0.51617857721235472,286,1068,0.26779026217228463,93,0.32517482517482516
0.51413042186069091,287,1068,0.26872659176029962,94,0.32752613240418116
0.51331025743813241,288,1068,0.2696629213483146,95,0.3298611111111111
0.51328742600218746,289,1068,0.27059925093632958,96,0.33217993079584773
0.5122923916712484,290,1068,0.27153558052434457,96,0.33103448275862069
0.51222297283462626,291,1068,0.27247191011235955,97,0.33333333333333331
0.50858147569565848,292,1068,0.27340823970037453,98,0.33561643835616439
0.50817215209443356,293,1068,0.27434456928838952,99,0.33788395904436858
0.50511256456059384,294,1068,0.2752808988764045,100,0.3401360544217687
0.50507674709997352,295,1068,0.27621722846441948,100,0.33898305084745761
0.50415799117349436,296,1068,0.27715355805243447,101,0.34121621621621623
0.5036807171128328,297,1068,0.27808988764044945,102,0.34343434343434343
0.50331837872139951,298,1068,0.27902621722846443,103,0.34563758389261745
0.50246870865373094,299,1068,0.27996254681647942,104,0.34782608695652173
0.50128421624788144,300,1068,0.2808988764044944,104,0.34666666666666668
0.5007224514028682,301,1068,0.28183520599250939,104,0.34551495016611294
0.5007117028100988,302,1068,0.28277153558052437,105,0.34768211920529801
0.50055313570470694,303,1068,0.28370786516853935,105,0.34653465346534651
0.49972697045237191,305,1068,0.28558052434456926,105,0.34426229508196721
0.49932609053104843,306,1068,0.28651685393258425,106,0.34640522875816993
0.49906187702404115,307,1068,0.28745318352059923,107,0.34853420195439738
0.49811215127785458,308,1068,0.28838951310861421,107,0.34740259740259738
0.49763642450216089,309,1068,0.2893258426966292,108,0.34951456310679613
0.49761544157182747,310,1068,0.29026217228464418,108,0.34838709677419355
0.49756386313677009,311,1068,0.29119850187265917,108,0.34726688102893893
0.49694413707321949,312,1068,0.29213483146067415,109,0.34935897435897434
0.49485385198550763,313,1068,0.29307116104868913,110,0.3514376996805112
0.49475450353068351,314,1068,0.29400749063670412,110,0.3503184713375796
0.49461354215342301,315,1068,0.2949438202247191,111,0.35238095238095241
0.49435326772369642,316,1068,0.29588014981273408,111,0.35126582278481011
0.4933652733737533,317,1068,0.29681647940074907,111,0.35015772870662459
0.49232668084589842,318,1068,0.29775280898876405,112,0.3522012578616352
0.49203017381632391,319,1068,0.29868913857677903,112,0.35109717868338558
0.49188748022302492,320,1068,0.29962546816479402,113,0.35312500000000002
0.49150888288595829,321,1068,0.300561797752809,114,0.35514018691588783
0.49047768866408853,322,1068,0.30149812734082398,115,0.35714285714285715
0.48963809641768097,323,1068,0.30243445692883897,115,0.35603715170278638
0.48875306865308149,324,1068,0.30337078651685395,116,0.35802469135802467
0.48704678125033585,325,1068,0.30430711610486894,116,0.3569230769230769
0.48589186042698479,326,1068,0.30524344569288392,116,0.35582822085889571
0.48493877020213022,327,1068,0.3061797752808989,117,0.3577981651376147
0.48465212433919425,328,1068,0.30711610486891383,118,0.3597560975609756
0.48324477153750761,329,1068,0.30805243445692881,119,0.36170212765957449
0.48145380644883279,330,1068,0.3089887640449438,120,0.36363636363636365
0.4805286275614698,331,1068,0.30992509363295878,121,0.36555891238670696
0.47973462553453816,332,1068,0.31086142322097376,122,0.36746987951807231
0.47950146182315279,333,1068,0.31179775280898875,123,0.36936936936936937
0.47947688408837497,334,1068,0.31273408239700373,123,0.36826347305389223
0.47842226846114816,335,1068,0.31367041198501872,124,0.37014925373134328
0.47819584827412931,336,1068,0.3146067415730337,124,0.36904761904761907
0.4779604462689469,337,1068,0.31554307116104868,125,0.37091988130563797
0.47746687049574243,339,1068,0.31741573033707865,125,0.36873156342182889
0.47735910315849989,340,1068,0.31835205992509363,126,0.37058823529411766
0.47729388045220433,341,1068,0.31928838951310862,126,0.36950146627565983
0.47718133959167908,342,1068,0.3202247191011236,127,0.37134502923976609
0.47685571716221764,343,1068,0.32116104868913858,128,0.37317784256559766
0.4760283138907685,344,1068,0.32209737827715357,129,0.375
0.47574440747563407,345,1068,0.32303370786516855,129,0.37391304347826088
0.47574342312459156,346,1068,0.32397003745318353,129,0.37283236994219654
0.47562809080907148,347,1068,0.32490636704119852,129,0.37175792507204614
0.47424473958288005,348,1068,0.3258426966292135,130,0.37356321839080459
0.47417842077154004,349,1068,0.32677902621722849,131,0.37535816618911177
0.47395943098430487,350,1068,0.32771535580524347,131,0.37428571428571428
0.47376001594763817,351,1068,0.32865168539325845,131,0.37321937321937321
0.47375247521377661,352,1068,0.32958801498127338,132,0.375
0.47329574643258682,353,1068,0.33052434456928836,133,0.37677053824362605
0.47311597216005913,354,1068,0.33146067415730335,134,0.37853107344632769
0.47129536326526561,355,1068,0.33239700374531833,134,0.37746478873239436
0.47082753763983176,356,1068,0.33333333333333331,134,0.37640449438202245
0.47055171809460633,357,1068,0.3342696629213483,135,0.37815126050420167
0.47012473518289466,359,1068,0.33614232209737827,135,0.37604456824512533
0.46968849979239075,360,1068,0.33707865168539325,136,0.37777777777777777
0.46947087705831908,361,1068,0.33801498127340823,137,0.37950138504155123
0.468968586129548,362,1068,0.33895131086142322,137,0.37845303867403313
0.4682983298861767,363,1068,0.3398876404494382,138,0.38016528925619836
0.46808367846103338,364,1068,0.34082397003745318,139,0.38186813186813184
0.46753878480024541,365,1068,0.34176029962546817,140,0.38356164383561642
0.46717099943086549,366,1068,0.34269662921348315,140,0.38251366120218577
0.46646919844285573,367,1068,0.34363295880149813,140,0.38147138964577659
0.46618601794023479,368,1068,0.34456928838951312,141,0.38315217391304346
0.46525389374149945,369,1068,0.3455056179775281,142,0.38482384823848237
0.46503346394502415,370,1068,0.34644194756554308,142,0.38378378378378381
0.46451924539330713,371,1068,0.34737827715355807,143,0.38544474393530997
0.463958296868201,372,1068,0.34831460674157305,144,0.38709677419354838
0.46341022245388075,373,1068,0.34925093632958804,145,0.38873994638069703
0.46335919301917816,374,1068,0.35018726591760302,145,0.38770053475935828
0.46300618895568463,375,1068,0.351123595505618,146,0.38933333333333331
0.46287614395735771,376,1068,0.35205992509363299,147,0.39095744680851063
0.46262479458597267,378,1068,0.3539325842696629,147,0.3888888888888889
0.46252793669238229,379,1068,0.35486891385767788,147,0.38786279683377306
0.46248887564978147,380,1068,0.35580524344569286,147,0.38684210526315788
0.46245159819204124,381,1068,0.35674157303370785,148,0.3884514435695538
0.46235324982968268,382,1068,0.35767790262172283,149,0.3900523560209424
0.46204671007861858,383,1068,0.35861423220973782,149,0.38903394255874674
0.46117320453947747,384,1068,0.3595505617977528,150,0.390625
0.46006026058414801,385,1068,0.36048689138576778,151,0.39220779220779223
0.45772737400429553,386,1068,0.36142322097378277,151,0.39119170984455959
0.45763100835779791,387,1068,0.36235955056179775,152,0.39276485788113696
0.45592235854379853,388,1068,0.36329588014981273,152,0.39175257731958762
0.4556852866435579,389,1068,0.36423220973782772,152,0.39074550128534702
0.45511499869462951,390,1068,0.3651685393258427,152,0.38974358974358975
0.45475530687825866,391,1068,0.36610486891385768,153,0.39130434782608697
0.45464412864261078,392,1068,0.36704119850187267,154,0.39285714285714285
0.45415218582102979,393,1068,0.36797752808988765,155,0.3944020356234097
0.45376830607080865,394,1068,0.36891385767790263,156,0.39593908629441626
0.45286652789545984,395,1068,0.36985018726591762,157,0.39746835443037976
0.45203659830227094,396,1068,0.3707865168539326,157,0.39646464646464646
0.45130092543661071,397,1068,0.37172284644194759,157,0.39546599496221663
0.45106404215218832,399,1068,0.37359550561797755,157,0.39348370927318294
0.45090774280667195,400,1068,0.37453183520599254,157,0.39250000000000002
0.45085331346589103,401,1068,0.37546816479400746,157,0.39152119700748128
0.45035883596598014,402,1068,0.37640449438202245,158,0.39303482587064675
0.44939803691406177,403,1068,0.37734082397003743,159,0.39454094292803971
0.44776911262042857,404,1068,0.37827715355805241,159,0.39356435643564358
0.44710039423391462,406,1068,0.38014981273408238,159,0.39162561576354682
0.4470757379519984,407,1068,0.38108614232209737,159,0.39066339066339067
0.44699631468882867,408,1068,0.38202247191011235,159,0.38970588235294118
0.44662056412280421,409,1068,0.38295880149812733,160,0.39119804400977998
0.44658237204529844,410,1068,0.38389513108614232,161,0.39268292682926831
0.44587409694863483,411,1068,0.3848314606741573,161,0.39172749391727496
0.44536267775517469,412,1068,0.38576779026217228,162,0.39320388349514562
0.44447573394360473,413,1068,0.38670411985018727,162,0.39225181598062953
0.44394870630108302,414,1068,0.38764044943820225,162,0.39130434782608697
0.44273698809650486,415,1068,0.38857677902621723,163,0.39277108433734942
0.44242606692753761,416,1068,0.38951310861423222,164,0.39423076923076922
0.44230367695689393,417,1068,0.3904494382022472,165,0.39568345323741005
0.44116139270735805,419,1068,0.39232209737827717,165,0.3937947494033413
0.43795094422404052,420,1068,0.39325842696629215,166,0.39523809523809522
0.43776514456684867,421,1068,0.39419475655430714,167,0.39667458432304037
0.43719149841329641,422,1068,0.39513108614232212,168,0.3981042654028436
0.43593542343419306,423,1068,0.3960674157303371,168,0.3971631205673759
0.43567382168422331,424,1068,0.39700374531835209,169,0.39858490566037735
0.43448956141897954,425,1068,0.39794007490636701,170,0.40000000000000002
0.43243411090927486,426,1068,0.398876404494382,170,0.39906103286384975
0.43099811821022055,427,1068,0.39981273408239698,170,0.39812646370023419
0.43026447376183635,429,1068,0.40168539325842695,170,0.39627039627039629
0.42989596645364342,430,1068,0.40262172284644193,171,0.39767441860465114
0.42986956245458258,431,1068,0.40355805243445692,172,0.39907192575406031
0.42969860706170043,432,1068,0.4044943820224719,173,0.40046296296296297
0.42962927334332623,434,1068,0.40636704119850187,175,0.40322580645161288
0.42948552897164671,436,1068,0.40823970037453183,175,0.40137614678899081
0.42946757792807633,437,1068,0.40917602996254682,175,0.40045766590389015
0.4292641872972725,438,1068,0.4101123595505618,175,0.3995433789954338
0.42916995442177042,439,1068,0.41104868913857678,175,0.39863325740318906
0.42634051802133532,440,1068,0.41198501872659177,175,0.39772727272727271
0.42512537986461696,441,1068,0.41292134831460675,176,0.39909297052154197
0.42451902154668547,442,1068,0.41385767790262173,177,0.40045248868778283
0.42288534753267981,443,1068,0.41479400749063672,177,0.39954853273137697
0.42216359071496717,444,1068,0.4157303370786517,178,0.40090090090090091
0.4218972552364158,445,1068,0.41666666666666669,179,0.40224719101123596
0.42059736446563217,446,1068,0.41760299625468167,180,0.40358744394618834
0.42051835118400338,447,1068,0.41853932584269665,180,0.40268456375838924
0.42043038585460707,448,1068,0.41947565543071164,181,0.40401785714285715
0.42033365084635843,449,1068,0.42041198501872662,182,0.40534521158129178
0.42012696849881087,450,1068,0.42134831460674155,183,0.40666666666666668
0.42009140661416855,451,1068,0.42228464419475653,184,0.4079822616407982
0.41927292748369349,452,1068,0.42322097378277151,184,0.40707964601769914
0.41741585986673629,453,1068,0.4241573033707865,185,0.4083885209713024
0.41608638034231088,454,1068,0.42509363295880148,186,0.40969162995594716
0.41532980031923178,455,1068,0.42602996254681647,186,0.40879120879120878
0.41466249507781733,456,1068,0.42696629213483145,186,0.40789473684210525
0.41441606574889611,457,1068,0.42790262172284643,187,0.40919037199124725
0.41339923451727129,458,1068,0.42883895131086142,187,0.40829694323144106
0.41313045769407097,459,1068,0.4297752808988764,187,0.40740740740740738
0.41253246586180997,460,1068,0.43071161048689138,188,0.40869565217391307
0.41248910639404812,461,1068,0.43164794007490637,189,0.40997830802603036
0.41124555521441941,462,1068,0.43258426966292135,189,0.40909090909090912
0.41058896331172212,464,1068,0.43445692883895132,189,0.40732758620689657
0.41015345760557959,465,1068,0.4353932584269663,189,0.40645161290322579
0.40971599666154235,466,1068,0.43632958801498128,189,0.40557939914163088
0.40919805513781998,467,1068,0.43726591760299627,190,0.4068522483940043
0.40898543113474189,468,1068,0.43820224719101125,191,0.40811965811965811
0.40890872700448028,469,1068,0.43913857677902624,191,0.40724946695095948
0.40816314322246716,470,1068,0.44007490636704122,191,0.40638297872340423
0.40780285622965456,471,1068,0.4410112359550562,191,0.40552016985138006
0.40766946595060921,473,1068,0.44288389513108617,191,0.40380549682875266
0.40742435675991961,474,1068,0.4438202247191011,192,0.4050632911392405
0.40674448454577711,475,1068,0.44475655430711608,192,0.40421052631578946
0.40672622871202735,476,1068,0.44569288389513106,193,0.40546218487394958
0.40513677713870927,477,1068,0.44662921348314605,193,0.40461215932914046
0.40508093241326226,478,1068,0.44756554307116103,194,0.40585774058577406
0.40473911535768575,479,1068,0.44850187265917602,194,0.40501043841336115
0.4035032206199064,480,1068,0.449438202247191,195,0.40625
0.40278746722086295,481,1068,0.45037453183520598,196,0.40748440748440751
0.40260849058054959,482,1068,0.45131086142322097,196,0.40663900414937759
0.40225524571454052,483,1068,0.45224719101123595,197,0.40786749482401657
0.40085333827791675,484,1068,0.45318352059925093,197,0.40702479338842973
0.40019498581380303,485,1068,0.45411985018726592,197,0.40618556701030928
0.39982020985036121,486,1068,0.4550561797752809,198,0.40740740740740738
0.39941355485996094,487,1068,0.45599250936329588,198,0.40657084188911702
0.39902928345738287,488,1068,0.45692883895131087,199,0.40778688524590162
0.39897401580796643,489,1068,0.45786516853932585,200,0.40899795501022496
0.39858516531252647,490,1068,0.45880149812734083,201,0.41020408163265304
0.39844085443794236,491,1068,0.45973782771535582,202,0.41140529531568226
0.39679105577768403,492,1068,0.4606741573033708,203,0.41260162601626016
0.39591853074391881,493,1068,0.46161048689138579,203,0.41176470588235292
0.39474472667512006,494,1068,0.46254681647940077,203,0.41093117408906882
0.39473569618486726,495,1068,0.46348314606741575,204,0.41212121212121211
0.39439775342263633,496,1068,0.46441947565543074,205,0.41330645161290325
0.39348087690574962,497,1068,0.46535580524344572,206,0.41448692152917505
0.39240097110468497,498,1068,0.46629213483146065,206,0.41365461847389556
0.392400599367277,499,1068,0.46722846441947563,206,0.41282565130260523
0.39198480888265752,500,1068,0.46816479400749061,206,0.41199999999999998
0.39164844810870192,501,1068,0.4691011235955056,206,0.41117764471057883
0.39146162496789777,502,1068,0.47003745318352058,207,0.41235059760956178
0.39134227494600593,503,1068,0.47097378277153557,207,0.41153081510934392
0.39104293531633788,504,1068,0.47191011235955055,208,0.41269841269841268
0.39082904317799477,505,1068,0.47284644194756553,208,0.41188118811881186
0.39033915243380651,506,1068,0.47378277153558052,209,0.41304347826086957
0.38912090609161987,507,1068,0.4747191011235955,210,0.41420118343195267
0.38835056362235909,508,1068,0.47565543071161048,211,0.4153543307086614
0.38783641061226515,509,1068,0.47659176029962547,211,0.41453831041257366
0.38704735649746191,510,1068,0.47752808988764045,211,0.4137254901960784
0.38698428291152237,511,1068,0.47846441947565543,211,0.41291585127201563
0.38677784925073577,512,1068,0.47940074906367042,211,0.412109375
0.38634838752104295,513,1068,0.4803370786516854,212,0.41325536062378165
0.38576946523196981,514,1068,0.48127340823970038,213,0.4143968871595331
0.3855782335541465,515,1068,0.48220973782771537,213,0.41359223300970877
0.38543030702305159,517,1068,0.48408239700374533,213,0.41199226305609282
0.38541853035728507,518,1068,0.48501872659176032,213,0.41119691119691121
0.38433691603038272,519,1068,0.4859550561797753,213,0.41040462427745666
0.38315564045878397,520,1068,0.48689138576779029,214,0.41153846153846152
0.37894617920784579,521,1068,0.48782771535580527,215,0.41266794625719772
0.3786891998406528,522,1068,0.4887640449438202,215,0.4118773946360153
0.37852449244202224,523,1068,0.48970037453183518,215,0.41108986615678778
0.3779248769909529,524,1068,0.49063670411985016,216,0.41221374045801529
0.37754107693919986,525,1068,0.49157303370786515,216,0.41142857142857142
0.3774649490646389,526,1068,0.49250936329588013,217,0.41254752851711024
0.37734115429245907,527,1068,0.49344569288389512,217,0.41176470588235292
0.37681273357516532,528,1068,0.4943820224719101,217,0.41098484848484851
0.37638546279065427,530,1068,0.49625468164794007,217,0.40943396226415096
0.37636278467210066,531,1068,0.49719101123595505,218,0.41054613935969869
0.37515893747449347,532,1068,0.49812734082397003,218,0.40977443609022557
0.37493250791839261,534,1068,0.5,218,0.40823970037453183
0.37453039968172802,535,1068,0.50093632958801493,218,0.40747663551401869
0.37340444465817563,536,1068,0.50187265917602997,218,0.40671641791044777
0.37263697981053151,537,1068,0.5028089887640449,219,0.40782122905027934
0.37191425133826961,538,1068,0.50374531835205993,219,0.40706319702602228
0.3718843647697993,539,1068,0.50468164794007486,219,0.40630797773654914
0.3710750820104764,540,1068,0.5056179775280899,219,0.40555555555555556
0.37063794589479776,541,1068,0.50655430711610483,219,0.40480591497227358
0.37056366520781303,543,1068,0.5084269662921348,221,0.40699815837937386
0.36966835406997245,544,1068,0.50936329588014984,222,0.40808823529411764
0.36951786113742835,545,1068,0.51029962546816476,222,0.40733944954128443
0.36875444559378251,546,1068,0.5112359550561798,222,0.40659340659340659
0.36855427139856328,547,1068,0.51217228464419473,222,0.40585009140767825
0.36845152187821678,548,1068,0.51310861423220977,223,0.40693430656934304
0.36839379127393856,549,1068,0.5140449438202247,224,0.40801457194899821
0.36838163016657366,550,1068,0.51498127340823974,225,0.40909090909090912
0.3682739462055829,551,1068,0.51591760299625467,225,0.40834845735027225
0.36800539903481039,552,1068,0.5168539325842697,225,0.40760869565217389
0.36755988335386464,553,1068,0.51779026217228463,226,0.40867992766726946
0.3657679727250453,554,1068,0.51872659176029967,227,0.40974729241877256
0.36378031494163893,555,1068,0.5196629213483146,228,0.41081081081081083
0.36351431153900621,556,1068,0.52059925093632964,228,0.41007194244604317
0.36157286245792342,557,1068,0.52153558052434457,229,0.4111310592459605
0.36108835459102939,558,1068,0.52247191011235961,229,0.4103942652329749
0.36054342074221396,559,1068,0.52340823970037453,230,0.41144901610017887
0.35993989928386216,560,1068,0.52434456928838946,231,0.41249999999999998
0.35986650506936735,561,1068,0.5252808988764045,231,0.41176470588235292
0.35913599122267992,562,1068,0.52621722846441943,232,0.41281138790035588
0.35871186647477082,563,1068,0.52715355805243447,233,0.41385435168738899
0.35835724374478856,564,1068,0.5280898876404494,233,0.41312056737588654
0.35733743006300678,566,1068,0.52996254681647936,233,0.41166077738515899
0.35671880100318049,567,1068,0.5308988764044944,234,0.41269841269841268
0.35652242288694519,568,1068,0.53183520599250933,234,0.4119718309859155
0.3541487128275646,569,1068,0.53277153558052437,234,0.41124780316344461
0.35392483376305006,570,1068,0.5337078651685393,235,0.41228070175438597
0.35346588884488106,571,1068,0.53464419475655434,236,0.41330998248686512
0.35309264677281255,572,1068,0.53558052434456926,237,0.41433566433566432
0.35297456030662788,573,1068,0.5365168539325843,237,0.41361256544502617
0.3528133356329694,574,1068,0.53745318352059923,238,0.41463414634146339
0.35272247120664074,575,1068,0.53838951310861427,239,0.41565217391304349
0.35258577377438483,576,1068,0.5393258426966292,240,0.41666666666666669
0.35236006742483789,577,1068,0.54026217228464424,240,0.41594454072790293
0.35194867974568794,578,1068,0.54119850187265917,241,0.41695501730103807
0.35127566859381276,579,1068,0.5421348314606742,241,0.41623488773747841
0.35055778167686613,580,1068,0.54307116104868913,242,0.41724137931034483
0.35029158025462059,581,1068,0.54400749063670417,243,0.41824440619621345
0.35001719204192033,582,1068,0.5449438202247191,244,0.41924398625429554
0.34998769807651053,583,1068,0.54588014981273403,245,0.42024013722126929
0.34983986232325021,584,1068,0.54681647940074907,246,0.42123287671232879
0.34946763157507627,585,1068,0.547752808988764,247,0.42222222222222222
0.34931050123206425,587,1068,0.54962546816479396,247,0.42078364565587734
0.3491914260928784,589,1068,0.55149812734082393,247,0.41935483870967744
0.34823010305467955,590,1068,0.55243445692883897,248,0.42033898305084744
0.34811028023637408,591,1068,0.5533707865168539,249,0.42131979695431471
0.3480897404589991,592,1068,0.55430711610486894,249,0.42060810810810811
0.34616499516884797,593,1068,0.55524344569288386,249,0.41989881956155145
0.34545447440833393,594,1068,0.5561797752808989,249,0.41919191919191917
0.3441527816679863,595,1068,0.55711610486891383,249,0.41848739495798321
0.3436540281641568,596,1068,0.55805243445692887,249,0.41778523489932884
0.34147427953815374,597,1068,0.5589887640449438,249,0.41708542713567837
0.34059292772402783,598,1068,0.55992509363295884,250,0.41806020066889632
0.33958706564748853,599,1068,0.56086142322097376,250,0.41736227045075125
0.33953931355857603,600,1068,0.5617977528089888,251,0.41833333333333333
0.33930722960819143,602,1068,0.56367041198501877,251,0.4169435215946844
0.33917692619708351,603,1068,0.5646067415730337,252,0.41791044776119401
0.33789467071909185,604,1068,0.56554307116104874,252,0.41721854304635764
0.3377250491271489,605,1068,0.56647940074906367,253,0.41818181818181815
0.33759272143950353,606,1068,0.56741573033707871,254,0.41914191419141916
0.33706221488808102,607,1068,0.56835205992509363,255,0.42009884678747939
0.33647867475590526,608,1068,0.56928838951310856,256,0.42105263157894735
0.33632386042980833,609,1068,0.5702247191011236,257,0.42200328407224957
0.33584547834482731,610,1068,0.57116104868913853,257,0.42131147540983604
0.33556816633085773,611,1068,0.57209737827715357,257,0.42062193126022912
0.33509655378913006,612,1068,0.5730337078651685,258,0.42156862745098039
0.33404060622484627,613,1068,0.57397003745318353,258,0.42088091353996737
0.33398951061805626,614,1068,0.57490636704119846,258,0.4201954397394137
0.33393205960903233,615,1068,0.5758426966292135,258,0.4195121951219512
0.33377771153902136,617,1068,0.57771535580524347,260,0.42139384116693679
0.33354302842187344,618,1068,0.5786516853932584,261,0.42233009708737862
0.33328920548535484,619,1068,0.57958801498127344,262,0.42326332794830374
0.33311634766764536,620,1068,0.58052434456928836,263,0.42419354838709677
0.33251091342526234,621,1068,0.5814606741573034,264,0.4251207729468599
0.33106867884723767,622,1068,0.58239700374531833,264,0.42443729903536975
0.32997171271300918,623,1068,0.58333333333333337,264,0.42375601926163725
0.32943099209771215,624,1068,0.5842696629213483,264,0.42307692307692307
0.3292602834744679,625,1068,0.58520599250936334,264,0.4224
0.32782700114619712,626,1068,0.58614232209737827,264,0.4217252396166134
0.32776772017617417,627,1068,0.5870786516853933,264,0.42105263157894735
0.3276976814642979,628,1068,0.58801498127340823,264,0.42038216560509556
0.32769151141756514,629,1068,0.58895131086142327,264,0.41971383147853736
0.32753821530844318,630,1068,0.5898876404494382,264,0.41904761904761906
0.32737350239399177,631,1068,0.59082397003745324,264,0.41838351822503961
0.32682879225966022,632,1068,0.59176029962546817,264,0.41772151898734178
0.32574307853476864,633,1068,0.59269662921348309,264,0.41706161137440756
0.32549064938967698,634,1068,0.59363295880149813,264,0.41640378548895901
0.32466408052197504,635,1068,0.59456928838951306,264,0.41574803149606299
0.32438964120675878,636,1068,0.5955056179775281,264,0.41509433962264153
0.32352180125231517,637,1068,0.59644194756554303,265,0.41601255886970173
0.32347692139041473,638,1068,0.59737827715355807,266,0.41692789968652039
0.32319983252944112,639,1068,0.598314606741573,266,0.41627543035993742
0.32252974605931528,640,1068,0.59925093632958804,267,0.41718749999999999
0.32131503264710831,641,1068,0.60018726591760296,268,0.41809672386895474
0.32112763495084529,642,1068,0.601123595505618,268,0.4174454828660436
0.32054096687853356,643,1068,0.60205992509363293,269,0.41835147744945567
0.320040162083708,644,1068,0.60299625468164797,269,0.41770186335403725
0.32000210977243321,645,1068,0.6039325842696629,269,0.41705426356589148
0.318585196551251,646,1068,0.60486891385767794,269,0.41640866873065013
0.31842795447407696,647,1068,0.60580524344569286,269,0.41576506955177744
0.31813377307055801,648,1068,0.6067415730337079,270,0.41666666666666669
0.31646917501656557,649,1068,0.60767790262172283,271,0.41756548536209553
0.31633384565998596,650,1068,0.60861423220973787,271,0.4169230769230769
0.31591659545028422,651,1068,0.6095505617977528,271,0.41628264208909371
0.31460553699912475,652,1068,0.61048689138576784,272,0.41717791411042943
0.3132169473728284,653,1068,0.61142322097378277,273,0.41807044410413474
0.31291924774985502,654,1068,0.61235955056179781,273,0.41743119266055045
0.31277599216615248,655,1068,0.61329588014981273,274,0.41832061068702292
0.31269788226315209,656,1068,0.61423220973782766,274,0.41768292682926828
0.31054230052693821,657,1068,0.6151685393258427,275,0.41856925418569252
0.31029302392669494,658,1068,0.61610486891385763,276,0.41945288753799392
0.31021896960861489,659,1068,0.61704119850187267,277,0.4203338391502276
0.30919054987474204,660,1068,0.6179775280898876,277,0.41969696969696968
0.30862477483785866,661,1068,0.61891385767790263,277,0.41906202723146746
0.30841827424517237,662,1068,0.61985018726591756,278,0.41993957703927492
0.30773527963403813,663,1068,0.6207865168539326,279,0.42081447963800905
0.30769786661414622,665,1068,0.62265917602996257,279,0.41954887218045112
0.30660031258458909,666,1068,0.6235955056179775,280,0.42042042042042044
0.30626879201258161,667,1068,0.62453183520599254,281,0.42128935532233885
0.30529481918717194,668,1068,0.62546816479400746,282,0.42215568862275449
0.30523461836265919,669,1068,0.6264044943820225,283,0.42301943198804187
0.30478784426635269,670,1068,0.62734082397003743,284,0.42388059701492536
0.30437650510835673,672,1068,0.6292134831460674,284,0.42261904761904762
0.30341433216118641,673,1068,0.63014981273408244,285,0.42347696879643387
0.3032465127195354,674,1068,0.63108614232209737,286,0.42433234421364985
0.30303870221820628,675,1068,0.6320224719101124,287,0.42518518518518517
0.30232901260760614,676,1068,0.63295880149812733,287,0.42455621301775148
0.30224185046686869,677,1068,0.63389513108614237,287,0.4239290989660266
0.30213685507512333,678,1068,0.6348314606741573,287,0.42330383480825956
0.30177487979690376,679,1068,0.63576779026217234,287,0.42268041237113402
0.3010379696847123,680,1068,0.63670411985018727,287,0.42205882352941176
0.30010554383350596,681,1068,0.63764044943820219,288,0.42290748898678415
0.29985107392077948,682,1068,0.63857677902621723,289,0.42375366568914957
0.29951585407146897,683,1068,0.63951310861423216,290,0.424597364568082
0.29943662907020169,684,1068,0.6404494382022472,291,0.42543859649122806
0.29869892757971145,685,1068,0.64138576779026213,291,0.42481751824817521
0.29852923198019815,686,1068,0.64232209737827717,291,0.42419825072886297
0.29773697021941681,687,1068,0.6432584269662921,292,0.42503639010189226
0.29606175223744696,688,1068,0.64419475655430714,293,0.42587209302325579
0.29584711581995377,689,1068,0.64513108614232206,294,0.42670537010159654
0.29556863639804332,691,1068,0.64700374531835203,294,0.42547033285094066
0.29517266300056322,692,1068,0.64794007490636707,294,0.42485549132947975
0.29515363411382706,693,1068,0.648876404494382,295,0.42568542568542567
0.29389274541297516,694,1068,0.64981273408239704,296,0.4265129682997118
0.29338996897109842,695,1068,0.65074906367041196,297,0.42733812949640287
0.29242494114031842,696,1068,0.651685393258427,298,0.42816091954022989
0.29060213284457603,697,1068,0.65262172284644193,298,0.42754662840746055
0.29032793953628083,698,1068,0.65355805243445697,298,0.42693409742120342
0.28874222421689127,700,1068,0.65543071161048694,298,0.42571428571428571
0.28868459652018053,701,1068,0.65636704119850187,299,0.42653352353780316
0.28848825329012662,702,1068,0.65730337078651691,300,0.42735042735042733
0.28775094005658602,703,1068,0.65823970037453183,301,0.42816500711237554
0.28730207644477679,704,1068,0.65917602996254676,302,0.42897727272727271
0.2862159670525532,705,1068,0.6601123595505618,303,0.4297872340425532
0.28604173212790834,706,1068,0.66104868913857673,304,0.43059490084985835
0.28581518322420857,707,1068,0.66198501872659177,305,0.43140028288543142
0.28573588388022492,708,1068,0.6629213483146067,306,0.43220338983050849
0.28570511217177236,709,1068,0.66385767790262173,307,0.43300423131170662
0.28519090117372675,710,1068,0.66479400749063666,307,0.43239436619718308
0.28469405681048848,711,1068,0.6657303370786517,307,0.4317862165963432
0.28465881697809597,712,1068,0.66666666666666663,307,0.4311797752808989
0.28369180956718287,713,1068,0.66760299625468167,308,0.43197755960729312
0.28360812054833651,714,1068,0.6685393258426966,308,0.43137254901960786
0.28244381965578386,715,1068,0.66947565543071164,308,0.43076923076923079
0.28210244071948798,716,1068,0.67041198501872656,309,0.43156424581005587
0.28150375256591503,717,1068,0.6713483146067416,309,0.43096234309623432
0.28136346351324026,718,1068,0.67228464419475653,310,0.43175487465181056
0.28077177391176744,719,1068,0.67322097378277157,311,0.43254520166898469
0.27843393732633448,720,1068,0.6741573033707865,311,0.43194444444444446
0.27608945650636457,721,1068,0.67509363295880154,312,0.43273231622746183
0.27590925733065591,722,1068,0.67602996254681647,312,0.43213296398891965
0.27578317631753979,723,1068,0.6769662921348315,312,0.43153526970954359
0.27535542384220035,724,1068,0.67790262172284643,312,0.43093922651933703
0.27473138593322033,725,1068,0.67883895131086147,312,0.4303448275862069
0.27348886690659885,726,1068,0.6797752808988764,312,0.42975206611570249
0.27170210246071247,728,1068,0.68164794007490637,312,0.42857142857142855
0.27165528824751384,729,1068,0.68258426966292129,312,0.4279835390946502
0.27129445106936939,730,1068,0.68352059925093633,313,0.42876712328767125
0.271265494295655,731,1068,0.68445692883895126,314,0.42954856361149113
0.27109947774533971,732,1068,0.6853932584269663,314,0.42896174863387976
0.27086485838174695,733,1068,0.68632958801498123,315,0.42974079126875853
0.27035615757714943,734,1068,0.68726591760299627,316,0.4305177111716621
0.26784018452869485,735,1068,0.6882022471910112,317,0.43129251700680271
0.26750163796407916,736,1068,0.68913857677902624,318,0.43206521739130432
0.26626564000368314,737,1068,0.69007490636704116,319,0.43283582089552236
0.26380944754141444,738,1068,0.6910112359550562,320,0.43360433604336046
0.26329634708267269,739,1068,0.69194756554307113,320,0.43301759133964818
0.2624677116520292,740,1068,0.69288389513108617,320,0.43243243243243246
0.261349122856529,741,1068,0.6938202247191011,320,0.4318488529014845
0.25887683053339755,742,1068,0.69475655430711614,321,0.43261455525606468
0.25869948823651806,743,1068,0.69569288389513106,322,0.43337819650067294
0.25818249280475669,744,1068,0.6966292134831461,322,0.43279569892473119
0.25792357949068284,745,1068,0.69756554307116103,322,0.43221476510067114
0.25765954076151898,746,1068,0.69850187265917607,322,0.43163538873994639
0.25758197890828965,747,1068,0.699438202247191,322,0.43105756358768405
0.25742898651413604,748,1068,0.70037453183520604,323,0.43181818181818182
0.25736240686076289,749,1068,0.70131086142322097,324,0.43257676902536718
0.2560702659380053,750,1068,0.702247191011236,325,0.43333333333333335
0.25590903569553303,751,1068,0.70318352059925093,325,0.43275632490013316
0.25420342261350809,752,1068,0.70411985018726597,326,0.43351063829787234
0.252801543550703,753,1068,0.7050561797752809,327,0.43426294820717132
0.25208176901583279,754,1068,0.70599250936329583,328,0.43501326259946949
0.25145618733083619,755,1068,0.70692883895131087,329,0.43576158940397353
0.25116465302090252,756,1068,0.7078651685393258,330,0.43650793650793651
0.25070085787776825,757,1068,0.70880149812734083,331,0.4372523117569353
0.2504825939871117,758,1068,0.70973782771535576,332,0.43799472295514513
0.25017341601413356,759,1068,0.7106741573033708,332,0.43741765480895917
0.24985213708078249,760,1068,0.71161048689138573,333,0.43815789473684208
0.24977132373484617,761,1068,0.71254681647940077,333,0.4375821287779238
0.24905651614951219,762,1068,0.7134831460674157,334,0.43832020997375326
0.24865189367978158,763,1068,0.71441947565543074,335,0.43905635648754915
0.24822858525839439,765,1068,0.7162921348314607,337,0.44052287581699345
0.24653156106940949,767,1068,0.71816479400749067,339,0.44198174706649285
0.24643095338940063,768,1068,0.7191011235955056,340,0.44270833333333331
0.24591965211641323,769,1068,0.72003745318352064,341,0.44343302990897271
0.24343104574811145,770,1068,0.72097378277153557,342,0.44415584415584414
0.24342302158391785,772,1068,0.72284644194756553,344,0.44559585492227977
0.24318922854528005,773,1068,0.72378277153558057,344,0.44501940491591202
0.24275430565629358,774,1068,0.7247191011235955,345,0.44573643410852715
0.24024499950452019,775,1068,0.72565543071161054,346,0.44645161290322583
0.23840386978333025,776,1068,0.72659176029962547,347,0.44716494845360827
0.23774243563708877,777,1068,0.72752808988764039,348,0.44787644787644787
0.23730729895736366,778,1068,0.72846441947565543,349,0.44858611825192801
0.23702810117661546,779,1068,0.72940074906367036,350,0.44929396662387677
0.23650531993130947,780,1068,0.7303370786516854,351,0.45000000000000001
0.23635653248184144,781,1068,0.73127340823970033,352,0.45070422535211269
0.23575787136542256,782,1068,0.73220973782771537,352,0.45012787723785164
0.2354735069616096,783,1068,0.7331460674157303,352,0.44955300127713921
0.23459141555078408,785,1068,0.73501872659176026,354,0.45095541401273886
0.23172642114177247,786,1068,0.7359550561797753,355,0.45165394402035625
0.23127700111041741,787,1068,0.73689138576779023,356,0.45235069885641677
0.22897531999616555,788,1068,0.73782771535580527,356,0.45177664974619292
0.22879995009505749,789,1068,0.7387640449438202,357,0.45247148288973382
0.22813424591370002,790,1068,0.73970037453183524,357,0.45189873417721521
0.22808684850793615,792,1068,0.7415730337078652,359,0.45328282828282829
0.22799540744238184,793,1068,0.74250936329588013,360,0.45397225725094575
0.22782591596783508,794,1068,0.74344569288389517,360,0.45340050377833752
0.22774030069623852,795,1068,0.7443820224719101,361,0.45408805031446542
0.22720384506635588,796,1068,0.74531835205992514,361,0.45351758793969849
0.22602823040586537,797,1068,0.74625468164794007,362,0.45420326223337515
0.22560080826266471,798,1068,0.7471910112359551,363,0.45488721804511278
0.22556096126579211,799,1068,0.74812734082397003,364,0.45556946182728408
0.22500376357739343,800,1068,0.74906367041198507,365,0.45624999999999999
0.22468454552132699,801,1068,0.75,365,0.45568039950062422
0.22429399585251492,803,1068,0.75187265917602997,367,0.45703611457036114
0.22407307779040583,804,1068,0.7528089887640449,368,0.45771144278606968
0.22360357949626306,805,1068,0.75374531835205993,369,0.45838509316770187
0.22165622416854214,806,1068,0.75468164794007486,370,0.45905707196029777
0.22142159021510258,807,1068,0.7556179775280899,371,0.459727385377943
0.22028749913184989,808,1068,0.75655430711610483,371,0.45915841584158418
0.22027138667406021,809,1068,0.75749063670411987,372,0.45982694684796044
0.22015241513092088,810,1068,0.7584269662921348,373,0.46049382716049381
0.21985099783599318,811,1068,0.75936329588014984,374,0.46115906288532676
0.21900834954393458,812,1068,0.76029962546816476,375,0.46182266009852219
0.21734685837478387,813,1068,0.7612359550561798,375,0.46125461254612549
0.21611447637538886,814,1068,0.76217228464419473,376,0.46191646191646191
0.21606281610316183,816,1068,0.7640449438202247,378,0.46323529411764708
0.21560441818768147,817,1068,0.76498127340823974,379,0.46389228886168909
0.21523969549834004,818,1068,0.76591760299625467,380,0.46454767726161367
0.21403130377236609,819,1068,0.7668539325842697,380,0.463980463980464
0.21355824642080723,820,1068,0.76779026217228463,381,0.46463414634146344
0.21251420630436038,821,1068,0.76872659176029967,382,0.46528623629719856
0.21083433675458887,822,1068,0.7696629213483146,383,0.46593673965936738
0.21028453292675786,823,1068,0.77059925093632964,384,0.46658566221142161
0.20912242164202477,824,1068,0.77153558052434457,385,0.46723300970873788
0.20810382580416659,825,1068,0.77247191011235961,386,0.46787878787878789
0.20783520984010109,826,1068,0.77340823970037453,387,0.46852300242130751
0.20753466033833917,827,1068,0.77434456928838946,388,0.46916565900846435
0.20686572632524822,828,1068,0.7752808988764045,389,0.46980676328502413
0.20631017076969266,829,1068,0.77621722846441943,390,0.47044632086851629
0.2049972310647413,830,1068,0.77715355805243447,391,0.47108433734939759
0.20454286995689278,831,1068,0.7780898876404494,392,0.47172081829121543
0.20432270161037216,832,1068,0.77902621722846443,393,0.47235576923076922
0.20291048049544902,833,1068,0.77996254681647936,394,0.4729891956782713
0.20276806262748251,834,1068,0.7808988764044944,395,0.47362110311750599
0.2026469839535458,835,1068,0.78183520599250933,396,0.47425149700598801
0.20221250707192698,836,1068,0.78277153558052437,397,0.47488038277511962
0.20169490932785991,837,1068,0.7837078651685393,398,0.47550776583034648
0.20125667253338364,838,1068,0.78464419475655434,399,0.47613365155131265
0.20122031166347065,839,1068,0.78558052434456926,400,0.47675804529201432
0.19967904025911359,840,1068,0.7865168539325843,401,0.47738095238095241
0.19967608301863563,841,1068,0.78745318352059923,401,0.47681331747919142
0.1993371996034197,842,1068,0.78838951310861427,402,0.47743467933491684
0.19864977961192201,843,1068,0.7893258426966292,402,0.47686832740213525
0.19817153588752429,844,1068,0.79026217228464424,403,0.47748815165876779
0.19815322622842266,845,1068,0.79119850187265917,404,0.47810650887573963
0.19804777420569103,846,1068,0.7921348314606742,405,0.47872340425531917
0.19799568194255229,847,1068,0.79307116104868913,405,0.47815820543093268
0.19734696325169016,848,1068,0.79400749063670417,406,0.47877358490566035
0.19726184316232639,850,1068,0.79588014981273403,408,0.47999999999999998
0.19715356181484089,851,1068,0.79681647940074907,409,0.48061104582843711
0.19641187321687914,852,1068,0.797752808988764,410,0.48122065727699531
0.19555906463489411,853,1068,0.79868913857677903,410,0.4806565064478312
0.19535166402285178,855,1068,0.800561797752809,412,0.48187134502923978
0.19504575235803093,857,1068,0.80243445692883897,414,0.48308051341890312
0.19400722181045307,858,1068,0.8033707865168539,415,0.48368298368298368
0.19383954705069487,859,1068,0.80430711610486894,416,0.48428405122235157
0.19378515080944345,860,1068,0.80524344569288386,416,0.48372093023255813
0.19378218511377024,861,1068,0.8061797752808989,417,0.48432055749128922
0.19377384978565459,862,1068,0.80711610486891383,418,0.48491879350348027
0.19364269378621171,863,1068,0.80805243445692887,419,0.48551564310544609
0.19307925344476737,864,1068,0.8089887640449438,420,0.4861111111111111
0.19235311544297906,865,1068,0.80992509363295884,421,0.48670520231213871
0.19213832763653552,866,1068,0.81086142322097376,422,0.48729792147806006
0.1918710776761389,867,1068,0.8117977528089888,423,0.48788927335640137
0.1916311678561618,868,1068,0.81273408239700373,424,0.48847926267281105
0.19132816627678875,869,1068,0.81367041198501877,425,0.48906789413118529
0.19071964969407865,870,1068,0.8146067415730337,425,0.4885057471264368
0.19044728434638519,871,1068,0.81554307116104874,426,0.48909299655568311
0.1904184718048641,872,1068,0.81647940074906367,427,0.48967889908256879
0.19034460629516975,873,1068,0.81741573033707871,428,0.49026345933562426
0.19021826389502083,874,1068,0.81835205992509363,429,0.49084668192219677
0.19004556811944393,875,1068,0.81928838951310856,430,0.49142857142857144
0.1900072291271995,876,1068,0.8202247191011236,431,0.49200913242009131
0.18992759621519292,877,1068,0.82116104868913853,432,0.4925883694412771
0.1893269981401052,878,1068,0.82209737827715357,433,0.49316628701594534
0.18908517175053691,879,1068,0.8230337078651685,434,0.49374288964732649
0.18906100034673551,880,1068,0.82397003745318353,435,0.49431818181818182
0.18776277856368315,882,1068,0.8258426966292135,437,0.49546485260770973
0.18564124899286966,883,1068,0.82677902621722843,438,0.49603624009060021
0.1853984498641818,884,1068,0.82771535580524347,439,0.49660633484162897
0.18515820525870008,885,1068,0.8286516853932584,440,0.49717514124293788
0.18497117160895743,886,1068,0.82958801498127344,441,0.49774266365688485
0.18470137593225749,887,1068,0.83052434456928836,442,0.49830890642615561
0.18394210423153548,888,1068,0.8314606741573034,443,0.49887387387387389
0.1837925506834055,889,1068,0.83239700374531833,444,0.49943757030371205
0.18310989444443954,890,1068,0.83333333333333337,444,0.49887640449438203
0.1829710268870689,891,1068,0.8342696629213483,445,0.49943883277216611
0.18253799210172186,892,1068,0.83520599250936334,445,0.49887892376681614
0.18117246054004049,893,1068,0.83614232209737827,446,0.49944008958566627
0.180424313409455,894,1068,0.8370786516853933,447,0.5
0.17997675323015977,895,1068,0.83801498127340823,448,0.50055865921787712
0.17946752761430812,896,1068,0.83895131086142327,449,0.5011160714285714
0.17928618597497339,897,1068,0.8398876404494382,449,0.5005574136008919
0.17892790036751854,898,1068,0.84082397003745324,450,0.50111358574610243
0.17816321949913358,899,1068,0.84176029962546817,451,0.50166852057842048
0.17729505469553056,900,1068,0.84269662921348309,452,0.50222222222222224
0.17690444926214866,901,1068,0.84363295880149813,453,0.50277469478357384
0.17676230722274469,902,1068,0.84456928838951306,453,0.50221729490022171
0.17672129258009428,903,1068,0.8455056179775281,453,0.50166112956810627
0.1757186826728557,904,1068,0.84644194756554303,454,0.50221238938053092
0.17522447687298109,905,1068,0.84737827715355807,455,0.50276243093922657
0.17373226525623436,906,1068,0.848314606741573,456,0.50331125827814571
0.1726135050190849,907,1068,0.84925093632958804,457,0.50385887541345098
0.17259570566368354,908,1068,0.85018726591760296,457,0.50330396475770922
0.17213665783486351,909,1068,0.851123595505618,458,0.50385038503850388
0.17213469173567594,910,1068,0.85205992509363293,459,0.50439560439560438
0.17041593991307094,911,1068,0.85299625468164797,460,0.50493962678375415
0.16995153051831416,912,1068,0.8539325842696629,460,0.50438596491228072
0.16925583513156683,913,1068,0.85486891385767794,461,0.50492880613362545
0.16925230376370412,914,1068,0.85580524344569286,461,0.50437636761487969
0.16903843564161378,916,1068,0.85767790262172283,461,0.50327510917030571
0.16875992933913117,917,1068,0.85861423220973787,462,0.50381679389312972
0.16821662987678584,918,1068,0.8595505617977528,462,0.50326797385620914
0.168168219764185,919,1068,0.86048689138576784,462,0.50272034820457023
0.16693612214426418,920,1068,0.86142322097378277,463,0.50326086956521743
0.16626974860464519,922,1068,0.86329588014981273,465,0.50433839479392628
0.16114837123688464,924,1068,0.8651685393258427,465,0.50324675324675328
0.16081562059959373,925,1068,0.86610486891385763,466,0.50378378378378375
0.16069537893814159,926,1068,0.86704119850187267,467,0.50431965442764581
0.1605385323709197,927,1068,0.8679775280898876,467,0.50377562028047462
0.15903833232940526,928,1068,0.86891385767790263,468,0.50431034482758619
0.15875904812571023,929,1068,0.86985018726591756,469,0.5048439181916039
0.15571299178951675,930,1068,0.8707865168539326,470,0.5053763440860215
0.15528238279989803,931,1068,0.87172284644194753,471,0.50590762620837804
0.15462658536518006,932,1068,0.87265917602996257,472,0.50643776824034337
0.15459022811477546,933,1068,0.8735955056179775,473,0.50696677384780275
0.15410852822390386,934,1068,0.87453183520599254,474,0.50749464668094213
0.15309991733387637,935,1068,0.87546816479400746,475,0.50802139037433158
0.15271835944469914,936,1068,0.8764044943820225,476,0.50854700854700852
0.15243574894849055,937,1068,0.87734082397003743,477,0.50907150480256136
0.15024410881553876,938,1068,0.87827715355805247,478,0.50959488272921105
0.14966391492081063,939,1068,0.8792134831460674,478,0.50905218317358891
0.14945858352563032,940,1068,0.88014981273408244,479,0.50957446808510642
0.14898096869229199,941,1068,0.88108614232209737,480,0.51009564293304999
0.14895313335532409,942,1068,0.8820224719101124,480,0.50955414012738853
0.14826166388499962,944,1068,0.88389513108614237,480,0.50847457627118642
0.14796454025542044,945,1068,0.8848314606741573,481,0.508994708994709
0.14742184648220474,946,1068,0.88576779026217234,482,0.5095137420718816
0.14725876184406222,947,1068,0.88670411985018727,483,0.51003167898627244
0.14694884706426498,948,1068,0.88764044943820219,484,0.51054852320675104
0.14535356813855321,950,1068,0.88951310861423216,486,0.51157894736842102
0.14532413416885639,951,1068,0.8904494382022472,487,0.51209253417455314
0.14473954417300047,952,1068,0.89138576779026213,488,0.51260504201680668
0.14299368201129103,953,1068,0.89232209737827717,489,0.51311647429171037
0.14197536087056473,955,1068,0.89419475655430714,489,0.51204188481675394
0.14093334360796239,956,1068,0.89513108614232206,490,0.5125523012552301
0.14069982771722114,957,1068,0.8960674157303371,491,0.51306165099268553
0.13902489321612019,958,1068,0.89700374531835203,492,0.51356993736951984
0.13872960794456904,959,1068,0.89794007490636707,492,0.51303441084462986
0.13865964054645974,960,1068,0.898876404494382,493,0.51354166666666667
0.13723510407209169,961,1068,0.89981273408239704,494,0.51404786680541104
0.13650868436072372,963,1068,0.901685393258427,496,0.51505711318795433
0.1364901124201616,964,1068,0.90262172284644193,496,0.51452282157676343
0.13633867916910225,965,1068,0.90355805243445697,497,0.51502590673575133
0.13631184666581275,966,1068,0.9044943820224719,498,0.51552795031055898
0.13572215930618875,967,1068,0.90543071161048694,498,0.51499482936918306
0.1351008065515853,968,1068,0.90636704119850187,499,0.51549586776859502
0.13480000146228097,969,1068,0.90730337078651691,500,0.51599587203302377
0.13264897699506592,970,1068,0.90823970037453183,501,0.51649484536082479
0.13210865311879291,971,1068,0.90917602996254676,502,0.5169927909371782
0.13127811787810834,972,1068,0.9101123595505618,503,0.51748971193415638
0.12828752938427943,973,1068,0.91104868913857673,504,0.51798561151079137
0.12815721314448358,974,1068,0.91198501872659177,505,0.51848049281314168
0.12492489416027804,975,1068,0.9129213483146067,506,0.51897435897435895
0.12412891286657403,976,1068,0.91385767790262173,507,0.51946721311475408
0.1234779157837556,977,1068,0.91479400749063666,508,0.51995905834186285
0.12341556366088574,978,1068,0.9157303370786517,509,0.5204498977505112
0.12238578886727994,979,1068,0.91666666666666663,510,0.52093973442288044
0.12067157074171299,981,1068,0.9185393258426966,512,0.52191641182466875
0.12060833165338064,982,1068,0.91947565543071164,513,0.5224032586558045
0.12018893775712212,983,1068,0.92041198501872656,514,0.52288911495422175
0.12016718409229357,984,1068,0.9213483146067416,515,0.52337398373983735
0.11916610026232353,985,1068,0.92228464419475653,516,0.52385786802030454
0.11755552580396317,986,1068,0.92322097378277157,517,0.52434077079107511
0.11729940960752915,987,1068,0.9241573033707865,518,0.52482269503546097
0.11704557022328289,988,1068,0.92509363295880154,519,0.5253036437246964
0.1169975208275512,989,1068,0.92602996254681647,520,0.52578361981799793
0.1164673550685041,990,1068,0.9269662921348315,521,0.52626262626262621
0.11608413411672774,991,1068,0.92790262172284643,522,0.52674066599394553
0.11593450668838509,992,1068,0.92883895131086147,523,0.52721774193548387
0.11471458532634896,993,1068,0.9297752808988764,524,0.52769385699899296
0.11313629906242943,994,1068,0.93071161048689144,524,0.52716297786720323
0.11245287785681111,995,1068,0.93164794007490637,524,0.52663316582914577
0.11222500178235734,996,1068,0.93258426966292129,525,0.52710843373493976
0.11183234296281093,997,1068,0.93352059925093633,526,0.52758274824473417
0.11080848448383375,998,1068,0.93445692883895126,527,0.52805611222444893
0.11071319879367988,999,1068,0.9353932584269663,528,0.5285285285285285
0.1104664110790519,1000,1068,0.93632958801498123,529,0.52900000000000003
0.11026635158269971,1001,1068,0.93726591760299627,530,0.52947052947052942
0.1102065864251805,1002,1068,0.9382022471910112,531,0.52994011976047906
0.10996421521999344,1003,1068,0.93913857677902624,532,0.53040877367896311
0.10857261257698339,1004,1068,0.94007490636704116,533,0.53087649402390436
0.10836137222876875,1005,1068,0.9410112359550562,534,0.5313432835820896
0.10791638343804712,1006,1068,0.94194756554307113,535,0.53180914512922461
0.10740928380589491,1007,1068,0.94288389513108617,536,0.53227408142999011
0.10513876543817005,1008,1068,0.9438202247191011,537,0.53273809523809523
0.10511514010129727,1009,1068,0.94475655430711614,538,0.53320118929633298
0.1046661918544185,1010,1068,0.94569288389513106,539,0.53366336633663369
0.10375502394597406,1012,1068,0.94756554307116103,541,0.53458498023715417
0.10313442550609132,1013,1068,0.94850187265917607,542,0.53504442250740381
0.10097667948892332,1015,1068,0.95037453183520604,544,0.53596059113300487
0.10089917087568567,1016,1068,0.95131086142322097,545,0.53641732283464572
0.1008750060301116,1017,1068,0.952247191011236,546,0.53687315634218291
0.099753245176911143,1018,1068,0.95318352059925093,547,0.53732809430255402
0.099586245548433303,1019,1068,0.95411985018726597,548,0.53778213935230623
0.099519926565307101,1020,1068,0.9550561797752809,549,0.53823529411764703
0.099210529338684086,1021,1068,0.95599250936329583,550,0.53868756121449557
0.098653682947806465,1022,1068,0.95692883895131087,551,0.53913894324853229
0.098553257975233899,1023,1068,0.9578651685393258,552,0.53958944281524923
0.098299212162701211,1024,1068,0.95880149812734083,552,0.5390625
0.098063296928753207,1025,1068,0.95973782771535576,552,0.53853658536585369
0.097715314656613761,1026,1068,0.9606741573033708,553,0.53898635477582846
0.097443271063936507,1027,1068,0.96161048689138573,554,0.53943524829600775
0.095930205809538205,1029,1068,0.9634831460674157,556,0.54033041788143832
0.095428657544659942,1030,1068,0.96441947565543074,557,0.54077669902912617
0.094852684379514704,1031,1068,0.96535580524344566,558,0.54122211445198831
0.092510725753600462,1032,1068,0.9662921348314607,558,0.54069767441860461
0.091983200870895121,1033,1068,0.96722846441947563,559,0.5411423039690223
0.089827705306995201,1034,1068,0.96816479400749067,560,0.5415860735009671
0.089429038863645213,1035,1068,0.9691011235955056,561,0.54202898550724643
0.089169856994030738,1036,1068,0.97003745318352064,562,0.5424710424710425
0.088648878510868334,1037,1068,0.97097378277153557,563,0.54291224686595951
0.088622712365503578,1038,1068,0.9719101123595506,564,0.54335260115606931
0.088589684634480137,1039,1068,0.97284644194756553,565,0.54379210779595766
0.088424771936418206,1040,1068,0.97378277153558057,566,0.54423076923076918
0.087408407322635315,1041,1068,0.9747191011235955,567,0.54466858789625361
0.087106356489429576,1042,1068,0.97565543071161054,568,0.54510556621881001
0.086303372354254795,1043,1068,0.97659176029962547,569,0.54554170661553214
0.08372391087668081,1044,1068,0.97752808988764039,570,0.54597701149425293
0.083593374414433486,1045,1068,0.97846441947565543,571,0.54641148325358857
0.083414287400201043,1046,1068,0.97940074906367036,572,0.54684512428298282
0.082722171059385327,1047,1068,0.9803370786516854,573,0.54727793696275073
0.082643433758379611,1049,1068,0.98220973782771537,575,0.54814108674928508
0.082428600902035937,1050,1068,0.9831460674157303,576,0.5485714285714286
0.080770625500282259,1051,1068,0.98408239700374533,577,0.54900095147478589
0.080689090338120037,1052,1068,0.98501872659176026,578,0.54942965779467678
0.080363084651086936,1053,1068,0.9859550561797753,579,0.54985754985754987
0.079209815659718352,1054,1068,0.98689138576779023,580,0.55028462998102468
0.079019214426592627,1055,1068,0.98782771535580527,581,0.55071090047393367
0.077788404638169703,1056,1068,0.9887640449438202,582,0.55113636363636365
0.077589428325306992,1057,1068,0.98970037453183524,583,0.55156102175969723
0.076611389969334226,1058,1068,0.99063670411985016,583,0.55103969754253312
0.076461416722249556,1059,1068,0.9915730337078652,583,0.550519357884797
0.07609288990335622,1060,1068,0.99250936329588013,583,0.55000000000000004
0.075931973204743541,1061,1068,0.99344569288389517,584,0.55042412818096131
0.07275208024753739,1063,1068,0.99531835205992514,586,0.55126999059266224
0.072558075915374276,1064,1068,0.99625468164794007,587,0.55169172932330823
0.069243748992533688,1066,1068,0.99812734082397003,589,0.55253283302063794
0.06663982330437658,1067,1068,0.99906367041198507,590,0.55295220243673848
0.055101764043477428,1068,1068,1,591,0.5533707865168539
0,1068,1068,1,591,0.5533707865168539
