schema_version,sample_id,blind_order,question_id,split,retrieval_strategy,k,sampling_stratum,sample_seed,example_id,annotation_guideline_version,annotation_guideline_sha256
phase03-annotation-sample-v1,01ce6b91ecf0816a52dff7eeee8c62fdae44e8ff35a7293d8f730cee8d90d91a,81,TRAIN_Q432,validation,bm25,1,benchmark_impossible,42,4ae555ab43fbbbe8fa858d04317ea2f34ea51d0af518cd9b651f164474bfc612,phase03-sufficiency-annotation-v1,f2fe3f7f29b834d78fd7c79bf4d4a94faee43c658d89c48e386854123066802b
phase03-annotation-sample-v1,03379bd76732417bb1a314026e09353a8c06d97b718f4c1ae273c3e9e485402f,105,DEV_Q106,train,bm25,10,partial_overlap,42,51fc4b36909432809cf0ea4ceeb56723473399ea198de36d1a823a5ab60db9a6,phase03-sufficiency-annotation-v1,f2fe3f7f29b834d78fd7c79bf4d4a94faee43c658d89c48e386854123066802b
phase03-annotation-sample-v1,03a67d4843a66f704cc826b6083a6fd269eeea16ad36bc259ab143b2707aa864,93,DEV_Q120,train,dense,1,automatic_positive,42,9c3fcc3dce33ae49532762feb27f8d57d762ab5f09a421b2e9bc6739b4c98079,phase03-sufficiency-annotation-v1,f2fe3f7f29b834d78fd7c79bf4d4a94faee43c658d89c48e386854123066802b
phase03-annotation-sample-v1,0435f813b00f0d22dd8812cc82e0287577843c85cd0c64ef4ad410fb450268aa,53,TRAIN_Q549,validation,dense,3,correct_document_insufficient,42,904b0d43bd5f31545167430c0bc367c7d425e89e567b589cbfa791a5f572a685,phase03-sufficiency-annotation-v1,f2fe3f7f29b834d78fd7c79bf4d4a94faee43c658d89c48e386854123066802b
phase03-annotation-sample-v1,05fe4871e59ebb85e137b62e1aeab7a61c35d8b19e09c776703561acb970b754,43,TRAIN_Q478,validation,dense,10,wrong_document_retrieval,42,91b5f37eee4951acd9432a2f317e5d6ef8420a7ffd6b33df184aa53c7a7a4769,phase03-sufficiency-annotation-v1,f2fe3f7f29b834d78fd7c79bf4d4a94faee43c658d89c48e386854123066802b
phase03-annotation-sample-v1,072c3a5eb8de2f625fd2e01796ed247be034fbef0757fbe894c655db71b9d2c1,120,TRAIN_Q187,validation,bm25,3,wrong_document_retrieval,42,8d383b4303f73d69653b2882472b7663dfb42bd3ef79d53ed2494e8445d5b561,phase03-sufficiency-annotation-v1,f2fe3f7f29b834d78fd7c79bf4d4a94faee43c658d89c48e386854123066802b
phase03-annotation-sample-v1,07c34cefe2740d1f388d6763b9fa3de006a8663d425a280678d1a5c209cc1fa2,34,TRAIN_Q321,train,hybrid,5,partial_overlap,42,b4c025f8cae7c002a25248747e52a63752f7aab4e1fcad9a6b978e6e90bc4229,phase03-sufficiency-annotation-v1,f2fe3f7f29b834d78fd7c79bf4d4a94faee43c658d89c48e386854123066802b
phase03-annotation-sample-v1,0b2f6ea7c5d7a8d4401ff08629d63e1fd734b9c7d48338a976221cddc8c88ec8,78,TRAIN_Q127,train,dense,10,wrong_document_retrieval,42,492725a28f12c2d6fdc4399b8b0ec9df16dee0ab6ecb1faffbf92f1ae114b79e,phase03-sufficiency-annotation-v1,f2fe3f7f29b834d78fd7c79bf4d4a94faee43c658d89c48e386854123066802b
phase03-annotation-sample-v1,0e80a7363cf0dc2d411834422eb7a4459cc28d5fae8fd2b902abefdc317fad4d,61,TRAIN_Q004,train,dense,5,benchmark_impossible,42,895618b5eb1c833c13ae3d47f169aff2a7b10434386123c45e2f7efef633d502,phase03-sufficiency-annotation-v1,f2fe3f7f29b834d78fd7c79bf4d4a94faee43c658d89c48e386854123066802b
phase03-annotation-sample-v1,0e94a006300ae304120b3c03ea0266ce6a52a5c8acf06cff1c5c5b1d6f73577d,38,TRAIN_Q007,train,hybrid,10,correct_document_insufficient,42,2d766a1618073e0058c9d83ff3dbf01ec7a77e23b419b63f600cf6c0d88d309f,phase03-sufficiency-annotation-v1,f2fe3f7f29b834d78fd7c79bf4d4a94faee43c658d89c48e386854123066802b
phase03-annotation-sample-v1,0fcba01640d341e8d730ca40e3cdbd03aa83d6073364a9f40cd1493979f9c1da,104,DEV_Q030,validation,bm25,5,correct_document_insufficient,42,8eda8955cf724b37dfa28b2d87522cc7689c7894fa710499bc284b6a54b7a725,phase03-sufficiency-annotation-v1,f2fe3f7f29b834d78fd7c79bf4d4a94faee43c658d89c48e386854123066802b
phase03-annotation-sample-v1,10c976d0b4b477e637ce55890c77914053c51be1e7a0cea7bd6f36432daaf023,88,TRAIN_Q119,train,bm25,1,benchmark_impossible,42,ccdfe3693a4b4a2e430876a99bd8e6ae8b0ebdb1f671cfdf7e1f8a82b3c16297,phase03-sufficiency-annotation-v1,f2fe3f7f29b834d78fd7c79bf4d4a94faee43c658d89c48e386854123066802b
phase03-annotation-sample-v1,1230713d974761ba82ff3b60560571bfca1622342900709a8c72af5f9b26ca27,71,DEV_Q302,validation,bm25,1,automatic_positive,42,2a9a83d87b1b5771f0b5e41365d61bcd7a826254b42efe0df4a06fabb2f7ed82,phase03-sufficiency-annotation-v1,f2fe3f7f29b834d78fd7c79bf4d4a94faee43c658d89c48e386854123066802b
phase03-annotation-sample-v1,144e7665c50512a9423d04951919fb0e29515c35b3968bb6119f123f58b74ee8,126,TRAIN_Q299,validation,bm25,5,wrong_document_retrieval,42,618561ef3ca5909339a50a77907914a3e1edd3125e4536403c5e746219d8bd54,phase03-sufficiency-annotation-v1,f2fe3f7f29b834d78fd7c79bf4d4a94faee43c658d89c48e386854123066802b
phase03-annotation-sample-v1,16a5a89745fd6da92506041f30ce9f8149f9140bdc507cfaff817e30aaefd75b,121,DEV_Q305,train,dense,1,wrong_document_retrieval,42,09c53ecb8e2a3d28f195e679f5d4d4a9c82229c2d6f4011d0dcc585cfcdcfd35,phase03-sufficiency-annotation-v1,f2fe3f7f29b834d78fd7c79bf4d4a94faee43c658d89c48e386854123066802b
phase03-annotation-sample-v1,1c8fe234dc44f02ee0175746c7ffa38bf1debb3c28eb6cfa9dc51a5b77e8672f,57,TRAIN_Q499,validation,bm25,1,partial_overlap,42,e35c281028513c60eab565f1ed19f0be1471914bcbab9dcb651a1d3367cd9eca,phase03-sufficiency-annotation-v1,f2fe3f7f29b834d78fd7c79bf4d4a94faee43c658d89c48e386854123066802b
phase03-annotation-sample-v1,1f5055f9533e2cf244b2c50ddaf225a013a722a5ec34355ab57af3e3b2f8ef44,109,DEV_Q155,validation,dense,1,automatic_positive,42,6260c603b7b443e925b5f5e592655b71b4f1bd028fe16224d7c0017feba6c41f,phase03-sufficiency-annotation-v1,f2fe3f7f29b834d78fd7c79bf4d4a94faee43c658d89c48e386854123066802b
phase03-annotation-sample-v1,20a34be45729da30769292b94b4aaa8c1425054a0b0aa3150891ccf4596d0fda,23,TRAIN_Q325,validation,hybrid,5,benchmark_impossible,42,671aeb4a26f906edf9d2bb8a5c0055ea30dc2b03d0342d187edba9f74813fc0a,phase03-sufficiency-annotation-v1,f2fe3f7f29b834d78fd7c79bf4d4a94faee43c658d89c48e386854123066802b
phase03-annotation-sample-v1,2273b1f047c9a64cda6679962b5c9eab08d9323eebed42fb0b7cae4c6509e598,75,DEV_Q008,validation,bm25,3,automatic_positive,42,f00bd1eeedc9a10221305bacd306a3da4c050e073f674077591a747a9c0344ea,phase03-sufficiency-annotation-v1,f2fe3f7f29b834d78fd7c79bf4d4a94faee43c658d89c48e386854123066802b
phase03-annotation-sample-v1,237b7f4f9b6c99675eff6f7f614339fb6a7b31b6124a010d16b13b7e529af4a5,107,TRAIN_Q535,train,bm25,1,automatic_positive,42,e3086169342586e81b90c745fe02e5832539d1cae154916c4f56967798d82a32,phase03-sufficiency-annotation-v1,f2fe3f7f29b834d78fd7c79bf4d4a94faee43c658d89c48e386854123066802b
phase03-annotation-sample-v1,242dadd12a3599df327df97521181101b6fac7780b1e1dcfe9f9295d76d93a41,148,TRAIN_Q093,train,bm25,3,partial_overlap,42,5c4aa2c03482f86189240ea5cb19e4eb14f6613f94cd6c127057513edc61ac25,phase03-sufficiency-annotation-v1,f2fe3f7f29b834d78fd7c79bf4d4a94faee43c658d89c48e386854123066802b
phase03-annotation-sample-v1,2480819fb7b8531352b61fd07daf10cc5a20a442256c4dadb275dc3db4cfe2b7,19,TRAIN_Q316,train,hybrid,3,wrong_document_retrieval,42,3a1999b6126816bd1b20953058ef3dac7b386c0696038673b6d29ad32c5b3198,phase03-sufficiency-annotation-v1,f2fe3f7f29b834d78fd7c79bf4d4a94faee43c658d89c48e386854123066802b
phase03-annotation-sample-v1,24a8b43718d1936884f10acb2be6046cce03e47027dc4b64da03f1a552d6b313,33,TRAIN_Q400,train,dense,5,partial_overlap,42,25f4ab78f5f977681f8cb1a7bae04db3f56ce2103f31b73384b3ec23a4c3c8c1,phase03-sufficiency-annotation-v1,f2fe3f7f29b834d78fd7c79bf4d4a94faee43c658d89c48e386854123066802b
phase03-annotation-sample-v1,25e4437dcbddca68aaf7432f0bbe43d311b9b63056d2eee2a2e60d29f4b2f933,111,TRAIN_Q501,train,bm25,10,automatic_positive,42,2537c8daf6f64b0a872cfeb53fb2ba121bb87c84f1051401166d58c5a5196a02,phase03-sufficiency-annotation-v1,f2fe3f7f29b834d78fd7c79bf4d4a94faee43c658d89c48e386854123066802b
phase03-annotation-sample-v1,2834a243aaa4fb59e047af2041721aea9d951da910759e10ebb133855b93779e,95,TRAIN_Q351,validation,hybrid,10,wrong_document_retrieval,42,c4a9d4b57412d2be0194f7c7ced0a6ef0fad6ace6875c6071775b882343ac68f,phase03-sufficiency-annotation-v1,f2fe3f7f29b834d78fd7c79bf4d4a94faee43c658d89c48e386854123066802b
phase03-annotation-sample-v1,28b15564a11008a443d176d98f2dc8832e6abf73ca457a9705ab21647089dacb,42,DEV_Q210,validation,hybrid,3,partial_overlap,42,0d163aa8bd495f5fdeecf7ac526c56b5059b663ba26a7a452b3b96d1dcec4194,phase03-sufficiency-annotation-v1,f2fe3f7f29b834d78fd7c79bf4d4a94faee43c658d89c48e386854123066802b
phase03-annotation-sample-v1,298a4c5e6a38740a2a6fa6ca17afe8760da21f7053b759415b50931ee6dab90e,112,TRAIN_Q049,validation,hybrid,10,wrong_document_retrieval,42,bb221e6c226bf28b209075c4b94edaccec6012e6dd612a2d7f6883b949db81a2,phase03-sufficiency-annotation-v1,f2fe3f7f29b834d78fd7c79bf4d4a94faee43c658d89c48e386854123066802b
phase03-annotation-sample-v1,2d52be16e05f4eefb4d9ce3c56f6216aa17d91c3eb9b6958f63cfeeeecda1494,28,TRAIN_Q441,train,hybrid,1,correct_document_insufficient,42,50074818724a2ad6603ed313136b589af461472de0beff9adcff6b030d3e3ecd,phase03-sufficiency-annotation-v1,f2fe3f7f29b834d78fd7c79bf4d4a94faee43c658d89c48e386854123066802b
phase03-annotation-sample-v1,2d6aa183cbcd635d66c12c7a757b1138d8d27c1b7b8a7fd69f3112e905f383c9,119,TRAIN_Q466,train,bm25,10,automatic_positive,42,73593ee36533901da639112950bbee1fa30dab64751b3a550d926a564c671d6e,phase03-sufficiency-annotation-v1,f2fe3f7f29b834d78fd7c79bf4d4a94faee43c658d89c48e386854123066802b
phase03-annotation-sample-v1,2ee352f80e22db95e90060bf04567038af342693f13b25050ccae6a517fcb51b,125,TRAIN_Q390,validation,hybrid,1,partial_overlap,42,97beed9f45b24b36633000ed77c93bfe1b21bc5b144527e01710539acfecd9c5,phase03-sufficiency-annotation-v1,f2fe3f7f29b834d78fd7c79bf4d4a94faee43c658d89c48e386854123066802b
phase03-annotation-sample-v1,2f8f077c404980b0eaa933a021081413ab7a8485faf0f938b313c1389f66cf81,108,TRAIN_Q554,train,bm25,3,correct_document_insufficient,42,27906f4400a08989e40587fbdf83dd906158ae89dc0d1e38d9dd59265e9c1f47,phase03-sufficiency-annotation-v1,f2fe3f7f29b834d78fd7c79bf4d4a94faee43c658d89c48e386854123066802b
phase03-annotation-sample-v1,2fbcda23b9e630e339dcbb52f4ccb0c514035ffc47c385738e358c632c07ef10,96,DEV_Q254,train,bm25,10,automatic_positive,42,bc4b2f149bf73e8d11f79e139aa8a4b656b69b94c55f714aa5c30a4db1aca150,phase03-sufficiency-annotation-v1,f2fe3f7f29b834d78fd7c79bf4d4a94faee43c658d89c48e386854123066802b
phase03-annotation-sample-v1,302348105301926a614e06ac229c33c75eb81b2dc61bc5e70b08ab19e9d0af67,44,DEV_Q073,validation,dense,1,benchmark_impossible,42,58ffd298a7179af27e1abe248172aa27fd7e070de6cf6f5fdea58c8550e55e8a,phase03-sufficiency-annotation-v1,f2fe3f7f29b834d78fd7c79bf4d4a94faee43c658d89c48e386854123066802b
phase03-annotation-sample-v1,30c5b4d1e09241878b490c521c4478bf0b777d93a0502728b20f5e637cd65e61,64,DEV_Q182,train,hybrid,3,partial_overlap,42,c24ef139a1aca6b2c3b3d6dd115166159ade39d51407c96910c1e16df299fcbd,phase03-sufficiency-annotation-v1,f2fe3f7f29b834d78fd7c79bf4d4a94faee43c658d89c48e386854123066802b
phase03-annotation-sample-v1,3160e80e5bca4de6006775d4b97927798a44b899d3c0a3263252ed2898fdd146,103,TRAIN_Q107,validation,dense,10,automatic_positive,42,1bafee9aabac25a695516580f890292966dc18e2d8f8bc7aae2264d2f1a29d5d,phase03-sufficiency-annotation-v1,f2fe3f7f29b834d78fd7c79bf4d4a94faee43c658d89c48e386854123066802b
phase03-annotation-sample-v1,3272b0f10b22d84a57fe58b64348b206178b4915151672d24821b9ce292ad8b7,106,TRAIN_Q203,validation,dense,3,automatic_positive,42,2e55d7ec3710f465aff641a06530b30a55972429eb2cac81a7e4c216fe1eb491,phase03-sufficiency-annotation-v1,f2fe3f7f29b834d78fd7c79bf4d4a94faee43c658d89c48e386854123066802b
phase03-annotation-sample-v1,365b757f1cecc559442a7bb96103f2839481d52406438579cc10279d1f0d137d,89,TRAIN_Q380,train,hybrid,5,automatic_positive,42,6b868e27a0932558a73dbd32f5253900893a84c7310099ff5137d8b26e799572,phase03-sufficiency-annotation-v1,f2fe3f7f29b834d78fd7c79bf4d4a94faee43c658d89c48e386854123066802b
phase03-annotation-sample-v1,3b742448d9c23a289f54b46029b44125cd0c29faaca7b4bf46be8e26a3c61068,60,TRAIN_Q338,validation,dense,1,automatic_positive,42,34cd09e42fe70abc2eb42f13f45e43972815fb9a2224ab86da8d201110ade245,phase03-sufficiency-annotation-v1,f2fe3f7f29b834d78fd7c79bf4d4a94faee43c658d89c48e386854123066802b
phase03-annotation-sample-v1,3d883d14ef5ee1bb1af597bb15c689115d87319e488c92b902e80ec76fccb880,30,DEV_Q160,validation,hybrid,1,wrong_document_retrieval,42,47c1b42d2f9fffa20ebeb98e7075cf14d6f86d8cbdde0542a4d83af905aead2b,phase03-sufficiency-annotation-v1,f2fe3f7f29b834d78fd7c79bf4d4a94faee43c658d89c48e386854123066802b
phase03-annotation-sample-v1,3da5a77b0c08931fa1799391b8b09aa0fee377fdd3f914bd4ae48917c40a82cc,144,DEV_Q171,train,dense,10,automatic_positive,42,10b5e784fc67dd16dd12f9ec2fd5aafb5599565b6db9828ed76493e207c57a23,phase03-sufficiency-annotation-v1,f2fe3f7f29b834d78fd7c79bf4d4a94faee43c658d89c48e386854123066802b
phase03-annotation-sample-v1,3db00a710397aeba937a3ee876c290a510a16206baba4d2c7467db42ef1b82dc,77,TRAIN_Q361,validation,hybrid,5,correct_document_insufficient,42,3638a95f6d268e6665513392f59ccacab4a1d5aae3d43a9694be8932e6362c76,phase03-sufficiency-annotation-v1,f2fe3f7f29b834d78fd7c79bf4d4a94faee43c658d89c48e386854123066802b
phase03-annotation-sample-v1,3ffe6abac788bba15a3cae2f95d883c346329feb0a97e27a53afe3e6af052f1a,146,TRAIN_Q020,train,hybrid,3,wrong_document_retrieval,42,75ba4f44aaa483ab6198d220014771191e3847ea861c71c7143a3db03f4d9210,phase03-sufficiency-annotation-v1,f2fe3f7f29b834d78fd7c79bf4d4a94faee43c658d89c48e386854123066802b
phase03-annotation-sample-v1,468553b7b3e3f1a79c1bcb7edacaf883dd04081ba231f6997e9215ad65dfb582,113,TRAIN_Q076,train,hybrid,5,partial_overlap,42,115879e41dbe9d2f417fe3f21399c493334ed4d7f2cdc53eba994fc0a8e835cc,phase03-sufficiency-annotation-v1,f2fe3f7f29b834d78fd7c79bf4d4a94faee43c658d89c48e386854123066802b
phase03-annotation-sample-v1,4b1f5c380513e5a10213af712f2e6731e5c941164c03080e852aeba7cab9cc97,47,TRAIN_Q467,train,dense,3,wrong_document_retrieval,42,b79f411873ce9ea034c41263ea2eb7f60b00da2b8e5a093c6a270fa8142a2cd5,phase03-sufficiency-annotation-v1,f2fe3f7f29b834d78fd7c79bf4d4a94faee43c658d89c48e386854123066802b
phase03-annotation-sample-v1,53bbf6d82744437d16abc319a22fd64a8bd8eca564afce0a81582979d73b8241,50,DEV_Q277,train,dense,1,partial_overlap,42,5f45bf4987acb3ebd9e35c6f3dc6c0bcfcdadd61f194a2c666691ad344a5d67f,phase03-sufficiency-annotation-v1,f2fe3f7f29b834d78fd7c79bf4d4a94faee43c658d89c48e386854123066802b
phase03-annotation-sample-v1,5521c42b49bf08170b0188efbeacc23ae7985ed8766268e7df3bdb8c1376c7d1,1,TRAIN_Q172,train,bm25,3,automatic_positive,42,7d58b9f7d8c758440d345d36c086af0d507d0cea95a30484ecd536c41c9c191f,phase03-sufficiency-annotation-v1,f2fe3f7f29b834d78fd7c79bf4d4a94faee43c658d89c48e386854123066802b
phase03-annotation-sample-v1,5551abe92e581faa47e52d1ebc1a5639f9c1ef73dbb2aaa2a11080bf16e3c976,83,TRAIN_Q285,train,bm25,3,wrong_document_retrieval,42,8f3e8fe4e4910d75df5230cb7964ea176b1d4d03b7d4bbb2b099e6a122560bdd,phase03-sufficiency-annotation-v1,f2fe3f7f29b834d78fd7c79bf4d4a94faee43c658d89c48e386854123066802b
phase03-annotation-sample-v1,555a4fd96f8a7abfba3bc0d5b99273d1b9c3a09776493f564c88ffe48e5176ac,110,TRAIN_Q323,validation,bm25,10,benchmark_impossible,42,54e408679112fe9b9453dd1d8e5244b99bcae0a4b805d0cb8ba6dc94f6bd2728,phase03-sufficiency-annotation-v1,f2fe3f7f29b834d78fd7c79bf4d4a94faee43c658d89c48e386854123066802b
phase03-annotation-sample-v1,559d583503d9f8ad8ad4ae160a4bec1629f9d8b7beecc68c864d4ab92bc001c3,16,TRAIN_Q588,validation,hybrid,1,wrong_document_retrieval,42,6450be3bb00f2ed4c28ef32107398ace7ff2f07fa11d91cb1087aadbc269b42a,phase03-sufficiency-annotation-v1,f2fe3f7f29b834d78fd7c79bf4d4a94faee43c658d89c48e386854123066802b
phase03-annotation-sample-v1,598c0293085540c84b5e54be5aa4c213bb7191cc2bd47ad174cb58f135e3bce2,124,TRAIN_Q184,validation,dense,10,correct_document_insufficient,42,9cc52289202a4d9df487cb0cc53ce2b5a11746ee815a1fdb7711bdb4c904ef56,phase03-sufficiency-annotation-v1,f2fe3f7f29b834d78fd7c79bf4d4a94faee43c658d89c48e386854123066802b
phase03-annotation-sample-v1,5a2dfe0ac7a6d5e4e951969f10ad92d4b1ed06b9c1fc040f3dfbf39ae39481a9,80,TRAIN_Q155,train,dense,5,automatic_positive,42,60d2f9a85a7ae1dee3c0112123e3135176ca2d3e1846484220a99b6f798b6f0d,phase03-sufficiency-annotation-v1,f2fe3f7f29b834d78fd7c79bf4d4a94faee43c658d89c48e386854123066802b
phase03-annotation-sample-v1,5e210914173b35c9b71ffe7f0f6e5b04344f0eb49cbc2cdac30b4b8577713183,98,TRAIN_Q358,validation,hybrid,5,partial_overlap,42,e69e78319ff967f2408f3b9daa99cad27b4d978f7cb40a0593573db5b8d739ed,phase03-sufficiency-annotation-v1,f2fe3f7f29b834d78fd7c79bf4d4a94faee43c658d89c48e386854123066802b
phase03-annotation-sample-v1,605d5d6b8afbb0769fcc8ba3655b3e594e57b6f84bf42d3e6cc6d7397f9cf5d7,27,DEV_Q215,validation,dense,1,partial_overlap,42,549ec45b6eb532fae71037bcdb360863e4a0f142091294888fc3bb082d8d8d10,phase03-sufficiency-annotation-v1,f2fe3f7f29b834d78fd7c79bf4d4a94faee43c658d89c48e386854123066802b
phase03-annotation-sample-v1,6226e4ba0f2d017dda2fe47a7c4b112ce752ba824de27cffa9e2d65e86b35a86,87,DEV_Q124,validation,bm25,3,benchmark_impossible,42,4d19f59144c5bfdfeaaa839860ce76425d05b34661c67795fc4f9271ae33325c,phase03-sufficiency-annotation-v1,f2fe3f7f29b834d78fd7c79bf4d4a94faee43c658d89c48e386854123066802b
phase03-annotation-sample-v1,62efd3740222ebb64d5defd30c2a06dc33460cbfe4953a10683895257d88574f,133,TRAIN_Q398,validation,bm25,5,partial_overlap,42,bfc8d383bde1a736c13f8bc9d32ef19d9f1091fbba8baf53a936f525f9b54c81,phase03-sufficiency-annotation-v1,f2fe3f7f29b834d78fd7c79bf4d4a94faee43c658d89c48e386854123066802b
phase03-annotation-sample-v1,6369dd1c329ab6453f4701de97fadf9e6289e6ab0b23bf84bcbdf0b7b40e37d3,20,TRAIN_Q038,train,dense,10,partial_overlap,42,3ffb991fdfa99ffd7ef05cc005b160ca354a6ad6403442223e897322164484d4,phase03-sufficiency-annotation-v1,f2fe3f7f29b834d78fd7c79bf4d4a94faee43c658d89c48e386854123066802b
phase03-annotation-sample-v1,64302a9347789188931d4ff69cb084fd4811c03a548586870ded6dd5b3f7a382,49,TRAIN_Q150,train,bm25,10,partial_overlap,42,721b5d08d189226cea268a1764398b4b59651f5dad7fddc38f2d17e64d0763d6,phase03-sufficiency-annotation-v1,f2fe3f7f29b834d78fd7c79bf4d4a94faee43c658d89c48e386854123066802b
phase03-annotation-sample-v1,650992cfed4694e19c3c1d8c5a0b24ce655ef3a9ac362cf539b9112e0b935e92,129,DEV_Q202,validation,bm25,3,automatic_positive,42,277a3400ca66cb0519b3f6bb2e2e9aee68f5f2335496b6d1a943709552111dce,phase03-sufficiency-annotation-v1,f2fe3f7f29b834d78fd7c79bf4d4a94faee43c658d89c48e386854123066802b
phase03-annotation-sample-v1,67c7ece7d99eef37773ddb38d9bde5eef518af86efc74e9e30bc35b6f910a342,10,TRAIN_Q420,train,dense,3,benchmark_impossible,42,049870656008c4709d04438651f0e36e23a3b1266bd806c36553a235e7247402,phase03-sufficiency-annotation-v1,f2fe3f7f29b834d78fd7c79bf4d4a94faee43c658d89c48e386854123066802b
phase03-annotation-sample-v1,67d1ce5d83d5555391afdac9073b0ffcb713dc3693f89ec63a0cbd6469900b1f,5,TRAIN_Q224,validation,bm25,5,correct_document_insufficient,42,c63ac014afe93d1396703a62ea79010c477e6a2be61c125f5cf72ce77612004d,phase03-sufficiency-annotation-v1,f2fe3f7f29b834d78fd7c79bf4d4a94faee43c658d89c48e386854123066802b
phase03-annotation-sample-v1,6808a9ecf4172b4c41ae837ecc91549c8a52702bb9ac958ab30cfebc5bda6269,94,TRAIN_Q108,validation,hybrid,10,partial_overlap,42,097135f652cfd35a60e800a5ef46b7ef2ed15b20a0779383773051ad84a5cc07,phase03-sufficiency-annotation-v1,f2fe3f7f29b834d78fd7c79bf4d4a94faee43c658d89c48e386854123066802b
phase03-annotation-sample-v1,69eeb80d454e38ee651e30a60193a0f6d3d80ebe00169a76ff3e9b71086dd978,127,TRAIN_Q258,validation,bm25,5,wrong_document_retrieval,42,271ca3c77309192582ae3d40d09eddc63ae23b7afe93b782e774e35ff5082692,phase03-sufficiency-annotation-v1,f2fe3f7f29b834d78fd7c79bf4d4a94faee43c658d89c48e386854123066802b
phase03-annotation-sample-v1,6ae3abb63ad416e30ac41c33ccfb16f48b6b4ded0128d07550a71562da2ec876,22,TRAIN_Q388,validation,hybrid,1,automatic_positive,42,eeaf1802c0c8fc116e2ae55118f62406d29ae8b878b2b97ad86e6922761e158c,phase03-sufficiency-annotation-v1,f2fe3f7f29b834d78fd7c79bf4d4a94faee43c658d89c48e386854123066802b
phase03-annotation-sample-v1,6b9d15f90414c9e250c7e0970699a261667cca8fe7cfd7d8c25cbb2d2167a3f9,18,TRAIN_Q014,validation,bm25,10,partial_overlap,42,8125554312d9f164b8e9b0e25214a3eea8bca4d61f8f705e8728e49133074781,phase03-sufficiency-annotation-v1,f2fe3f7f29b834d78fd7c79bf4d4a94faee43c658d89c48e386854123066802b
phase03-annotation-sample-v1,705eabe184856ae05b2ac9ebc8853e2f60c4ff883351a03cefc12900d16700ee,116,TRAIN_Q553,train,hybrid,1,partial_overlap,42,fa549228ae0754fd2c9620713e23ca14d156b5ebecc87edc1b1e8c2ffb9f2afd,phase03-sufficiency-annotation-v1,f2fe3f7f29b834d78fd7c79bf4d4a94faee43c658d89c48e386854123066802b
phase03-annotation-sample-v1,70c041a4abca13f9f9c6744aec8793ca04ea0168f4ac455b14bf2b5d8478adb4,70,DEV_Q166,train,hybrid,10,benchmark_impossible,42,c23ae7b186c95885f0e163fe77671ef2a814d154fd4d60b0d774b7ddaa923d83,phase03-sufficiency-annotation-v1,f2fe3f7f29b834d78fd7c79bf4d4a94faee43c658d89c48e386854123066802b
phase03-annotation-sample-v1,70d2e344a5a5fdf7ea1fb2f6a977992123e3738b5159bb471eb291f5cdff1c3d,84,TRAIN_Q583,validation,dense,1,wrong_document_retrieval,42,91d88f7a883716103416c596b80770dac20bde0244c687401a9e24039533026e,phase03-sufficiency-annotation-v1,f2fe3f7f29b834d78fd7c79bf4d4a94faee43c658d89c48e386854123066802b
phase03-annotation-sample-v1,70fa175ade30f421bc6839386b2045c2d01c2a3c6724c2de25114abdf30a76f8,31,DEV_Q237,train,hybrid,5,benchmark_impossible,42,fc2c3b7f336c4fc6188f3fbe9ed506d2eeeb19f9c32ee9af0f3a856bc9568d4f,phase03-sufficiency-annotation-v1,f2fe3f7f29b834d78fd7c79bf4d4a94faee43c658d89c48e386854123066802b
phase03-annotation-sample-v1,7139bbd1956f639fccdc8e1cdf3d97cbc93b068df3f805b8c1f77750bd6ff7d0,143,TRAIN_Q414,validation,hybrid,10,correct_document_insufficient,42,7cb1c4d65e9a98551820c1d9b14597de3059c5b2e5e9074435ee32e86ddd7a57,phase03-sufficiency-annotation-v1,f2fe3f7f29b834d78fd7c79bf4d4a94faee43c658d89c48e386854123066802b
phase03-annotation-sample-v1,725e996b8acc4cb8812410bade7834750fcd734472235dca41f790d887a142b2,62,TRAIN_Q438,train,bm25,1,wrong_document_retrieval,42,e6458596a73e32d79858aafee13930bd779442ad94f54eef83b05d18dadaf1f3,phase03-sufficiency-annotation-v1,f2fe3f7f29b834d78fd7c79bf4d4a94faee43c658d89c48e386854123066802b
phase03-annotation-sample-v1,7406d79cf0e3232c9d5f4e68164d269667998f28c40b3bf82c4f45b38eb1b2d7,128,TRAIN_Q101,train,dense,1,correct_document_insufficient,42,7f399ae4419ec2b6fad9aad57a72184fd47d43cb55318e7b96992491af9cb51c,phase03-sufficiency-annotation-v1,f2fe3f7f29b834d78fd7c79bf4d4a94faee43c658d89c48e386854123066802b
phase03-annotation-sample-v1,785b2335c0f1e377a1a9b7eec54868b321ea5e9c4f76c7bfe7faf124b7274b9a,82,TRAIN_Q374,train,bm25,3,wrong_document_retrieval,42,a7f8c9728fd7d4c7c0c8d8339dcdb15edf9a598893f156d7c6951face0b276e8,phase03-sufficiency-annotation-v1,f2fe3f7f29b834d78fd7c79bf4d4a94faee43c658d89c48e386854123066802b
phase03-annotation-sample-v1,7b31eefc400eb42137bb62c7f0541673e44920b8a5ecb7a72f0624acc8f55029,90,TRAIN_Q346,train,dense,10,correct_document_insufficient,42,b9acab0d3adad9e61e3f938794357ef7d227dcc94aa48ff7b28f945720372fba,phase03-sufficiency-annotation-v1,f2fe3f7f29b834d78fd7c79bf4d4a94faee43c658d89c48e386854123066802b
phase03-annotation-sample-v1,7bba0de4b65fa54057b368a6561df4c8aed3d757c073081e709be2f6fc34d8b6,7,TRAIN_Q518,train,bm25,3,partial_overlap,42,a40bb1a842b34ed73a5ba5d22fd6750d6479cfc50004b7151b38976accd1dc12,phase03-sufficiency-annotation-v1,f2fe3f7f29b834d78fd7c79bf4d4a94faee43c658d89c48e386854123066802b
phase03-annotation-sample-v1,7ca32f03e8cc6ecd3ec14e0defb2a33e296ee730a422d1d32a3d66dbc9d244bc,25,DEV_Q213,train,dense,5,automatic_positive,42,f034bc993e9c6105d263b5681dc74f5aba8e42e4629409edd4ab4461436d3d56,phase03-sufficiency-annotation-v1,f2fe3f7f29b834d78fd7c79bf4d4a94faee43c658d89c48e386854123066802b
phase03-annotation-sample-v1,7f4647b632b5f26bed37ea0d5ded0b28e41b9d30b7affac516ab873619df538a,68,TRAIN_Q584,validation,dense,5,wrong_document_retrieval,42,17c8eb24d48b946b90fbe88da2438ca59bebbf4a5ce595b839c25e4694813a41,phase03-sufficiency-annotation-v1,f2fe3f7f29b834d78fd7c79bf4d4a94faee43c658d89c48e386854123066802b
phase03-annotation-sample-v1,813fb22aca7ca50392112fbf543c7732e5506d1aeff995b7f71bc82190b3e398,21,TRAIN_Q234,validation,bm25,3,correct_document_insufficient,42,4228f4ca82e666a4252de4340ddf5f290566377ee76f25155498521c752d45a4,phase03-sufficiency-annotation-v1,f2fe3f7f29b834d78fd7c79bf4d4a94faee43c658d89c48e386854123066802b
phase03-annotation-sample-v1,81ce5355e7ba610271d05effce1a8fd13d60d77cbe646a510dfab803dfc8d5ab,122,TRAIN_Q012,validation,bm25,1,correct_document_insufficient,42,9f43e8a2fd921a64b22a03e48c68afa88700414df523c05c274da500b18b6858,phase03-sufficiency-annotation-v1,f2fe3f7f29b834d78fd7c79bf4d4a94faee43c658d89c48e386854123066802b
phase03-annotation-sample-v1,83897fa6f4262d11127b97b7d3aacb54f153c6cfbdaaca220294adede9ca884f,37,TRAIN_Q426,train,hybrid,10,partial_overlap,42,4865e614d79284fa418fbd6bbf16295fce9c15fde4205be71d148b52da3ac994,phase03-sufficiency-annotation-v1,f2fe3f7f29b834d78fd7c79bf4d4a94faee43c658d89c48e386854123066802b
phase03-annotation-sample-v1,8719c93bef1bb2c874e788e02c8a3e3898e226d315109433ce42ebfc396cc5ce,79,DEV_Q037,train,hybrid,10,benchmark_impossible,42,ead5683ce1e6783434c99786ce3db3cfddd3cf49b70ce06ee6bf9e51a70419ce,phase03-sufficiency-annotation-v1,f2fe3f7f29b834d78fd7c79bf4d4a94faee43c658d89c48e386854123066802b
phase03-annotation-sample-v1,87d3e358b50ed4c976c166fe49ffa2f6be5d13d22d19a1286a782fba368a89e4,92,TRAIN_Q405,validation,hybrid,10,benchmark_impossible,42,6ca15f44e72d465a8861850972fb1495a264c3b5f929de59e314faae1b5a87ef,phase03-sufficiency-annotation-v1,f2fe3f7f29b834d78fd7c79bf4d4a94faee43c658d89c48e386854123066802b
phase03-annotation-sample-v1,8a1d4623704703e41bd75865f9f5b8180c45caf6ba1c50447dc49a3c66c73b9a,4,TRAIN_Q095,validation,dense,3,benchmark_impossible,42,d85f83c66fd9952d49877a038d86df46fe3d5ef7b0ab996923703346b5149b96,phase03-sufficiency-annotation-v1,f2fe3f7f29b834d78fd7c79bf4d4a94faee43c658d89c48e386854123066802b
phase03-annotation-sample-v1,8efe9ff9570093495b95ccb47db5fd4cc0d2d40e0686d6322a884561c7cf5533,13,TRAIN_Q347,validation,bm25,5,correct_document_insufficient,42,2302f5a7b4b4b100b769c5a69d43e75660a62796ba48286057cad6f687e6ec67,phase03-sufficiency-annotation-v1,f2fe3f7f29b834d78fd7c79bf4d4a94faee43c658d89c48e386854123066802b
phase03-annotation-sample-v1,9003e0445a93eb4c3310fb005da9e026dc38bd5b12d4f0338cf3829e920be3a1,131,TRAIN_Q404,train,bm25,3,benchmark_impossible,42,105f3c278bb8c42789c4689308a1915181d6c4effc6cb4b28712f617e5236976,phase03-sufficiency-annotation-v1,f2fe3f7f29b834d78fd7c79bf4d4a94faee43c658d89c48e386854123066802b
phase03-annotation-sample-v1,91b92e2f0ff5e459ecd2e28fe20a1f1ae0a8ac01a65805c98b5191d219a29552,74,TRAIN_Q109,train,bm25,1,partial_overlap,42,e6593e6924c8d12fc71a3f7a4c3777f7f49c62f19e6932029d7153ee1b60724c,phase03-sufficiency-annotation-v1,f2fe3f7f29b834d78fd7c79bf4d4a94faee43c658d89c48e386854123066802b
phase03-annotation-sample-v1,92adfb1f7ef386556d82e4a9dff4d9e6f77e30797eb5cdefe484bdc4bcde927f,63,DEV_Q053,validation,hybrid,1,correct_document_insufficient,42,80f6ae4c743d76ba742397c4d780fc376d824a2d66691094a28bb3b157307026,phase03-sufficiency-annotation-v1,f2fe3f7f29b834d78fd7c79bf4d4a94faee43c658d89c48e386854123066802b
phase03-annotation-sample-v1,92ee4e4cb804b5181cbc4d1da2d1cfeb2a8ba3ac209a5b72619955b12a61e6c7,145,TRAIN_Q311,train,bm25,5,benchmark_impossible,42,7e198c80028c6f33a99172298f24ce3133f768a32485a435acd4980fe37bba9c,phase03-sufficiency-annotation-v1,f2fe3f7f29b834d78fd7c79bf4d4a94faee43c658d89c48e386854123066802b
phase03-annotation-sample-v1,92f8b655fbe88a0d4c62957d213d617263a35dbb29db5191934c33b44ba444a5,58,TRAIN_Q507,validation,bm25,10,partial_overlap,42,2d521aa3c9844c2e80796fe7f6b77987f6544899706052d2d26537780bfd1e09,phase03-sufficiency-annotation-v1,f2fe3f7f29b834d78fd7c79bf4d4a94faee43c658d89c48e386854123066802b
phase03-annotation-sample-v1,94f99ffee37640db4cb60cffe8fe6ff7ffdde62ddec7e9abf07bbd786ba746fc,2,TRAIN_Q158,train,dense,10,correct_document_insufficient,42,a9c98bbb0234acd7ed930f757e1b9243f19706a23474cb76cc182db464dbf84e,phase03-sufficiency-annotation-v1,f2fe3f7f29b834d78fd7c79bf4d4a94faee43c658d89c48e386854123066802b
phase03-annotation-sample-v1,94faff3b0017e76033df37fa255b995af0431d461f92b01d040198e4922557e6,130,TRAIN_Q425,validation,hybrid,5,automatic_positive,42,9e1811dbc0bb250539275851884c5a85b6fed831c0d246a79bd710620277f4b6,phase03-sufficiency-annotation-v1,f2fe3f7f29b834d78fd7c79bf4d4a94faee43c658d89c48e386854123066802b
phase03-annotation-sample-v1,9696a9fb44826d7ece73b25f3abb2529e44789920e9d2a67f42430a4630400e7,134,TRAIN_Q228,train,dense,3,partial_overlap,42,c26c5c4cb1a6059ee4b5a3294824e0d526c1edc535ddf3d5080ac51d346f497f,phase03-sufficiency-annotation-v1,f2fe3f7f29b834d78fd7c79bf4d4a94faee43c658d89c48e386854123066802b
phase03-annotation-sample-v1,96e88a123f59a4a8c49b9aaf663efa7cab47a48a836f2b8be8867b19f49c44ca,140,TRAIN_Q047,validation,dense,1,partial_overlap,42,fe73ab32dac44c745f2b5e65394df117331d7444910d62fb1b29692f38d008de,phase03-sufficiency-annotation-v1,f2fe3f7f29b834d78fd7c79bf4d4a94faee43c658d89c48e386854123066802b
phase03-annotation-sample-v1,9961a69477502a83859c291e4bb313d200addef18d02090a65ca49d7e7240ac3,114,TRAIN_Q219,train,hybrid,5,wrong_document_retrieval,42,7f0bc3a50abb58e1e8bc08156c6885aac66d044cc56e526d05fa19078407ff58,phase03-sufficiency-annotation-v1,f2fe3f7f29b834d78fd7c79bf4d4a94faee43c658d89c48e386854123066802b
phase03-annotation-sample-v1,9a52f0b542b1fb226cb07352020f164a71ebad9d1912fbdbb9cd266803c8d7ac,11,TRAIN_Q309,validation,hybrid,1,benchmark_impossible,42,fcfb457a8db15c1ca9cd72bdc2eee7ae9e2a29f87072ab138112cee32b3cfc83,phase03-sufficiency-annotation-v1,f2fe3f7f29b834d78fd7c79bf4d4a94faee43c658d89c48e386854123066802b
phase03-annotation-sample-v1,9a9f9775e22dc24f2028c376642c331dd26e6921ff7bf2a9ffc1d10846585c23,52,TRAIN_Q427,validation,dense,1,correct_document_insufficient,42,97f36a89b1315e9681e6af96b890758fe617d4fd7f7949d0a268632319d14a3b,phase03-sufficiency-annotation-v1,f2fe3f7f29b834d78fd7c79bf4d4a94faee43c658d89c48e386854123066802b
phase03-annotation-sample-v1,9db3070a75b063c14f403970058b86c9be7e8ebc244f638bee191f3032dc5545,6,DEV_Q217,validation,bm25,5,benchmark_impossible,42,f95d1453ab8120e98cc64ace13c171ad529850f7cb3140a0fbe18781d22d7b22,phase03-sufficiency-annotation-v1,f2fe3f7f29b834d78fd7c79bf4d4a94faee43c658d89c48e386854123066802b
phase03-annotation-sample-v1,a07db186aabb30b62f9f720a0d98c5673fa51f3fca628b0670df022bf71e6f49,45,DEV_Q127,train,hybrid,10,benchmark_impossible,42,989433310ce6d2445f13bc07ffc8825121908b8e955065d1b12d29a4adc47265,phase03-sufficiency-annotation-v1,f2fe3f7f29b834d78fd7c79bf4d4a94faee43c658d89c48e386854123066802b
phase03-annotation-sample-v1,a21da48fbb9be686eff7fb079ebcbd1e958af9b21409fbf3fc98182f3a340372,135,TRAIN_Q461,validation,dense,1,partial_overlap,42,e17c12f2de43018af47ec9b258b59a668796bd4af053d7f5779f6850ec823eea,phase03-sufficiency-annotation-v1,f2fe3f7f29b834d78fd7c79bf4d4a94faee43c658d89c48e386854123066802b
phase03-annotation-sample-v1,a49e05f3f3ba86630219409164e4a45f5e54de75fbb04328820076afda70d819,115,TRAIN_Q416,train,hybrid,10,automatic_positive,42,4eec4b378bddf82c67b90517f633c702e3cb2804e113270acac2c3e64d91e456,phase03-sufficiency-annotation-v1,f2fe3f7f29b834d78fd7c79bf4d4a94faee43c658d89c48e386854123066802b
phase03-annotation-sample-v1,a5200268f305839a7b786a19d515c7cef384a2af8350fec47cb298c19b8a4af1,69,TRAIN_Q013,train,dense,10,automatic_positive,42,d2c7910d61287de675a4fcadfece7ce645bc6a8f4cd232a76baa5607634b5cf0,phase03-sufficiency-annotation-v1,f2fe3f7f29b834d78fd7c79bf4d4a94faee43c658d89c48e386854123066802b
phase03-annotation-sample-v1,a5491647b0a744c8dfb74cffd4ed32791e799bbc89bafd7f0b60af6de8807f71,17,DEV_Q164,validation,hybrid,3,automatic_positive,42,9bbdec63177ac8df6799cccdfcd69887a7f396d05437d8842f53e6633b0b5b9e,phase03-sufficiency-annotation-v1,f2fe3f7f29b834d78fd7c79bf4d4a94faee43c658d89c48e386854123066802b
phase03-annotation-sample-v1,ab08dc477731fb0f56eb769519f2563811a0e4464c41bd7a816527dcb89f3e5c,24,TRAIN_Q056,validation,hybrid,1,automatic_positive,42,a877eef841e454e62f780fd062b287e5eca4ea23b5f5b955572500dc44f14561,phase03-sufficiency-annotation-v1,f2fe3f7f29b834d78fd7c79bf4d4a94faee43c658d89c48e386854123066802b
phase03-annotation-sample-v1,ab8d3f1e4f208f4aee2fa27908fd3b8a3d3bb12e070fbf3cb6e5bab669644b55,54,TRAIN_Q517,train,hybrid,3,correct_document_insufficient,42,195637f8bbf22a3dd681683f20b1457545dd16694be5cf0f1fedaa7c78b000f7,phase03-sufficiency-annotation-v1,f2fe3f7f29b834d78fd7c79bf4d4a94faee43c658d89c48e386854123066802b
phase03-annotation-sample-v1,ac05b6b65f2adeeab7221bd6c5e4232c53ddb62c3db3de7eb9f17880cad27e16,36,TRAIN_Q556,validation,hybrid,5,automatic_positive,42,554e3a05c30ab1eef5da895bf76ec5fbc0eb053cb93e39d4469cd6f724c289f5,phase03-sufficiency-annotation-v1,f2fe3f7f29b834d78fd7c79bf4d4a94faee43c658d89c48e386854123066802b
phase03-annotation-sample-v1,b3e9f64654405dcd0d04681ad45872548a943b7aeed8372641adb814678bc64f,117,TRAIN_Q418,train,dense,5,benchmark_impossible,42,09f00d99ce6d64fe518903255f83748cfd60e498a0a22d03ec8c3d1838c72736,phase03-sufficiency-annotation-v1,f2fe3f7f29b834d78fd7c79bf4d4a94faee43c658d89c48e386854123066802b
phase03-annotation-sample-v1,b432f06ceda6cecbedbfc945a27e7f69396b0e0c7f5ea7573fc0e1bcb4fa685b,32,DEV_Q082,train,dense,3,wrong_document_retrieval,42,881bea2115edb65fe774d2a4b2424a793802c7cded209a88142ef766b438783f,phase03-sufficiency-annotation-v1,f2fe3f7f29b834d78fd7c79bf4d4a94faee43c658d89c48e386854123066802b
phase03-annotation-sample-v1,b52f26aef4547da7ea5f2588eb796690c7969b4751f1123492531b469c08e082,137,DEV_Q295,validation,dense,10,benchmark_impossible,42,891d0f7bb66aa411dd5e88f596c282cde2c172da8e3a033509d98bff1c7396b8,phase03-sufficiency-annotation-v1,f2fe3f7f29b834d78fd7c79bf4d4a94faee43c658d89c48e386854123066802b
phase03-annotation-sample-v1,b70f3e326599c016095daae8f89ff2920edd544271d6beb6dababff00434da1e,136,TRAIN_Q492,validation,dense,5,partial_overlap,42,a11ff90e08c611d51e45e95202396918ba4991f7c0644a1c8720ef8dba1021ae,phase03-sufficiency-annotation-v1,f2fe3f7f29b834d78fd7c79bf4d4a94faee43c658d89c48e386854123066802b
phase03-annotation-sample-v1,b7419139e12911196fa35bec6f5fdde5cdb4040ac4b72226875b73e85dc59f00,39,TRAIN_Q035,train,hybrid,10,benchmark_impossible,42,6b6b9afa51e5ac670827d6dd86989bb17c16365b96aea1e97c9dea15ca87a26f,phase03-sufficiency-annotation-v1,f2fe3f7f29b834d78fd7c79bf4d4a94faee43c658d89c48e386854123066802b
phase03-annotation-sample-v1,b9df73233adeca6d1e82386af25b4999f1874e548e8ebcc1c28ab9addf3a9533,118,DEV_Q067,train,dense,10,wrong_document_retrieval,42,1a1e44e993821a61e817830a08ce47773f8588de99022a999a5814582661ab81,phase03-sufficiency-annotation-v1,f2fe3f7f29b834d78fd7c79bf4d4a94faee43c658d89c48e386854123066802b
phase03-annotation-sample-v1,bc4a587c04c9ff93f1ee19f78987960e6933dc28a1036b17927eecce49218a9e,65,TRAIN_Q145,train,bm25,5,wrong_document_retrieval,42,4f4387223d8f1ce9d1da9cd8de9adb8cdfe1085b3a9d88654a97aa4062c56a2a,phase03-sufficiency-annotation-v1,f2fe3f7f29b834d78fd7c79bf4d4a94faee43c658d89c48e386854123066802b
phase03-annotation-sample-v1,bce6940f24e269ee623725bf1e2ca8b7843ba7bc578f1be79787a2b6ba9bb65e,123,TRAIN_Q120,validation,bm25,1,correct_document_insufficient,42,153c43250518434667aee3ec4e81adbb58c34ab46604d04f98a98b6d4c6b9866,phase03-sufficiency-annotation-v1,f2fe3f7f29b834d78fd7c79bf4d4a94faee43c658d89c48e386854123066802b
phase03-annotation-sample-v1,bd7f99a10ba327cc9616c3c194b10aa280d84499d786ad75d865c548af29a14e,66,TRAIN_Q342,train,hybrid,1,benchmark_impossible,42,f1872a5351692c9f36ba3e24e158afd413561d823e3a4c6d5549359fb4d82957,phase03-sufficiency-annotation-v1,f2fe3f7f29b834d78fd7c79bf4d4a94faee43c658d89c48e386854123066802b
phase03-annotation-sample-v1,c078eadd741806e2cdb54087d7a1c51b8887a0ffc51580c9f4c03aba448fec35,150,TRAIN_Q495,train,hybrid,10,correct_document_insufficient,42,104d60525a8aae065b5371a102aea01d271f679d75c9bf561ac8745a03cb5920,phase03-sufficiency-annotation-v1,f2fe3f7f29b834d78fd7c79bf4d4a94faee43c658d89c48e386854123066802b
phase03-annotation-sample-v1,c196ed4808ea799d6269441c73c3a0ee3b9eea8dd9bfe45fd3af1fbb0457d6ba,142,TRAIN_Q435,validation,dense,5,benchmark_impossible,42,3cbf42993a7d2a7d4a1f2b9c74dec77040fb7c88a46135b8671eb94df2360ae2,phase03-sufficiency-annotation-v1,f2fe3f7f29b834d78fd7c79bf4d4a94faee43c658d89c48e386854123066802b
phase03-annotation-sample-v1,c215ce82d10534616586a60cc4e71ad573fe2020b9b5e9973fd67d137e3b32d4,147,TRAIN_Q548,train,hybrid,10,automatic_positive,42,1c8f74416eb1a6b7242ed42ac0753cb8cc314893f378999244d8f44bed0eafc0,phase03-sufficiency-annotation-v1,f2fe3f7f29b834d78fd7c79bf4d4a94faee43c658d89c48e386854123066802b
phase03-annotation-sample-v1,c58f5679a4b1a1108bf54f04109741707b668cf29059ca90c331111f48b1d432,86,TRAIN_Q058,validation,hybrid,5,wrong_document_retrieval,42,6898db1e76e71f41da8451ec244ecdd5f43f440e1d87e1452529175620ae79b5,phase03-sufficiency-annotation-v1,f2fe3f7f29b834d78fd7c79bf4d4a94faee43c658d89c48e386854123066802b
phase03-annotation-sample-v1,c6be6984ac3781bcb33019eb4e77c48b048e4dbf5849c4f3e11f7262cc92114e,26,DEV_Q290,validation,bm25,5,automatic_positive,42,021c63bcdf428918283a0fac40f71ebcc0b3eb9d1f6b666bcb6964d6a0958f19,phase03-sufficiency-annotation-v1,f2fe3f7f29b834d78fd7c79bf4d4a94faee43c658d89c48e386854123066802b
phase03-annotation-sample-v1,c87a9a71f3f97a915b8eb66e180715eadf125282ef113dd20600231363349984,100,TRAIN_Q272,validation,bm25,10,wrong_document_retrieval,42,e716fa944c26644e7f50272c62767bd37b5765098ce010a01e205dfc71988e76,phase03-sufficiency-annotation-v1,f2fe3f7f29b834d78fd7c79bf4d4a94faee43c658d89c48e386854123066802b
phase03-annotation-sample-v1,c99d4e8f85de39adbe9136d86928963afdd894c7245a4b2bd98a7850869b7d23,138,TRAIN_Q235,train,bm25,3,correct_document_insufficient,42,a2d686ee58db44d27dc4eb73661a5653c8858c729756fc40bc9731b17b0af4a7,phase03-sufficiency-annotation-v1,f2fe3f7f29b834d78fd7c79bf4d4a94faee43c658d89c48e386854123066802b
phase03-annotation-sample-v1,ca0897340b5471f171f358d4f275ff47885d350b310ca0d27f4e4451ac2f8fe4,102,TRAIN_Q134,validation,hybrid,3,automatic_positive,42,e8f84c98ab005d36196742cbf8a5831ad60c50460879bcfa8437fa63a1887fd9,phase03-sufficiency-annotation-v1,f2fe3f7f29b834d78fd7c79bf4d4a94faee43c658d89c48e386854123066802b
phase03-annotation-sample-v1,ca70f6a8dd321663751a37b768a41fda13fd89678830ce61505a5b33dedc9fdf,72,TRAIN_Q481,train,dense,3,benchmark_impossible,42,094e851e419dca30810356230fa69444baeec4991400bff85f05a1fd469f7cc2,phase03-sufficiency-annotation-v1,f2fe3f7f29b834d78fd7c79bf4d4a94faee43c658d89c48e386854123066802b
phase03-annotation-sample-v1,cb5a4cacc285ddfea00b753d1856ad9fa642608a2a0b334ee3cb5a5c43e8cfea,12,TRAIN_Q533,validation,dense,10,correct_document_insufficient,42,bad7cab5c5e8830f00e8ecb4df41b1e6d460cf5d9ffd6081df8dc04a8afba7d7,phase03-sufficiency-annotation-v1,f2fe3f7f29b834d78fd7c79bf4d4a94faee43c658d89c48e386854123066802b
phase03-annotation-sample-v1,ccd208f56b4043607f8ff821b0db31c847efcd13736d6f4faccf927860adc487,46,TRAIN_Q151,train,hybrid,5,correct_document_insufficient,42,921c1a4ace65d9c81e281f010558ee683597e07eb06acf41adfd4ce7b22bc348,phase03-sufficiency-annotation-v1,f2fe3f7f29b834d78fd7c79bf4d4a94faee43c658d89c48e386854123066802b
phase03-annotation-sample-v1,cedb6fb26352acd01a7eb41c4beb2889e9cbfa1875593b005396a2079b45612f,9,TRAIN_Q097,validation,dense,3,correct_document_insufficient,42,3835f5a4f426b977011f9bdc15a501cb38ae6100bf15d80ff465cca22600394b,phase03-sufficiency-annotation-v1,f2fe3f7f29b834d78fd7c79bf4d4a94faee43c658d89c48e386854123066802b
phase03-annotation-sample-v1,cfeb6cbd4cad5c79d32391c18eb8661296d70991bf9d5bfc3ce330804e650e18,41,DEV_Q203,validation,bm25,3,benchmark_impossible,42,38467536380b200f63cd2126e2007bbd31768fdced7d539ddfb56a24f1dcae14,phase03-sufficiency-annotation-v1,f2fe3f7f29b834d78fd7c79bf4d4a94faee43c658d89c48e386854123066802b
phase03-annotation-sample-v1,d6dec7478295f9123eac7a1c5ffa3771c9b3eea157c599ef15ef3f248b10f64a,67,TRAIN_Q546,train,hybrid,3,correct_document_insufficient,42,73921e6a7eb6cc5a50d52bc745a6be5610de106cf82447a71b1d3c6fc680d53b,phase03-sufficiency-annotation-v1,f2fe3f7f29b834d78fd7c79bf4d4a94faee43c658d89c48e386854123066802b
phase03-annotation-sample-v1,d8b43ac41b2cde08d5200bc3fe11fff3beae5d1e766b2302d53fafb18872ee6e,139,TRAIN_Q087,validation,hybrid,3,correct_document_insufficient,42,7cfed20617e05f070d41d78442f50ce08f1dd11e041d1cee1b8607b74555e8ec,phase03-sufficiency-annotation-v1,f2fe3f7f29b834d78fd7c79bf4d4a94faee43c658d89c48e386854123066802b
phase03-annotation-sample-v1,dc8ecb1ac65dd4d18d8017d3841ea704a8a495af6accec8e0aa71c4e0062c23e,3,TRAIN_Q126,validation,dense,3,partial_overlap,42,68d135ef4de063bd91de545d343a47ebb337290ebc665e84c46f0190c561598c,phase03-sufficiency-annotation-v1,f2fe3f7f29b834d78fd7c79bf4d4a94faee43c658d89c48e386854123066802b
phase03-annotation-sample-v1,e19ea76e30b8a569de505bda61572d9e2d9f17bce44656641f4b62f5de0880bf,35,TRAIN_Q082,validation,hybrid,1,wrong_document_retrieval,42,2bd4a65284f3feaccf4bca648bc254a74ecbc5531ba76204cb04cc5ee486409a,phase03-sufficiency-annotation-v1,f2fe3f7f29b834d78fd7c79bf4d4a94faee43c658d89c48e386854123066802b
phase03-annotation-sample-v1,e236d906db8acbaa1add131ddb110440a109c084c98939eac9f8946548060057,97,TRAIN_Q362,train,bm25,3,partial_overlap,42,66206138d30c15beb47febb0e9e727746862cccf322732226ed4a450f623f1b1,phase03-sufficiency-annotation-v1,f2fe3f7f29b834d78fd7c79bf4d4a94faee43c658d89c48e386854123066802b
phase03-annotation-sample-v1,e4434ef18670f325dc7f5d96f008017d345da45d983973f6434b17e2aa8ce79e,132,TRAIN_Q538,train,bm25,1,wrong_document_retrieval,42,9304248d5eb9335b1624bbb658254b46849deb68d88a74ad6db9f406564cdc26,phase03-sufficiency-annotation-v1,f2fe3f7f29b834d78fd7c79bf4d4a94faee43c658d89c48e386854123066802b
phase03-annotation-sample-v1,e7f2c072251f98041c626b1d8abf8db5bdad1c5aef9d69ca87234eeeba2f2037,14,DEV_Q154,validation,dense,5,wrong_document_retrieval,42,0f11cbd72c87ca642aac7807296659fd78c6d0d57d5f49ec3e5b5d608293642d,phase03-sufficiency-annotation-v1,f2fe3f7f29b834d78fd7c79bf4d4a94faee43c658d89c48e386854123066802b
phase03-annotation-sample-v1,e90b0819ca3ef156b86477d3bb6d6a9c6434dfdefbda58d95b911373ac86d923,149,TRAIN_Q524,train,dense,1,correct_document_insufficient,42,951a45f64d0fdf72604bc87aae5c876e25f1e5fc8f8511733af51bc0fc264f64,phase03-sufficiency-annotation-v1,f2fe3f7f29b834d78fd7c79bf4d4a94faee43c658d89c48e386854123066802b
phase03-annotation-sample-v1,ea0be85892c6de0c302492d7475bad79144e75ca9c4eb2b9a8fac5a50c9f3612,99,DEV_Q086,train,bm25,1,benchmark_impossible,42,9994aa2cb5a713469c7403d1cba0c05df82b7acd4bd517a34e360e67e0c886c3,phase03-sufficiency-annotation-v1,f2fe3f7f29b834d78fd7c79bf4d4a94faee43c658d89c48e386854123066802b
phase03-annotation-sample-v1,ea5fce024295beba0c24195a1c208d3c574c5e5da35b5daa897a518594fad577,101,DEV_Q113,validation,bm25,5,benchmark_impossible,42,43f4a1cd32758ce6034b03c6661bbb4bd1a4c84cb208a5a8ede1555271cd45b6,phase03-sufficiency-annotation-v1,f2fe3f7f29b834d78fd7c79bf4d4a94faee43c658d89c48e386854123066802b
phase03-annotation-sample-v1,eaf0505b181fe1e6f6ca62ec272fa55adb9138bd3a63b07598b7fc18d8ed1fac,51,TRAIN_Q485,validation,hybrid,1,benchmark_impossible,42,22780dce1eff40a9eee96eed4ccab8ad9e9153a08393434a204f1e996bae289c,phase03-sufficiency-annotation-v1,f2fe3f7f29b834d78fd7c79bf4d4a94faee43c658d89c48e386854123066802b
phase03-annotation-sample-v1,ed27555be2e1a9dd06f3df4d24acf54efa4bc6f8781200f36d235f93e98eae84,48,TRAIN_Q207,validation,bm25,5,wrong_document_retrieval,42,ba2afaf25176a7e892d817bdace9cae79ebbad7d49f24145d86950d1ff392118,phase03-sufficiency-annotation-v1,f2fe3f7f29b834d78fd7c79bf4d4a94faee43c658d89c48e386854123066802b
phase03-annotation-sample-v1,ed38c5358d03b982cfff6fda202bbb4373938fd1c8f90b179ef4e87ffcb6589d,59,DEV_Q227,train,dense,3,benchmark_impossible,42,26c95521d33689f94d55b7727dbed276b93f1a5b0a02b76bcecac2604a89f04d,phase03-sufficiency-annotation-v1,f2fe3f7f29b834d78fd7c79bf4d4a94faee43c658d89c48e386854123066802b
phase03-annotation-sample-v1,ed56aff96b0bf5fcf80bd121984d1d740623d5bcef28ad649ec79e9a07245af5,91,TRAIN_Q330,train,bm25,5,correct_document_insufficient,42,ff210659ea1f9dbc80dfe3466f6e303b89ba2d4ee3c5f9a46ae6009709901bd3,phase03-sufficiency-annotation-v1,f2fe3f7f29b834d78fd7c79bf4d4a94faee43c658d89c48e386854123066802b
phase03-annotation-sample-v1,eeada05a0be6e35e272e668a5e4e34058badf4c36fab2aa55c19c102fe6334a0,55,DEV_Q293,validation,dense,1,benchmark_impossible,42,c88bbbde2422f71c9834dd3b6d42d40cf8363b3e07062c0b7fca54c5e1a73773,phase03-sufficiency-annotation-v1,f2fe3f7f29b834d78fd7c79bf4d4a94faee43c658d89c48e386854123066802b
phase03-annotation-sample-v1,f0b10947a89e727dd29f7bbf49115236c61db8b92a9ee240784f931088ab1184,15,DEV_Q102,train,bm25,5,automatic_positive,42,5dc4eda8706c47f816e5ac0ba01e6d1311454e1a0c7f36a3c25b083aee99ca2e,phase03-sufficiency-annotation-v1,f2fe3f7f29b834d78fd7c79bf4d4a94faee43c658d89c48e386854123066802b
phase03-annotation-sample-v1,f26d9aea2df9152984c60435b59e9420c3dcbcb39d01bde05d27cbff3e183bdd,29,TRAIN_Q445,train,dense,3,automatic_positive,42,b21d72317801cd669186cd4102b01944ea630b59650f4d60bd3555ff671491a5,phase03-sufficiency-annotation-v1,f2fe3f7f29b834d78fd7c79bf4d4a94faee43c658d89c48e386854123066802b
phase03-annotation-sample-v1,f4a505eb18a6ed31bc0108d0f3e48665e98e07495895b5f6d6865da591fe98dc,56,TRAIN_Q521,train,bm25,5,correct_document_insufficient,42,cde05e91b3045ab016e32150f68b897781977d5b584d1e1b241ca7785c845b78,phase03-sufficiency-annotation-v1,f2fe3f7f29b834d78fd7c79bf4d4a94faee43c658d89c48e386854123066802b
phase03-annotation-sample-v1,f92a1ce476cafd8383b7680f2424005a0af9a12dd5dac9728b93bfab705e4178,76,TRAIN_Q019,train,hybrid,5,partial_overlap,42,042e37b45a2647c1c2071ababcddbb260174302ef814a8a4489bc56e727e1dcc,phase03-sufficiency-annotation-v1,f2fe3f7f29b834d78fd7c79bf4d4a94faee43c658d89c48e386854123066802b
phase03-annotation-sample-v1,faf16c1302d407118a1954168af5413f1de43e8580df13d78aaff040ba336645,73,TRAIN_Q352,train,hybrid,10,wrong_document_retrieval,42,12bda3054fec7d1ddc134003cb0bf82fd12ea4f4ff2289d1618a21e71c44448e,phase03-sufficiency-annotation-v1,f2fe3f7f29b834d78fd7c79bf4d4a94faee43c658d89c48e386854123066802b
phase03-annotation-sample-v1,faff6984643f27ae7be4cc76726faf5163b237cceb79fde3480a878826e1f1d0,40,DEV_Q134,validation,dense,10,correct_document_insufficient,42,d10674db09f42aa69656d16347fb297b66e5ade205b5eabfab997e3a7f923813,phase03-sufficiency-annotation-v1,f2fe3f7f29b834d78fd7c79bf4d4a94faee43c658d89c48e386854123066802b
phase03-annotation-sample-v1,fc960eabce0f0e3cb29f53897c8888ea36453430474f7d37470cd5daff701d2e,141,TRAIN_Q576,validation,hybrid,5,automatic_positive,42,f2e036956af7933e1e13451fb8b4019455b73f4e88649403fb2e9bc8549c58e1,phase03-sufficiency-annotation-v1,f2fe3f7f29b834d78fd7c79bf4d4a94faee43c658d89c48e386854123066802b
phase03-annotation-sample-v1,fd5668c6cc5dce9222d13dffd2ec4bf2e18fe5f097e639f48074e59f72661558,8,TRAIN_Q294,train,dense,1,wrong_document_retrieval,42,2f340aef360fdfc076cb27eeea1c3a9dc652a52e92dbea4046949cc00d53199e,phase03-sufficiency-annotation-v1,f2fe3f7f29b834d78fd7c79bf4d4a94faee43c658d89c48e386854123066802b
phase03-annotation-sample-v1,ffc53be19657465a9d9e9417f8638f2e6e39c68166e1ea51e3666e20f86494f4,85,TRAIN_Q592,validation,dense,3,partial_overlap,42,a179965069a8437ca5166b13a06df7c5e1d9578e09b055d1c742aacc78b30351,phase03-sufficiency-annotation-v1,f2fe3f7f29b834d78fd7c79bf4d4a94faee43c658d89c48e386854123066802b
