threshold,mean_f1,mean_precision,fold_f1_json,fold_precision_json,selected
0,0.62692152903905551,0.45696778711484598,"[0.6122448979591837,0.6578947368421053,0.593103448275862,0.64,0.6313645621181263]","[0.4411764705882353,0.49019607843137253,0.4215686274509804,0.47058823529411764,0.46130952380952384]",False
0.01,0.62692152903905551,0.45696778711484598,"[0.6122448979591837,0.6578947368421053,0.593103448275862,0.64,0.6313645621181263]","[0.4411764705882353,0.49019607843137253,0.4215686274509804,0.47058823529411764,0.46130952380952384]",False
0.02,0.62700339286904527,0.45705052874928187,"[0.6122448979591837,0.6578947368421053,0.5935127674258109,0.64,0.6313645621181263]","[0.4411764705882353,0.49019607843137253,0.42198233562315995,0.47058823529411764,0.46130952380952384]",False
0.029999999999999999,0.62708674819892396,0.45713711883183106,"[0.6126616746085772,0.6578947368421053,0.5935127674258109,0.64,0.6313645621181263]","[0.44160942100098133,0.49019607843137253,0.42198233562315995,0.47058823529411764,0.46130952380952384]",False
0.040000000000000001,0.62716872510050214,0.45722002302350556,"[0.6126616746085772,0.6578947368421053,0.5939226519337016,0.64,0.6313645621181263]","[0.44160942100098133,0.49019607843137253,0.4223968565815324,0.47058823529411764,0.46130952380952384]",False
0.050000000000000003,0.6272508153080949,0.45730309025193849,"[0.6126616746085772,0.6578947368421053,0.5943331029716655,0.64,0.6313645621181263]","[0.44160942100098133,0.49019607843137253,0.42281219272369713,0.47058823529411764,0.46130952380952384]",False
0.059999999999999998,0.6274764660806641,0.45763126940135662,"[0.6134969325153374,0.6578947368421053,0.5937716262975778,0.6408544726301736,0.6313645621181263]","[0.4424778761061947,0.49019607843137253,0.42266009852216746,0.4715127701375246,0.46130952380952384]",False
0.070000000000000007,0.6274764660806641,0.45763126940135662,"[0.6134969325153374,0.6578947368421053,0.5937716262975778,0.6408544726301736,0.6313645621181263]","[0.4424778761061947,0.49019607843137253,0.42266009852216746,0.4715127701375246,0.46130952380952384]",False
0.080000000000000002,0.62790607051382985,0.45809782792569759,"[0.6134969325153374,0.6583278472679395,0.5937716262975778,0.6421404682274248,0.6317934782608695]","[0.4424778761061947,0.49067713444553485,0.42266009852216746,0.4729064039408867,0.4617676266137041]",False
0.089999999999999997,0.62816246602158354,0.45837460551753068,"[0.6139154160982264,0.6587615283267457,0.5937716262975778,0.642570281124498,0.6317934782608695]","[0.44291338582677164,0.4911591355599214,0.42266009852216746,0.47337278106508873,0.4617676266137041]",False
0.10000000000000001,0.62867136130401735,0.45890980910335255,"[0.6139154160982264,0.6587615283267457,0.5945945945945946,0.642570281124498,0.6335149863760218]","[0.44291338582677164,0.4911591355599214,0.42349457058242845,0.47337278106508873,0.46360917248255235]",False
0.11,0.62884363215686567,0.45909691296938615,"[0.6139154160982264,0.6587615283267457,0.5945945945945946,0.6434316353887399,0.6335149863760218]","[0.44291338582677164,0.4911591355599214,0.42349457058242845,0.4743083003952569,0.46360917248255235]",False
0.12,0.62927321193499375,0.45955618158162953,"[0.6143344709897611,0.6587615283267457,0.5945945945945946,0.6438631790744467,0.6348122866894198]","[0.4433497536945813,0.4911591355599214,0.42349457058242845,0.47477744807121663,0.465]",False
0.13,0.62970408687522605,0.46001748214722482,"[0.6147540983606558,0.6587615283267457,0.5945945945945946,0.6442953020134228,0.6361149110807114]","[0.4437869822485207,0.4911591355599214,0.42349457058242845,0.4752475247524752,0.4663991975927783]",False
0.14000000000000001,0.63012656886270302,0.46046344672151368,"[0.6151742993848257,0.6591957811470006,0.5954198473282443,0.6447280053727333,0.6361149110807114]","[0.4442250740375123,0.4916420845624385,0.42433234421364985,0.4757185332011893,0.4663991975927783]",False
0.14999999999999999,0.63070539962411165,0.46126893781403888,"[0.6164383561643836,0.6596306068601583,0.5958333333333333,0.6455097906819717,0.6361149110807114]","[0.44554455445544555,0.4921259842519685,0.42475247524752474,0.4775224775224775,0.4663991975927783]",False
0.16,0.63153439823975677,0.46232893923125562,"[0.6185567010309279,0.6605019815059445,0.5970772442588727,0.6445497630331753,0.636986301369863]","[0.44776119402985076,0.4930966469428008,0.4260178748758689,0.477432296890672,0.46733668341708545]",False
0.17000000000000001,0.63221640622757369,0.46314772708876539,"[0.6189821182943603,0.6604897418927862,0.5983263598326359,0.6454237288135594,0.6378600823045267]","[0.448207171314741,0.49357072205736896,0.42729083665338646,0.47839195979899496,0.46827794561933533]",False
0.17999999999999999,0.6329508038985926,0.46411189057231522,"[0.6215469613259669,0.6613651424784626,0.5986013986013986,0.6453804347826086,0.6378600823045267]","[0.45090180360721444,0.49454905847373637,0.428,0.4788306451612903,0.46827794561933533]",False
0.19,0.63379183470078404,0.46519837404894843,"[0.6224066390041494,0.6626826029216467,0.6002805049088359,0.6444141689373297,0.6391752577319587]","[0.45180722891566266,0.4960238568588469,0.42971887550200805,0.47874493927125505,0.4696969696969697]",False
0.20000000000000001,0.6351749658499658,0.46695896332743192,"[0.6263048016701461,0.6613333333333333,0.601123595505618,0.6457337883959045,0.6413793103448275]","[0.45592705167173253,0.496,0.4305835010060362,0.48020304568527916,0.4720812182741117]",False
0.20999999999999999,0.6366526596323262,0.46864619406018881,"[0.6293706293706294,0.6622162883845126,0.6023926812104152,0.6470185058259081,0.6422651933701657]","[0.45918367346938777,0.4969939879759519,0.4318869828456105,0.4821246169560776,0.47304170905391657]",False
0.22,0.63785341667869533,0.47023059207109724,"[0.631578947368421,0.6635451505016723,0.6040931545518702,0.6460055096418733,0.6440443213296398]","[0.46153846153846156,0.4984924623115578,0.4336372847011145,0.4825102880658436,0.47497446373850866]",False
0.23000000000000001,0.63902575232332315,0.47186619609688452,"[0.6332155477031802,0.6635451505016723,0.6056737588652482,0.6459627329192547,0.6467315716272601]","[0.46424870466321244,0.4984924623115578,0.4357142857142857,0.48297213622291024,0.4779033915724563]",False
0.23999999999999999,0.6391274216334597,0.4725697694878262,"[0.6344238975817923,0.6635388739946381,0.6041222459132907,0.6459197786998617,0.6476323119777159]","[0.4665271966527197,0.49899193548387094,0.43500511770726713,0.4834368530020704,0.4788877445932029]",False
0.25,0.6391893534757529,0.47352040036938281,"[0.6323319027181689,0.6626425217974514,0.6052819414703783,0.6453407510431154,0.6503496503496503]","[0.46624472573839665,0.49848637739656915,0.43666323377960864,0.48434237995824636,0.48186528497409326]",False
0.26000000000000001,0.63987490925076629,0.47477488695855952,"[0.6341463414634146,0.6608344549125168,0.6055833929849678,0.6480055983205039,0.6508047585724283]","[0.4682203389830508,0.49797160243407707,0.43743536711478803,0.48788198103266595,0.4823651452282158]",False
0.27000000000000002,0.64201839669829219,0.47741887979439446,"[0.6378066378066378,0.6603646185010128,0.6076313894888409,0.6502808988764045,0.6540084388185654]","[0.4722222222222222,0.4984709480122324,0.44004171011470283,0.4904661016949153,0.48589341692789967]",False
0.28000000000000003,0.64248294608284584,0.4786587669028286,"[0.6405228758169934,0.6635006784260515,0.607942238267148,0.6459802538787024,0.6544686840253343]","[0.47572815533980584,0.502053388090349,0.4408376963350785,0.488272921108742,0.48640167364016734]",False
0.28999999999999998,0.64382115591968803,0.48055621167968121,"[0.6446886446886447,0.6648501362397821,0.6086956521739131,0.6454802259887006,0.6553911205073996]","[0.4808743169398907,0.5041322314049587,0.4421052631578947,0.48824786324786323,0.48742138364779874]",False
0.29999999999999999,0.64459694557044023,0.48222428456179423,"[0.6484893146647015,0.6621067031463749,0.6102189781021898,0.6453900709219859,0.6567796610169492]","[0.48511576626240355,0.5031185031185031,0.44468085106382976,0.489247311827957,0.4889589905362776]",False
0.31,0.64605713142751708,0.48469458895766493,"[0.6518518518518519,0.6602209944751382,0.6133528980190756,0.6462196861626248,0.6586402266288952]","[0.4888888888888889,0.5042194092827004,0.4480171489817792,0.4913232104121475,0.4910242872228089]",False
0.32000000000000001,0.64938571232489495,0.48921092520970139,"[0.6576779026217229,0.6611111111111111,0.6168639053254438,0.6488824801730353,0.6623931623931624]","[0.496045197740113,0.5063829787234042,0.4522776572668113,0.4961411245865491,0.4952076677316294]",False
0.33000000000000002,0.65132399417901921,0.49211651939030859,"[0.6586466165413534,0.6634009797060881,0.6181277860326895,0.6540697674418605,0.6623748211731044]","[0.49772727272727274,0.5102260495156081,0.45414847161572053,0.5022321428571429,0.4962486602357985]",False
0.34000000000000002,0.65359336179932426,0.49584193388554026,"[0.6631339894019682,0.6666666666666666,0.6209495101733233,0.6529411764705882,0.6642754662840746]","[0.5028702640642939,0.5140997830802603,0.4593088071348941,0.5045454545454545,0.4983853606027987]",False
0.34999999999999998,0.65423812180092056,0.49805454154879791,"[0.6600458365164248,0.6690190543401553,0.6196969696969697,0.6557620817843867,0.6666666666666666]","[0.5029103608847497,0.5169029443838604,0.45955056179775283,0.5098265895953757,0.5010822510822511]",False
0.35999999999999999,0.6545580360437141,0.49984782194205818,"[0.6620583717357911,0.6709310589907604,0.6184310738766184,0.6542195668409261,0.6671501087744742]","[0.505868544600939,0.5203969128996693,0.45979614949037373,0.509895227008149,0.5032822757111597]",False
0.37,0.65750382045973355,0.50416370426418589,"[0.6666666666666666,0.671919770773639,0.6217457886676876,0.6571213262999246,0.6700655498907502]","[0.5125448028673835,0.5234375,0.4634703196347032,0.5147579693034239,0.5066079295154186]",False
0.38,0.66020234356023122,0.50807427510720249,"[0.6682242990654206,0.6743515850144092,0.6223938223938223,0.6590736522399393,0.6769683590875644]","[0.5143884892086331,0.527027027027027,0.4658959537572254,0.5185185185185185,0.5145413870246085]",False
0.39000000000000001,0.66274601457185922,0.51265898683494071,"[0.668769716088328,0.6767895878524945,0.622568093385214,0.6620583717357911,0.6835443037974683]","[0.5183374083129584,0.5300113250283126,0.4678362573099415,0.524330900243309,0.5227790432801822]",False
0.40000000000000002,0.66465241141049358,0.51647641471073646,"[0.6687797147385103,0.674435542607429,0.6247049567269867,0.6651162790697674,0.6902255639097744]","[0.5197044334975369,0.5303550973654066,0.47205707491082044,0.5296296296296297,0.530635838150289]",False
0.40999999999999998,0.66493449426405671,0.51929445187633438,"[0.6725099601593626,0.6715542521994134,0.6274821286735505,0.6651017214397497,0.6880244088482075]","[0.5242236024844721,0.5300925925925926,0.4764776839565742,0.5325814536340853,0.533096926713948]",False
0.41999999999999998,0.66705628785212379,0.52409332127918784,"[0.677938808373591,0.6686434395848777,0.6276083467094703,0.6682501979414094,0.6928406466512702]","[0.5315656565656566,0.5312131919905771,0.4791666666666667,0.5389527458492975,0.539568345323741]",False
0.42999999999999999,0.6674730346747072,0.52715076718724307,"[0.6774716369529984,0.6696562032884903,0.6293592862935928,0.6677316293929713,0.6931464174454829]","[0.5331632653061225,0.5346062052505967,0.48318804483188044,0.5414507772020726,0.5433455433455433]",False
0.44,0.66878190645643454,0.53100929758168858,"[0.6802610114192496,0.6726998491704375,0.6317512274959084,0.6731234866828087,0.6860739575137687]","[0.5373711340206185,0.5399515738498789,0.48737373737373735,0.549407114624506,0.5409429280397022]",False
0.45000000000000001,0.67108053289535941,0.5361639870517606,"[0.6910907577019151,0.668693009118541,0.629232039636664,0.677497969130788,0.6888888888888889]","[0.5525965379494008,0.5392156862745098,0.4878361075544174,0.5552596537949401,0.5459119496855346]",False
0.46000000000000002,0.67240963586887836,0.53975773530965998,"[0.6884970612930311,0.6687069625095639,0.6317539484621779,0.6792452830188679,0.6938449240607514]","[0.553306342780027,0.5415117719950434,0.49159120310478654,0.5602165087956699,0.5521628498727735]",False
0.46999999999999997,0.67319452867208562,0.54401517748682071,"[0.6888888888888889,0.6707787201233616,0.6296296296296297,0.6793388429752066,0.6973365617433414]","[0.5597222222222222,0.5457967377666249,0.49340369393139843,0.563013698630137,0.5581395348837209]",False
0.47999999999999998,0.67376202357848758,0.54707990284758146,"[0.6856649395509499,0.6728538283062645,0.631578947368421,0.6783042394014963,0.7004081632653061]","[0.5607344632768362,0.5485498108448928,0.49732620320855614,0.5643153526970954,0.5644736842105263]",False
0.48999999999999999,0.67575859917768377,0.55306980438791176,"[0.6925110132158591,0.6770914777169664,0.6323024054982818,0.6790227464195451,0.6978653530377669]","[0.5737226277372263,0.5558408215661104,0.5013623978201635,0.57001414427157,0.5644090305444888]",False
0.5,0.67460157114713437,0.55682344961990071,"[0.6881720430107527,0.6740681998413958,0.6294681778552746,0.6779661016949152,0.7033333333333334]","[0.5765765765765766,0.5584756898817346,0.5034867503486751,0.5714285714285714,0.5741496598639456]",False
0.51000000000000001,0.6727676829845457,0.55914444037404043,"[0.6864864864864865,0.6800320769847634,0.6243386243386243,0.6797608881298036,0.6932203389830508]","[0.5772727272727273,0.5676037483266398,0.5028409090909091,0.5759768451519537,0.5720279720279721]",False
0.52000000000000002,0.67199270438941616,0.56288207877493657,"[0.6904109589041096,0.6835236541598695,0.621307072515667,0.6815450643776824,0.6831767719897524]","[0.586046511627907,0.5771349862258953,0.50509461426492,0.5795620437956205,0.56657223796034]",False
0.53000000000000003,0.66963329154282902,0.56552546885136845,"[0.6882516188714154,0.6794019933554817,0.6195652173913043,0.6776429809358753,0.6833046471600689]","[0.589540412044374,0.5809659090909091,0.5074183976261127,0.5801186943620178,0.569583931133429]",False
0.54000000000000004,0.67436507183493144,0.57385811771251904,"[0.6928104575163399,0.6829679595278246,0.6314814814814815,0.6788511749347258,0.6857142857142857]","[0.5974235104669887,0.5903790087463557,0.5246153846153846,0.5829596412556054,0.5739130434782609]",False
0.55000000000000004,0.67591112086278149,0.58115148815827866,"[0.6987724268177526,0.681468830059778,0.6377358490566037,0.6777875329236172,0.6837909654561559]","[0.6075533661740559,0.5946348733233979,0.5365079365079365,0.5857359635811836,0.5813253012048193]",False
0.56000000000000005,0.67007527876706319,0.58462871778748782,"[0.6954851104707013,0.6730769230769231,0.6293436293436293,0.6714671467146714,0.6810035842293907]","[0.6125211505922166,0.5978260869565217,0.5379537953795379,0.5911251980982567,0.5837173579109063]",False
0.56999999999999995,0.66908135414258374,0.58941340744055482,"[0.6957364341085271,0.6708407871198568,0.6309639727361246,0.6721162579473207,0.6757493188010899]","[0.6168384879725086,0.6067961165048543,0.542713567839196,0.5958132045088567,0.5849056603773585]",False
0.57999999999999996,0.6721750459695619,0.5977641016148223,"[0.7019607843137254,0.6702800361336947,0.6381709741550696,0.6758747697974218,0.6745886654478976]","[0.6280701754385964,0.6112026359143328,0.5572916666666666,0.6056105610561056,0.5866454689984102]",False
0.58999999999999997,0.67240388790350425,0.60346909945016747,"[0.7029702970297029,0.6654545454545454,0.6391129032258065,0.67984934086629,0.6746323529411765]","[0.6339285714285714,0.61,0.5640569395017794,0.6202749140893471,0.5890850722311396]",False
0.59999999999999998,0.67758693212881049,0.6150297244793872,"[0.7116935483870968,0.6685133887349953,0.6480908152734778,0.683111954459203,0.6765249537892791]","[0.6512915129151291,0.6209262435677531,0.5825602968460112,0.627177700348432,0.593192868719611]",False
0.60999999999999999,0.67949959379498859,0.6253292912267161,"[0.7115188583078491,0.6716557530402245,0.6511134676564156,0.6833976833976834,0.67981220657277]","[0.6572504708097928,0.6309314586994728,0.5984405458089669,0.6366906474820144,0.6033333333333334]",False
0.62,0.68161784494189392,0.63596059427178686,"[0.7158974358974359,0.6704545454545454,0.6521739130434783,0.681640625,0.6879227053140097]","[0.6647619047619048,0.6366906474820144,0.6122448979591837,0.6415441176470589,0.624561403508772]",True
0.63,0.6802739766615602,0.64327812255336758,"[0.7160751565762005,0.6692307692307692,0.6497797356828194,0.6904761904761905,0.6758080313418218]","[0.6751968503937008,0.6444444444444445,0.6171548117154811,0.6590909090909091,0.6205035971223022]",False
0.64000000000000001,0.67259555435323326,0.64681316925494503,"[0.7168610816542949,0.6568338249754179,0.6458100558659218,0.6761421319796954,0.6673306772908366]","[0.6855983772819473,0.6460348162475822,0.621505376344086,0.6594059405940594,0.62152133580705]",False
0.65000000000000002,0.67185373189228437,0.65731124433273225,"[0.7162592986184909,0.6606060606060606,0.6408209806157354,0.6735537190082644,0.6680286006128703]","[0.6863543788187373,0.6673469387755102,0.6286353467561522,0.6680327868852459,0.6361867704280155]",False
0.66000000000000003,0.66431028546967863,0.66361824172236783,"[0.71259418729817,0.6496424923391215,0.6479532163742691,0.6772151898734177,0.6341463414634146]","[0.6910229645093946,0.6638830897703549,0.6517647058823529,0.6858974358974359,0.6255230125523012]",False
0.67000000000000004,0.65504799001801317,0.66766606699036568,"[0.6995614035087719,0.6283924843423799,0.6476190476190476,0.6780748663101605,0.6215921483097055]","[0.6904761904761905,0.6572052401746725,0.6634146341463415,0.6967032967032967,0.6305309734513275]",False
0.68000000000000005,0.64957915474666394,0.67371879698538462,"[0.6969026548672567,0.6196581196581197,0.6365853658536585,0.6745945945945946,0.6201550387596899]","[0.6938325991189427,0.6651376146788991,0.6692307692307692,0.701123595505618,0.639269406392694]",False
0.68999999999999995,0.63961013493182062,0.67506095081646167,"[0.6825396825396826,0.6073752711496746,0.6379310344827587,0.6622950819672131,0.607909604519774]","[0.6967592592592593,0.6635071090047393,0.6780104712041884,0.696551724137931,0.6404761904761904]",False
0.69999999999999996,0.6325222679323913,0.68017899517786817,"[0.6682080924855491,0.593576965669989,0.6425902864259029,0.6607734806629835,0.5974625144175317]","[0.6963855421686747,0.6650124069478908,0.6916890080428955,0.7035294117647058,0.6442786069651741]",False
0.70999999999999996,0.61864338912378236,0.68222038411317598,"[0.6666666666666666,0.5865168539325842,0.6147859922178989,0.6524663677130045,0.5727810650887574]","[0.7037037037037037,0.6692307692307692,0.6950146627565983,0.7063106796116505,0.6368421052631579]",False
0.71999999999999997,0.59785489489467869,0.67953824367787052,"[0.6611764705882353,0.5714285714285714,0.5698778833107191,0.6384439359267735,0.5483476132190942]","[0.7025,0.6666666666666666,0.6840390879478827,0.7081218274111675,0.6363636363636364]",False
0.72999999999999998,0.58485718702045897,0.68670743846145521,"[0.6547192353643967,0.5694444444444444,0.550561797752809,0.6204465334900118,0.529113924050633]","[0.7080103359173127,0.6758241758241759,0.6950354609929078,0.7115902964959568,0.6430769230769231]",False
0.73999999999999999,0.56693497532623527,0.68369969953461418,"[0.6341463414634146,0.544589774078478,0.5433854907539118,0.611904761904762,0.5006485084306096]","[0.7027027027027027,0.6715542521994134,0.6996336996336996,0.7138888888888889,0.630718954248366]",False
0.75,0.55224086701240271,0.68329858785341702,"[0.6222222222222222,0.529482551143201,0.5310245310245311,0.5932203389830508,0.48525469168900803]","[0.7,0.6646525679758308,0.6996197718631179,0.708092485549133,0.6441281138790036]",False
0.76000000000000001,0.52416769615044279,0.67422361063858094,"[0.5886889460154242,0.5195121951219512,0.5211062590975255,0.55819774718398,0.43333333333333335]","[0.698170731707317,0.665625,0.6964980544747081,0.6990595611285266,0.611764705882353]",False
0.77000000000000002,0.51553688610558135,0.6768893635866956,"[0.5810635538261998,0.511742892459827,0.5066273932253313,0.5555555555555556,0.4226950354609929]","[0.6978193146417445,0.6699029126213593,0.6907630522088354,0.7051282051282052,0.6208333333333333]",False
0.78000000000000003,0.49767529093156249,0.67534296999728538,"[0.576271186440678,0.49748743718592964,0.48632218844984804,0.5405405405405406,0.3877551020408163]","[0.6971608832807571,0.668918918918919,0.7017543859649122,0.7070707070707071,0.6018099547511312]",False
0.79000000000000004,0.4892743121635611,0.67858055165673314,"[0.5740498034076016,0.4936708860759494,0.47692307692307695,0.5364583333333334,0.3652694610778443]","[0.6996805111821086,0.6724137931034483,0.7045454545454546,0.7152777777777778,0.6009852216748769]",False
0.80000000000000004,0.48197359611186014,0.68276491493535441,"[0.5763612217795485,0.4936061381074169,0.4722222222222222,0.5210526315789473,0.34662576687116564]","[0.7161716171617162,0.6843971631205674,0.7018348623853211,0.7071428571428572,0.6042780748663101]",False
0.81000000000000005,0.46543322954727484,0.67722876288152023,"[0.5625841184387618,0.48578811369509045,0.4423380726698262,0.5046728971962616,0.33178294573643413]","[0.7133105802047781,0.6861313868613139,0.6896551724137931,0.7026022304832714,0.5944444444444444]",False
0.81999999999999995,0.44407444903489113,0.66970402828438236,"[0.5403899721448467,0.468586387434555,0.4032520325203252,0.49731182795698925,0.3108320251177394]","[0.7238805970149254,0.678030303030303,0.6702702702702703,0.7007575757575758,0.5755813953488372]",False
0.82999999999999996,0.42892534820364803,0.67345749123570076,"[0.49712643678160917,0.4631578947368421,0.40468227424749165,0.4821917808219178,0.2974683544303797]","[0.7032520325203252,0.676923076923077,0.7202380952380952,0.704,0.562874251497006]",False
0.83999999999999997,0.42327981898571093,0.68124425662348798,"[0.49343065693430654,0.45910290237467016,0.3979591836734694,0.467966573816156,0.2979397781299525]","[0.7191489361702128,0.6744186046511628,0.740506329113924,0.7058823529411765,0.5662650602409639]",False
0.84999999999999998,0.41416009675278315,0.6851177783876844,"[0.49850746268656715,0.45152722443559096,0.3645833333333333,0.4691011235955056,0.28708133971291866]","[0.759090909090909,0.6719367588932806,0.7191780821917808,0.7198275862068966,0.5555555555555556]",False
0.85999999999999999,0.40737478664582361,0.69808011140321458,"[0.4818181818181818,0.45047489823609227,0.36203866432337434,0.4689265536723164,0.2736156351791531]","[0.7571428571428571,0.70042194092827,0.7410071942446043,0.7280701754385965,0.5637583892617449]",False
0.87,0.40342752448204527,0.69767150743094042,"[0.4818181818181818,0.4444444444444444,0.36203866432337434,0.45803698435277385,0.2707993474714519]","[0.7571428571428571,0.7074235807860262,0.7410071942446043,0.7219730941704036,0.5608108108108109]",False
0.88,0.40161559606784103,0.71294237481064304,"[0.46697388632872505,0.44413793103448274,0.3665480427046263,0.456490727532097,0.2739273927392739]","[0.7562189054726368,0.7155555555555555,0.7803030303030303,0.7239819004524887,0.5886524822695035]",False
0.89000000000000001,0.39379051790904618,0.71370158268174333,"[0.45482866043613707,0.4422809457579972,0.3665480427046263,0.44283646888567296,0.26245847176079734]","[0.7604166666666666,0.726027397260274,0.7803030303030303,0.7251184834123223,0.5766423357664233]",False
0.90000000000000002,0.38054444379957786,0.71541697731550469,"[0.45241809672386896,0.40404040404040403,0.36917562724014336,0.42290748898678415,0.25418060200668896]","[0.7591623036649214,0.7253886010362695,0.8046875,0.7164179104477612,0.5714285714285714]",False
0.91000000000000003,0.3646286583390429,0.73348610325700259,"[0.41491085899513774,0.39710144927536234,0.3688969258589512,0.38284839203675347,0.2593856655290102]","[0.7664670658682635,0.7210526315789474,0.8292682926829268,0.7225433526011561,0.628099173553719]",False
0.92000000000000004,0.35693076073703933,0.73716854441697366,"[0.41368078175895767,0.40058479532163743,0.3688969258589512,0.36619718309859156,0.23529411764705882]","[0.774390243902439,0.7445652173913043,0.8292682926829268,0.7358490566037735,0.6017699115044248]",False
0.93000000000000005,0.34136269007987108,0.74207306972726061,"[0.41243862520458263,0.3935389133627019,0.3364140480591497,0.34022257551669316,0.22419928825622776]","[0.782608695652174,0.7403314917127072,0.8198198198198198,0.7181208053691275,0.6494845360824743]",False
0.93999999999999995,0.33155925019840377,0.75742216490641445,"[0.4,0.38880706921944036,0.3364485981308411,0.3079416531604538,0.22459893048128343]","[0.8428571428571429,0.7374301675977654,0.8571428571428571,0.6934306569343066,0.65625]",False
0.94999999999999996,0.32375507064684877,0.76405710394474435,"[0.4020618556701031,0.3864306784660767,0.3364485981308411,0.27722772277227725,0.21660649819494585]","[0.8863636363636364,0.7359550561797753,0.8571428571428571,0.6666666666666666,0.6741573033707865]",False
0.95999999999999996,0.30919688461151901,0.78264201276846257,"[0.34296028880866425,0.39457831325301207,0.3364485981308411,0.2651006711409396,0.20689655172413793]","[0.9134615384615384,0.7987804878048781,0.8571428571428571,0.6810344827586207,0.6627906976744186]",False
0.96999999999999997,0.29795825718597524,0.79427117620279664,"[0.33695652173913043,0.3802163833075734,0.32706766917293234,0.23752151462994836,0.20802919708029197]","[0.9117647058823529,0.8367346938775511,0.8529411764705882,0.6831683168316832,0.6867469879518072]",False
0.97999999999999998,0.28446512848711591,0.795543856541299,"[0.33695652173913043,0.3512658227848101,0.32136105860113423,0.2097902097902098,0.2029520295202952]","[0.9117647058823529,0.8409090909090909,0.8585858585858586,0.6521739130434783,0.7142857142857143]",False
0.98999999999999999,0.28009573901134349,0.79129955012307951,"[0.33695652173913043,0.3512658227848101,0.32136105860113423,0.1879432624113475,0.2029520295202952]","[0.9117647058823529,0.8409090909090909,0.8585858585858586,0.6309523809523809,0.7142857142857143]",False
1,0.28009573901134349,0.79129955012307951,"[0.33695652173913043,0.3512658227848101,0.32136105860113423,0.1879432624113475,0.2029520295202952]","[0.9117647058823529,0.8409090909090909,0.8585858585858586,0.6309523809523809,0.7142857142857143]",False
