schema_version,metric,system_or_contrast,statistic,point_estimate,confidence_level,ci_low,ci_high,method,resampling_unit,requested_replicates,valid_replicates,seed
phase06-bootstrap-interval-v1,rouge_l_f1,k10_minus_k5,mean_difference,0.007129825807797376,0.95,-0.009735581327394442,0.024315599594506163,question_id_cluster_percentile_bootstrap,question_id,5000,5000,42
phase06-bootstrap-interval-v1,rouge_l_f1,k10_minus_k5,median_difference,0.0,0.95,-0.0038297245544262754,0.002686202686202649,question_id_cluster_percentile_bootstrap,question_id,5000,5000,42
phase06-bootstrap-interval-v1,rouge_l_f1,k10_minus_k5,rank_biserial,0.04036557501904037,0.95,-0.20593614410680963,0.2784202569916854,question_id_cluster_percentile_bootstrap,question_id,5000,5000,42
phase06-bootstrap-interval-v1,bertscore_f1,k10_minus_k5,mean_difference,0.00040371431393569775,0.95,-0.0031274288390459636,0.004014807788843516,question_id_cluster_percentile_bootstrap,question_id,5000,5000,42
phase06-bootstrap-interval-v1,bertscore_f1,k10_minus_k5,median_difference,0.0,0.95,-0.001640915870666504,0.00020962953567504883,question_id_cluster_percentile_bootstrap,question_id,5000,5000,42
phase06-bootstrap-interval-v1,bertscore_f1,k10_minus_k5,rank_biserial,-0.009595959595959595,0.95,-0.2512170564343541,0.23394593525617607,question_id_cluster_percentile_bootstrap,question_id,5000,5000,42
phase06-bootstrap-interval-v1,unsupported_claim_rate,k10_minus_k5,mean_difference,-0.024179334655210393,0.95,-0.0987234706616729,0.05111414041271938,question_id_cluster_percentile_bootstrap,question_id,5000,5000,42
phase06-bootstrap-interval-v1,unsupported_claim_rate,k10_minus_k5,median_difference,0.0,0.95,0.0,0.0,question_id_cluster_percentile_bootstrap,question_id,5000,5000,42
phase06-bootstrap-interval-v1,unsupported_claim_rate,k10_minus_k5,rank_biserial,-0.16704805491990846,0.95,-0.4611980170663377,0.12599791097541357,question_id_cluster_percentile_bootstrap,question_id,5000,5000,42
phase06-bootstrap-interval-v1,mean_claim_support_score,k10_minus_k5,mean_difference,-0.03426896506473279,0.95,-0.08741570346990847,0.017998256200179304,question_id_cluster_percentile_bootstrap,question_id,5000,5000,42
phase06-bootstrap-interval-v1,mean_claim_support_score,k10_minus_k5,median_difference,-0.0069626569747924805,0.95,-0.03446207940578461,0.0038730227388441563,question_id_cluster_percentile_bootstrap,question_id,5000,5000,42
phase06-bootstrap-interval-v1,mean_claim_support_score,k10_minus_k5,rank_biserial,-0.14085213032581453,0.95,-0.37272130576754775,0.09904821577753864,question_id_cluster_percentile_bootstrap,question_id,5000,5000,42
phase06-bootstrap-interval-v1,output_token_count,k10_minus_k5,mean_difference,-1.9101123595505618,0.95,-7.168539325842697,3.539325842696629,question_id_cluster_percentile_bootstrap,question_id,5000,5000,42
phase06-bootstrap-interval-v1,output_token_count,k10_minus_k5,median_difference,0.0,0.95,-3.0,0.0,question_id_cluster_percentile_bootstrap,question_id,5000,5000,42
phase06-bootstrap-interval-v1,output_token_count,k10_minus_k5,rank_biserial,-0.18905872888173772,0.95,-0.4423602497546346,0.061420685101041435,question_id_cluster_percentile_bootstrap,question_id,5000,5000,42
phase06-bootstrap-interval-v1,fully_supported_response,k10_minus_k5,paired_risk_difference,0.011235955056179775,0.95,-0.0898876404494382,0.11235955056179775,question_id_cluster_percentile_bootstrap,question_id,5000,5000,42
phase06-bootstrap-interval-v1,response_contains_unsupported_claim,k10_minus_k5,paired_risk_difference,-0.011235955056179775,0.95,-0.11235955056179775,0.0898876404494382,question_id_cluster_percentile_bootstrap,question_id,5000,5000,42
phase06-bootstrap-interval-v1,rouge_l_f1,k5_sufficient_minus_insufficient,sufficient_mean,0.21586775522423743,0.95,0.18826359773331602,0.24474406940656623,question_id_cluster_percentile_bootstrap,question_id,5000,5000,42
phase06-bootstrap-interval-v1,rouge_l_f1,k5_sufficient_minus_insufficient,insufficient_mean,0.16527773484992273,0.95,0.13956257726940616,0.19348127598229356,question_id_cluster_percentile_bootstrap,question_id,5000,5000,42
phase06-bootstrap-interval-v1,rouge_l_f1,k5_sufficient_minus_insufficient,mean_difference,0.050590020374314704,0.95,0.012579900056981827,0.08874499670168068,question_id_cluster_percentile_bootstrap,question_id,5000,5000,42
phase06-bootstrap-interval-v1,rouge_l_f1,k5_sufficient_minus_insufficient,sufficient_median,0.22556390977443605,0.95,0.1794871794871795,0.25531914893617025,question_id_cluster_percentile_bootstrap,question_id,5000,5000,42
phase06-bootstrap-interval-v1,rouge_l_f1,k5_sufficient_minus_insufficient,insufficient_median,0.14010339087006046,0.95,0.12080536912751678,0.18556238311140208,question_id_cluster_percentile_bootstrap,question_id,5000,5000,42
phase06-bootstrap-interval-v1,rouge_l_f1,k5_sufficient_minus_insufficient,median_difference,0.08546051890437559,0.95,0.025801801801801805,0.1125576713362973,question_id_cluster_percentile_bootstrap,question_id,5000,5000,42
phase06-bootstrap-interval-v1,rouge_l_f1,k5_sufficient_minus_insufficient,cliffs_delta,0.34397163120567376,0.95,0.11248647275259488,0.5610324214792298,question_id_cluster_percentile_bootstrap,question_id,5000,5000,42
phase06-bootstrap-interval-v1,bertscore_f1,k5_sufficient_minus_insufficient,sufficient_mean,0.8947618438842448,0.95,0.8875756240121634,0.9019740649892224,question_id_cluster_percentile_bootstrap,question_id,5000,5000,42
phase06-bootstrap-interval-v1,bertscore_f1,k5_sufficient_minus_insufficient,insufficient_mean,0.8792840185619536,0.95,0.8726685025160255,0.886123003140092,question_id_cluster_percentile_bootstrap,question_id,5000,5000,42
phase06-bootstrap-interval-v1,bertscore_f1,k5_sufficient_minus_insufficient,mean_difference,0.01547782532229125,0.95,0.005621447196650904,0.02522623808013207,question_id_cluster_percentile_bootstrap,question_id,5000,5000,42
phase06-bootstrap-interval-v1,bertscore_f1,k5_sufficient_minus_insufficient,sufficient_median,0.8943021297454834,0.95,0.8850909769535065,0.9067031741142273,question_id_cluster_percentile_bootstrap,question_id,5000,5000,42
phase06-bootstrap-interval-v1,bertscore_f1,k5_sufficient_minus_insufficient,insufficient_median,0.8726257979869843,0.95,0.8685383200645447,0.886520504951477,question_id_cluster_percentile_bootstrap,question_id,5000,5000,42
phase06-bootstrap-interval-v1,bertscore_f1,k5_sufficient_minus_insufficient,median_difference,0.021676331758499146,0.95,0.005192220211029053,0.03443469107151029,question_id_cluster_percentile_bootstrap,question_id,5000,5000,42
phase06-bootstrap-interval-v1,bertscore_f1,k5_sufficient_minus_insufficient,cliffs_delta,0.3667679837892604,0.95,0.13880373425966133,0.5862828956357773,question_id_cluster_percentile_bootstrap,question_id,5000,5000,42
phase06-bootstrap-interval-v1,unsupported_claim_rate,k5_sufficient_minus_insufficient,sufficient_mean,0.2077249339452093,0.95,0.13243658574540926,0.2896241830065359,question_id_cluster_percentile_bootstrap,question_id,5000,5000,42
phase06-bootstrap-interval-v1,unsupported_claim_rate,k5_sufficient_minus_insufficient,insufficient_mean,0.40595238095238095,0.95,0.29242266414141416,0.5197389165481271,question_id_cluster_percentile_bootstrap,question_id,5000,5000,42
phase06-bootstrap-interval-v1,unsupported_claim_rate,k5_sufficient_minus_insufficient,mean_difference,-0.19822744700717165,0.95,-0.33673030763957074,-0.06097080403313877,question_id_cluster_percentile_bootstrap,question_id,5000,5000,42
phase06-bootstrap-interval-v1,unsupported_claim_rate,k5_sufficient_minus_insufficient,sufficient_median,0.0,0.95,0.0,0.25,question_id_cluster_percentile_bootstrap,question_id,5000,5000,42
phase06-bootstrap-interval-v1,unsupported_claim_rate,k5_sufficient_minus_insufficient,insufficient_median,0.3666666666666667,0.95,0.0,0.5,question_id_cluster_percentile_bootstrap,question_id,5000,5000,42
phase06-bootstrap-interval-v1,unsupported_claim_rate,k5_sufficient_minus_insufficient,median_difference,-0.3666666666666667,0.95,-0.5,0.0,question_id_cluster_percentile_bootstrap,question_id,5000,5000,42
phase06-bootstrap-interval-v1,unsupported_claim_rate,k5_sufficient_minus_insufficient,cliffs_delta,-0.27912867274569403,0.95,-0.49797221016065996,-0.05607918810749,question_id_cluster_percentile_bootstrap,question_id,5000,5000,42
phase06-bootstrap-interval-v1,fully_supported_response,k5_sufficient_minus_insufficient,risk_difference,0.15096251266464034,0.95,-0.05707070707070705,0.3530634540401526,question_id_cluster_percentile_bootstrap,question_id,5000,5000,42
phase06-bootstrap-interval-v1,rouge_l_f1,k10_sufficient_minus_insufficient,sufficient_mean,0.22221684028014413,0.95,0.18925142201619347,0.25883538404855505,question_id_cluster_percentile_bootstrap,question_id,5000,5000,42
phase06-bootstrap-interval-v1,rouge_l_f1,k10_sufficient_minus_insufficient,insufficient_mean,0.1651253144800623,0.95,0.14283456078527487,0.18806843431586837,question_id_cluster_percentile_bootstrap,question_id,5000,5000,42
phase06-bootstrap-interval-v1,rouge_l_f1,k10_sufficient_minus_insufficient,mean_difference,0.05709152580008184,0.95,0.01594224415459346,0.10053784140529258,question_id_cluster_percentile_bootstrap,question_id,5000,5000,42
phase06-bootstrap-interval-v1,rouge_l_f1,k10_sufficient_minus_insufficient,sufficient_median,0.20618556701030927,0.95,0.1509433962264151,0.23376623376623376,question_id_cluster_percentile_bootstrap,question_id,5000,5000,42
phase06-bootstrap-interval-v1,rouge_l_f1,k10_sufficient_minus_insufficient,insufficient_median,0.1542079207920792,0.95,0.12244897959183675,0.18969838389076138,question_id_cluster_percentile_bootstrap,question_id,5000,5000,42
phase06-bootstrap-interval-v1,rouge_l_f1,k10_sufficient_minus_insufficient,median_difference,0.05197764621823006,0.95,-0.01949319523714239,0.10026710499280875,question_id_cluster_percentile_bootstrap,question_id,5000,5000,42
phase06-bootstrap-interval-v1,rouge_l_f1,k10_sufficient_minus_insufficient,cliffs_delta,0.23951781970649896,0.95,0.002671451355661892,0.4707913494551424,question_id_cluster_percentile_bootstrap,question_id,5000,5000,42
phase06-bootstrap-interval-v1,bertscore_f1,k10_sufficient_minus_insufficient,sufficient_mean,0.8946825940653963,0.95,0.8868089404540364,0.902913306728242,question_id_cluster_percentile_bootstrap,question_id,5000,5000,42
phase06-bootstrap-interval-v1,bertscore_f1,k10_sufficient_minus_insufficient,insufficient_mean,0.8778191258509954,0.95,0.8714778245220249,0.8846863791233448,question_id_cluster_percentile_bootstrap,question_id,5000,5000,42
phase06-bootstrap-interval-v1,bertscore_f1,k10_sufficient_minus_insufficient,mean_difference,0.01686346821440088,0.95,0.006361064271025094,0.027133140876879566,question_id_cluster_percentile_bootstrap,question_id,5000,5000,42
phase06-bootstrap-interval-v1,bertscore_f1,k10_sufficient_minus_insufficient,sufficient_median,0.8907251358032227,0.95,0.880649983882904,0.9038827419281006,question_id_cluster_percentile_bootstrap,question_id,5000,5000,42
phase06-bootstrap-interval-v1,bertscore_f1,k10_sufficient_minus_insufficient,insufficient_median,0.8730940222740173,0.95,0.86957186460495,0.8804942965507507,question_id_cluster_percentile_bootstrap,question_id,5000,5000,42
phase06-bootstrap-interval-v1,bertscore_f1,k10_sufficient_minus_insufficient,median_difference,0.017631113529205322,0.95,0.0053479671478271484,0.03158646821975708,question_id_cluster_percentile_bootstrap,question_id,5000,5000,42
phase06-bootstrap-interval-v1,bertscore_f1,k10_sufficient_minus_insufficient,cliffs_delta,0.3385744234800839,0.95,0.10306155522453937,0.556604023160627,question_id_cluster_percentile_bootstrap,question_id,5000,5000,42
phase06-bootstrap-interval-v1,unsupported_claim_rate,k10_sufficient_minus_insufficient,sufficient_mean,0.23763102725366878,0.95,0.16032909070060772,0.3210932455609362,question_id_cluster_percentile_bootstrap,question_id,5000,5000,42
phase06-bootstrap-interval-v1,unsupported_claim_rate,k10_sufficient_minus_insufficient,insufficient_mean,0.3351851851851852,0.95,0.21758101851851858,0.46390624999999974,question_id_cluster_percentile_bootstrap,question_id,5000,5000,42
phase06-bootstrap-interval-v1,unsupported_claim_rate,k10_sufficient_minus_insufficient,mean_difference,-0.09755415793151642,0.95,-0.24837549483178142,0.04954000150099436,question_id_cluster_percentile_bootstrap,question_id,5000,5000,42
phase06-bootstrap-interval-v1,unsupported_claim_rate,k10_sufficient_minus_insufficient,sufficient_median,0.2,0.95,0.0,0.25,question_id_cluster_percentile_bootstrap,question_id,5000,5000,42
phase06-bootstrap-interval-v1,unsupported_claim_rate,k10_sufficient_minus_insufficient,insufficient_median,0.25,0.95,0.0,0.5,question_id_cluster_percentile_bootstrap,question_id,5000,5000,42
phase06-bootstrap-interval-v1,unsupported_claim_rate,k10_sufficient_minus_insufficient,median_difference,-0.04999999999999999,0.95,-0.4,0.25,question_id_cluster_percentile_bootstrap,question_id,5000,5000,42
phase06-bootstrap-interval-v1,unsupported_claim_rate,k10_sufficient_minus_insufficient,cliffs_delta,-0.11844863731656184,0.95,-0.35581140350877194,0.11785786875725898,question_id_cluster_percentile_bootstrap,question_id,5000,5000,42
phase06-bootstrap-interval-v1,fully_supported_response,k10_sufficient_minus_insufficient,risk_difference,0.04612159329140464,0.95,-0.1695567746429814,0.2565659888357257,question_id_cluster_percentile_bootstrap,question_id,5000,5000,42
phase06-bootstrap-interval-v1,answer_coverage,G0,policy_proportion,1.0,0.95,1.0,1.0,question_id_cluster_percentile_bootstrap,question_id,5000,5000,42
phase06-bootstrap-interval-v1,grounded_answer_yield,G0,policy_proportion,0.4606741573033708,0.95,0.3595505617977528,0.5617977528089888,question_id_cluster_percentile_bootstrap,question_id,5000,5000,42
phase06-bootstrap-interval-v1,unsupported_answer_population_rate,G0,policy_proportion,0.5393258426966292,0.95,0.43820224719101125,0.6404494382022472,question_id_cluster_percentile_bootstrap,question_id,5000,5000,42
phase06-bootstrap-interval-v1,rouge_l_f1,G0,policy_quality_mean,0.19199381302512264,0.95,0.17215943324242378,0.21290724102067024,question_id_cluster_percentile_bootstrap,question_id,5000,5000,42
phase06-bootstrap-interval-v1,rouge_l_f1,G0,policy_quality_median,0.1797752808988764,0.95,0.1509433962264151,0.2222222222222222,question_id_cluster_percentile_bootstrap,question_id,5000,5000,42
phase06-bootstrap-interval-v1,bertscore_f1,G0,policy_quality_mean,0.8874577015973208,0.95,0.8823374815201491,0.8927277730589502,question_id_cluster_percentile_bootstrap,question_id,5000,5000,42
phase06-bootstrap-interval-v1,bertscore_f1,G0,policy_quality_median,0.8863112926483154,0.95,0.8772040009498596,0.8905640840530396,question_id_cluster_percentile_bootstrap,question_id,5000,5000,42
phase06-bootstrap-interval-v1,unsupported_claim_rate,G0,policy_quality_mean,0.3012704707351105,0.95,0.2296813725490196,0.37313330763016805,question_id_cluster_percentile_bootstrap,question_id,5000,5000,42
phase06-bootstrap-interval-v1,unsupported_claim_rate,G0,policy_quality_median,0.25,0.95,0.0,0.3333333333333333,question_id_cluster_percentile_bootstrap,question_id,5000,5000,42
phase06-bootstrap-interval-v1,mean_claim_support_score,G0,policy_quality_mean,0.5281658652106743,0.95,0.4666770300599799,0.5888918318216263,question_id_cluster_percentile_bootstrap,question_id,5000,5000,42
phase06-bootstrap-interval-v1,mean_claim_support_score,G0,policy_quality_median,0.492941011985143,0.95,0.43838804960250854,0.5881820106878877,question_id_cluster_percentile_bootstrap,question_id,5000,5000,42
phase06-bootstrap-interval-v1,output_token_count,G0,policy_quality_mean,81.30337078651685,0.95,73.76348314606741,88.53932584269663,question_id_cluster_percentile_bootstrap,question_id,5000,5000,42
phase06-bootstrap-interval-v1,output_token_count,G0,policy_quality_median,86.0,0.95,70.0,103.0,question_id_cluster_percentile_bootstrap,question_id,5000,5000,42
phase06-bootstrap-interval-v1,answer_coverage,G1,policy_proportion,1.0,0.95,1.0,1.0,question_id_cluster_percentile_bootstrap,question_id,5000,5000,42
phase06-bootstrap-interval-v1,grounded_answer_yield,G1,policy_proportion,0.47191011235955055,0.95,0.3707865168539326,0.5730337078651685,question_id_cluster_percentile_bootstrap,question_id,5000,5000,42
phase06-bootstrap-interval-v1,unsupported_answer_population_rate,G1,policy_proportion,0.5280898876404494,0.95,0.42696629213483145,0.6292134831460674,question_id_cluster_percentile_bootstrap,question_id,5000,5000,42
phase06-bootstrap-interval-v1,rouge_l_f1,G1,policy_quality_mean,0.19912363883292,0.95,0.17723179414202303,0.22359653519360637,question_id_cluster_percentile_bootstrap,question_id,5000,5000,42
phase06-bootstrap-interval-v1,rouge_l_f1,G1,policy_quality_median,0.16923076923076924,0.95,0.14736842105263157,0.21176470588235297,question_id_cluster_percentile_bootstrap,question_id,5000,5000,42
phase06-bootstrap-interval-v1,bertscore_f1,G1,policy_quality_mean,0.8878614159112566,0.95,0.8823054050796487,0.8935529942927736,question_id_cluster_percentile_bootstrap,question_id,5000,5000,42
phase06-bootstrap-interval-v1,bertscore_f1,G1,policy_quality_median,0.8813255429267883,0.95,0.8738307356834412,0.8879232406616211,question_id_cluster_percentile_bootstrap,question_id,5000,5000,42
phase06-bootstrap-interval-v1,unsupported_claim_rate,G1,policy_quality_mean,0.2770911360799001,0.95,0.20992353308364545,0.34750624219725335,question_id_cluster_percentile_bootstrap,question_id,5000,5000,42
phase06-bootstrap-interval-v1,unsupported_claim_rate,G1,policy_quality_median,0.2,0.95,0.0,0.25,question_id_cluster_percentile_bootstrap,question_id,5000,5000,42
phase06-bootstrap-interval-v1,mean_claim_support_score,G1,policy_quality_mean,0.49389690014594156,0.95,0.43698404849375166,0.5514617119518895,question_id_cluster_percentile_bootstrap,question_id,5000,5000,42
phase06-bootstrap-interval-v1,mean_claim_support_score,G1,policy_quality_median,0.4893634617328644,0.95,0.37383975298143923,0.5926026128232479,question_id_cluster_percentile_bootstrap,question_id,5000,5000,42
phase06-bootstrap-interval-v1,output_token_count,G1,policy_quality_mean,79.3932584269663,0.95,72.04494382022472,86.5511235955056,question_id_cluster_percentile_bootstrap,question_id,5000,5000,42
phase06-bootstrap-interval-v1,output_token_count,G1,policy_quality_median,83.0,0.95,74.0,90.0,question_id_cluster_percentile_bootstrap,question_id,5000,5000,42
phase06-bootstrap-interval-v1,answer_coverage,G2,policy_proportion,0.02247191011235955,0.95,0.0,0.056179775280898875,question_id_cluster_percentile_bootstrap,question_id,5000,5000,42
phase06-bootstrap-interval-v1,grounded_answer_yield,G2,policy_proportion,0.02247191011235955,0.95,0.0,0.056179775280898875,question_id_cluster_percentile_bootstrap,question_id,5000,5000,42
phase06-bootstrap-interval-v1,unsupported_answer_population_rate,G2,policy_proportion,0.0,0.95,0.0,0.0,question_id_cluster_percentile_bootstrap,question_id,5000,5000,42
phase06-bootstrap-interval-v1,answer_coverage,G3,policy_proportion,0.1797752808988764,0.95,0.10112359550561797,0.25842696629213485,question_id_cluster_percentile_bootstrap,question_id,5000,5000,42
phase06-bootstrap-interval-v1,grounded_answer_yield,G3,policy_proportion,0.07865168539325842,0.95,0.02247191011235955,0.1348314606741573,question_id_cluster_percentile_bootstrap,question_id,5000,5000,42
phase06-bootstrap-interval-v1,unsupported_answer_population_rate,G3,policy_proportion,0.10112359550561797,0.95,0.0449438202247191,0.16853932584269662,question_id_cluster_percentile_bootstrap,question_id,5000,5000,42
phase06-bootstrap-interval-v1,rouge_l_f1,G3,policy_quality_mean,0.221172141615343,0.95,0.165661772816171,0.2813160020796903,question_id_cluster_percentile_bootstrap,question_id,5000,5000,42
phase06-bootstrap-interval-v1,rouge_l_f1,G3,policy_quality_median,0.21725956682751651,0.95,0.11764705882352941,0.28125,question_id_cluster_percentile_bootstrap,question_id,5000,5000,42
phase06-bootstrap-interval-v1,bertscore_f1,G3,policy_quality_mean,0.8916858583688736,0.95,0.8757915426045656,0.9074878759682178,question_id_cluster_percentile_bootstrap,question_id,5000,5000,42
phase06-bootstrap-interval-v1,bertscore_f1,G3,policy_quality_median,0.89195516705513,0.95,0.8646288514137268,0.9263283014297485,question_id_cluster_percentile_bootstrap,question_id,5000,5000,42
phase06-bootstrap-interval-v1,unsupported_claim_rate,G3,policy_quality_mean,0.27604166666666663,0.95,0.13020833333333331,0.44283854166666475,question_id_cluster_percentile_bootstrap,question_id,5000,5000,42
phase06-bootstrap-interval-v1,unsupported_claim_rate,G3,policy_quality_median,0.25,0.95,0.0,0.375,question_id_cluster_percentile_bootstrap,question_id,5000,5000,42
phase06-bootstrap-interval-v1,mean_claim_support_score,G3,policy_quality_mean,0.5728420995049721,0.95,0.4260682108272401,0.7085439977466496,question_id_cluster_percentile_bootstrap,question_id,5000,5000,42
phase06-bootstrap-interval-v1,mean_claim_support_score,G3,policy_quality_median,0.7058786804166932,0.95,0.42777450382709503,0.7928206631913781,question_id_cluster_percentile_bootstrap,question_id,5000,5000,42
phase06-bootstrap-interval-v1,output_token_count,G3,policy_quality_mean,77.875,0.95,59.625,95.9375,question_id_cluster_percentile_bootstrap,question_id,5000,5000,42
phase06-bootstrap-interval-v1,output_token_count,G3,policy_quality_median,81.0,0.95,48.0,112.0,question_id_cluster_percentile_bootstrap,question_id,5000,5000,42
