model_family,candidate_order,C,class_weight,mean_auprc,mean_auroc,fold_auprc_json,fold_auroc_json,selected,max_depth,min_samples_leaf,max_features
logistic_regression,0,0.10000000000000001,,0.72327004066468037,0.75791973885664599,"[0.782360690544001,0.7116665558008112,0.6795492119822264,0.7461544279672041,0.6966193170291595]","[0.8101442495126705,0.7362076923076923,0.7336933385888845,0.7447145061728395,0.7648389077011426]",False,,,
logistic_regression,1,0.10000000000000001,balanced,0.72302904746219865,0.75789933646750196,"[0.7820291313054728,0.7114367863981261,0.6793528546989201,0.7458561474605623,0.6964703174479114]","[0.810327485380117,0.7361538461538462,0.7336263303113914,0.7446412037037038,0.7647478167884514]",False,,,
logistic_regression,2,1,,0.7237061654717627,0.75942714528951549,"[0.7843726587303139,0.6963170440439972,0.6898754774694845,0.7513098887357403,0.696655758379278]","[0.810475633528265,0.7301730769230769,0.7433307055577453,0.746099537037037,0.7670567734014535]",True,,,
logistic_regression,3,1,balanced,0.72335702415234959,0.75920363780441735,"[0.7840202684206037,0.6957006873565392,0.6891805435799008,0.7511624905992375,0.6967211308054666]","[0.8105808966861598,0.7294576923076922,0.7429365392195506,0.7461882716049383,0.7668547892037465]",False,,,
logistic_regression,4,10,,0.72242128577419873,0.75827906928806299,"[0.7840633122766493,0.6878164085954739,0.6906407309451215,0.7521201145810275,0.6974658624727212]","[0.8099454191033139,0.7231153846153845,0.7444895545920378,0.7462654320987656,0.7675795560308125]",False,,,
logistic_regression,5,10,balanced,0.72204533581126318,0.75796796412057843,"[0.7835692624843195,0.6870730572860387,0.6908364357020611,0.7519556653409935,0.6967922582429029]","[0.8100311890838207,0.7218807692307692,0.744327946393378,0.7463966049382715,0.7672033109566525]",False,,,
random_forest,0,,,0.75174831540318898,0.78362796838918058,"[0.7671128426011045,0.7631576570292511,0.7361297027416979,0.7635040938378815,0.7288372808060097]","[0.8055399610136451,0.7832423076923077,0.7696807252660622,0.7818634259259261,0.7778134220479614]",False,4,10,sqrt
random_forest,1,,balanced,0.75100906753999985,0.78442736542937752,"[0.7670387862554424,0.7620390853231986,0.732996342860035,0.7606679548427923,0.7323031684185317]","[0.8076296296296297,0.7833269230769232,0.770449349625542,0.7802006172839505,0.7805303075308423]",False,4,10,sqrt
random_forest,2,,,0.74293880368976584,0.77933613058989482,"[0.7647057889222164,0.772916049351301,0.7115189410226834,0.7412716357254858,0.7242816034271429]","[0.8028615984405457,0.7891538461538462,0.7625778478517935,0.7701195987654321,0.7719677617378563]",False,4,10,0.5
random_forest,3,,balanced,0.74091388895343058,0.77929927301738933,"[0.7614460970233231,0.7729764725278268,0.7097709278886342,0.7348307539871841,0.7255451933401845]","[0.8025380116959064,0.7897346153846154,0.7632242806464329,0.7648533950617284,0.7761460622982634]",False,4,10,0.5
random_forest,4,,,0.75131744789720345,0.78371314058131314,"[0.7665793857078577,0.759935454607507,0.7356840911237288,0.76347847761628,0.7309098304306441]","[0.8054697855750488,0.7826692307692307,0.7697398502167916,0.7820100308641975,0.7786768054812966]",False,4,5,sqrt
random_forest,5,,balanced,0.75163256132101763,0.78472053491505778,"[0.7684919784721779,0.7601333582318468,0.7340608962934032,0.7625325214453743,0.732944052162286]","[0.8085185185185185,0.7833346153846152,0.7700157666535278,0.780914351851852,0.7808194221667756]",False,4,5,sqrt
random_forest,6,,,0.74314659734837052,0.77954896701793541,"[0.7652065190380057,0.7730700357488353,0.7124833832726328,0.7396660305891579,0.7253070180932204]","[0.8034074074074073,0.7890846153846154,0.762696097753252,0.7695216049382717,0.7730351096061308]",False,4,5,0.5
random_forest,7,,balanced,0.74112257840533213,0.77925123720675893,"[0.761811252327143,0.7726944110560998,0.7115957087233115,0.7347925743630768,0.7247189455570293]","[0.8032397660818713,0.7892961538461538,0.7633346472211273,0.7647029320987654,0.775682686785877]",False,4,5,0.5
random_forest,8,,,0.75080044970381365,0.78338389008356724,"[0.7669049418186014,0.760133736475157,0.7355933568991223,0.7624684593561335,0.7289017539700542]","[0.8056140350877193,0.7825884615384615,0.7695979503350414,0.7815432098765432,0.7775757935800709]",False,4,2,sqrt
random_forest,9,,balanced,0.75117589470172519,0.784663809427529,"[0.7684862692900563,0.7596012495698465,0.7334177329369636,0.7625663455813884,0.7318078761303709]","[0.8086159844054581,0.7834307692307692,0.7701537248718959,0.7809645061728394,0.7801540624566823]",False,4,2,sqrt
random_forest,10,,,0.742323790928064,0.77920868953480404,"[0.7651308610466063,0.7711284506453038,0.7104692309507404,0.7401023657116137,0.7247880462860563]","[0.8033840155945419,0.7889884615384615,0.7615530153724873,0.7695640432098765,0.7725539119586528]",False,4,2,0.5
random_forest,11,,balanced,0.74080960754238467,0.77887873296090304,"[0.7616665615461771,0.7724650505356027,0.7110730192096919,0.7343287042274904,0.7245147021929617]","[0.8027407407407409,0.7894269230769231,0.7628852975955853,0.7645293209876542,0.774811382403612]",False,4,2,0.5
random_forest,12,,,0.75689530464864474,0.79102851778388672,"[0.7691487940459631,0.7779234803107715,0.7360537283982307,0.7627360088324092,0.7386145116558491]","[0.8047485380116959,0.7946769230769231,0.775147812376823,0.7860030864197531,0.7945662290342383]",False,8,10,sqrt
random_forest,13,,balanced,0.75663550340317565,0.79036295612088536,"[0.764053080337489,0.7790374820764798,0.7397109585221922,0.7598432963928793,0.7405326996868383]","[0.802888888888889,0.7954115384615384,0.7755538037051637,0.7817824074074073,0.7961781421414286]",False,8,10,sqrt
random_forest,14,,,0.73891946847338008,0.77874695037861508,"[0.7641868244683371,0.7641195370861824,0.6934067216813377,0.7390802099697933,0.73380404916125]","[0.7989746588693958,0.7808538461538461,0.7570082774931021,0.7637654320987655,0.7931325372779658]",False,8,10,0.5
random_forest,15,,balanced,0.73820954879174217,0.77884460038386594,"[0.7628441777284766,0.7593369189614122,0.6979865849663262,0.7392554412135051,0.731624621088991]","[0.8009668615984407,0.7810307692307693,0.7588490342924714,0.7614081790123457,0.7919681577853026]",False,8,10,0.5
random_forest,16,,,0.75719613277151443,0.79072189237266854,"[0.7678139681886308,0.7768243419921599,0.7348992345941843,0.7608592281893158,0.745583890893281]","[0.8040506822612087,0.7937807692307692,0.7748088293259755,0.7813850308641975,0.7995841501811917]",True,8,5,sqrt
random_forest,17,,balanced,0.75378141497199469,0.78881274854225969,"[0.7644953828090665,0.773208218967873,0.7308588332128754,0.7599683254094759,0.7403763144606822]","[0.803812865497076,0.7929115384615385,0.7700670082774932,0.7792129629629629,0.798059367512228]",False,8,5,sqrt
random_forest,18,,,0.74264055994134948,0.77961577896563594,"[0.7673539523003363,0.7639311611940873,0.6977946788652402,0.744531841825157,0.7395911655219267]","[0.8030175438596492,0.7812461538461539,0.7555025620811984,0.7652276234567901,0.7930850115843878]",False,8,5,0.5
random_forest,19,,balanced,0.73663985549455613,0.7780190653920106,"[0.7632606722027323,0.7555905312081909,0.6961838585812551,0.7362437971287954,0.7319204183518073]","[0.8033294346978558,0.7810923076923075,0.755368545526212,0.7587962962962962,0.7915087427473811]",False,8,5,0.5
random_forest,20,,,0.75501747709216127,0.78946640764314391,"[0.7629721728788448,0.7714190401677395,0.7334407028611447,0.7646490205909486,0.7426064489621289]","[0.8015750487329435,0.7923000000000001,0.7719038234134805,0.7837037037037037,0.7978494623655913]",False,8,2,sqrt
random_forest,21,,balanced,0.75406541465882826,0.78948975527854981,"[0.7583534570812696,0.768850017434117,0.740671919091815,0.7582305489615533,0.7442211307253863]","[0.8017387914230019,0.7906576923076923,0.7772723689396925,0.7785918209876543,0.7991881027347076]",False,8,2,sqrt
random_forest,22,,,0.74124493682118886,0.77901708091673505,"[0.7669333247971404,0.7628395617520043,0.6956666350798341,0.7424434002779285,0.7383417621990362]","[0.8018089668615984,0.7819692307692307,0.7548718959400866,0.763738425925926,0.7926968850868333]",False,8,2,0.5
random_forest,23,,balanced,0.73901559407593409,0.77769693840944876,"[0.7642181538776736,0.760315408653375,0.6939893470395258,0.7372310144831846,0.739324046325911]","[0.8031189083820662,0.78025,0.7548797792668506,0.7587114197530864,0.7915245846452407]",False,8,2,0.5
random_forest,24,,,0.7520915042117654,0.78726134912936152,"[0.7519825402752588,0.7825258575494612,0.7285115114202476,0.7570999902196629,0.7403376215941966]","[0.7947056530214425,0.7933730769230769,0.7695151754040205,0.7808950617283951,0.7978177785698727]",False,,10,sqrt
random_forest,25,,balanced,0.75301417669129067,0.78757130562691224,"[0.7593478400494498,0.783381989924967,0.7234840543560793,0.7554376844286476,0.74341931469731]","[0.797785575048733,0.7934923076923077,0.7676744186046511,0.7775655864197532,0.8013386403691162]",False,,10,sqrt
random_forest,26,,,0.73531965684508582,0.77510152117952458,"[0.755796625047799,0.757979490905607,0.6894909900202831,0.7451780755991719,0.7281531026525678]","[0.7953216374269005,0.7725961538461539,0.7494521087899093,0.7628665123456789,0.79527119348898]",False,,10,0.5
random_forest,27,,balanced,0.73396278486058231,0.77416106181118594,"[0.7452155186127977,0.758608384828894,0.6943792196734632,0.7418160436695261,0.7297947575182304]","[0.7936569200779728,0.7711692307692307,0.751710681907765,0.7600270061728395,0.7942414701281213]",False,,10,0.5
random_forest,28,,,0.75010411699558388,0.78443331735812694,"[0.7477774125420227,0.7815820142982974,0.7196937787153497,0.7554879127010634,0.7459794667211863]","[0.7921442495126707,0.7888076923076923,0.7650532124556564,0.7767515432098766,0.7994098893047387]",False,,5,sqrt
random_forest,29,,balanced,0.74868028096711903,0.7845060170970527,"[0.7463880424626996,0.7844313173869844,0.7186100324607061,0.7520552028995567,0.7419168096256485]","[0.7941403508771931,0.7879384615384616,0.7651754040204966,0.774753086419753,0.800522782629359]",False,,5,sqrt
random_forest,30,,,0.73662715487218611,0.7738695031859818,"[0.7529257717855898,0.7553501780998514,0.6872476803794496,0.7431780538370738,0.7444340902589662]","[0.7955126705653022,0.7706884615384615,0.7477335435553804,0.7613773148148149,0.7940355254559497]",False,,5,0.5
random_forest,31,,balanced,0.73121154356845663,0.77040114424605621,"[0.7440916835774873,0.7546194978922025,0.6863055427121265,0.7380446405988127,0.7329963530616539]","[0.7918830409356726,0.7671653846153845,0.7462633031139141,0.7557793209876542,0.790914671577655]",False,,5,0.5
random_forest,32,,,0.74957793627074798,0.78300859950725088,"[0.7492457365251821,0.7779633277610911,0.7228991246019324,0.758562916520024,0.7392185759455104]","[0.7939493177387914,0.7847615384615385,0.7656326369728025,0.7751273148148147,0.7955721895483078]",False,,2,sqrt
random_forest,33,,balanced,0.74368556959915688,0.78081075749604856,"[0.7376139641521338,0.7728869281573288,0.7157085197035504,0.754332504554724,0.7378859314280476]","[0.7908070175438597,0.7819307692307693,0.761864406779661,0.7727546296296296,0.7966969642963228]",False,,2,sqrt
random_forest,34,,,0.73428617422506692,0.77070498952861222,"[0.7466888848321453,0.761028597535135,0.6825282390663963,0.743931361977483,0.7372537877141752]","[0.7892105263157895,0.7707923076923078,0.7436893969255025,0.7590586419753086,0.7907740747341532]",False,,2,0.5
random_forest,35,,balanced,0.73442024746252543,0.76853169208601912,"[0.741162965880916,0.7624333237564469,0.6862740140313077,0.7368512763629579,0.7453796572809981]","[0.790458089668616,0.7684807692307691,0.7427355143870713,0.7547685185185184,0.7862155686251212]",False,,2,0.5
