candidate_order,family,T_cov,T_mean,T_min,T_contradiction,eligible_count,tn,fp,fn,tp,sample_accuracy,sample_precision,sample_recall,sample_f1,weighted_accuracy,weighted_precision,weighted_recall,weighted_f1,rescued_by_coverage,rescued_by_nli,rescue_mechanism_overlap,weighted_confusion_proportions_json,metrics_by_stratum_json
1,coverage_only,0.5,,,,120,42,0,26,52,0.7833333333333333,1.0,0.6666666666666666,0.8,0.8308845738942826,1.0,0.6992191247289959,0.8229887653136115,22,0,0,"{""fn"":0.1691154261057174,""fp"":0.0,""tn"":0.43774541531823086,""tp"":0.39313915857605175}","[{""accuracy"":1.0,""completed_count"":30,""confusion_matrix"":{""fn"":0,""fp"":0,""tn"":0,""tp"":30},""development_population_count"":1686,""f1"":1.0,""precision"":1.0,""recall"":1.0,""sampling_stratum"":""automatic_positive""},{""accuracy"":0.8,""completed_count"":30,""confusion_matrix"":{""fn"":6,""fp"":0,""tn"":2,""tp"":22},""development_population_count"":1014,""f1"":0.88,""precision"":1.0,""recall"":0.7857142857142857,""sampling_stratum"":""partial_overlap""},{""accuracy"":0.5,""completed_count"":30,""confusion_matrix"":{""fn"":15,""fp"":0,""tn"":15,""tp"":0},""development_population_count"":787,""f1"":0.0,""precision"":null,""recall"":0.0,""sampling_stratum"":""correct_document_insufficient""},{""accuracy"":0.8333333333333334,""completed_count"":30,""confusion_matrix"":{""fn"":5,""fp"":0,""tn"":25,""tp"":0},""development_population_count"":2693,""f1"":0.0,""precision"":null,""recall"":0.0,""sampling_stratum"":""wrong_document_retrieval""}]"
2,coverage_only,0.6,,,,120,42,0,27,51,0.775,1.0,0.6538461538461539,0.7906976744186047,0.8254153182308521,1.0,0.6894917595594865,0.8162120420631855,21,0,0,"{""fn"":0.1745846817691478,""fp"":0.0,""tn"":0.43774541531823086,""tp"":0.3876699029126213}","[{""accuracy"":1.0,""completed_count"":30,""confusion_matrix"":{""fn"":0,""fp"":0,""tn"":0,""tp"":30},""development_population_count"":1686,""f1"":1.0,""precision"":1.0,""recall"":1.0,""sampling_stratum"":""automatic_positive""},{""accuracy"":0.7666666666666667,""completed_count"":30,""confusion_matrix"":{""fn"":7,""fp"":0,""tn"":2,""tp"":21},""development_population_count"":1014,""f1"":0.8571428571428571,""precision"":1.0,""recall"":0.75,""sampling_stratum"":""partial_overlap""},{""accuracy"":0.5,""completed_count"":30,""confusion_matrix"":{""fn"":15,""fp"":0,""tn"":15,""tp"":0},""development_population_count"":787,""f1"":0.0,""precision"":null,""recall"":0.0,""sampling_stratum"":""correct_document_insufficient""},{""accuracy"":0.8333333333333334,""completed_count"":30,""confusion_matrix"":{""fn"":5,""fp"":0,""tn"":25,""tp"":0},""development_population_count"":2693,""f1"":0.0,""precision"":null,""recall"":0.0,""sampling_stratum"":""wrong_document_retrieval""}]"
3,coverage_only,0.7,,,,120,42,0,34,44,0.7166666666666667,1.0,0.5641025641025641,0.7213114754098361,0.7871305285868393,1.0,0.6214002033729207,0.7664982427907087,14,0,0,"{""fn"":0.21286947141316076,""fp"":0.0,""tn"":0.43774541531823086,""tp"":0.3493851132686084}","[{""accuracy"":1.0,""completed_count"":30,""confusion_matrix"":{""fn"":0,""fp"":0,""tn"":0,""tp"":30},""development_population_count"":1686,""f1"":1.0,""precision"":1.0,""recall"":1.0,""sampling_stratum"":""automatic_positive""},{""accuracy"":0.5333333333333333,""completed_count"":30,""confusion_matrix"":{""fn"":14,""fp"":0,""tn"":2,""tp"":14},""development_population_count"":1014,""f1"":0.6666666666666666,""precision"":1.0,""recall"":0.5,""sampling_stratum"":""partial_overlap""},{""accuracy"":0.5,""completed_count"":30,""confusion_matrix"":{""fn"":15,""fp"":0,""tn"":15,""tp"":0},""development_population_count"":787,""f1"":0.0,""precision"":null,""recall"":0.0,""sampling_stratum"":""correct_document_insufficient""},{""accuracy"":0.8333333333333334,""completed_count"":30,""confusion_matrix"":{""fn"":5,""fp"":0,""tn"":25,""tp"":0},""development_population_count"":2693,""f1"":0.0,""precision"":null,""recall"":0.0,""sampling_stratum"":""wrong_document_retrieval""}]"
4,coverage_only,0.8,,,,120,42,0,39,39,0.675,1.0,0.5,0.6666666666666666,0.7597842502696872,1.0,0.5727633775253737,0.7283528923805108,9,0,0,"{""fn"":0.24021574973031284,""fp"":0.0,""tn"":0.43774541531823086,""tp"":0.3220388349514563}","[{""accuracy"":1.0,""completed_count"":30,""confusion_matrix"":{""fn"":0,""fp"":0,""tn"":0,""tp"":30},""development_population_count"":1686,""f1"":1.0,""precision"":1.0,""recall"":1.0,""sampling_stratum"":""automatic_positive""},{""accuracy"":0.36666666666666664,""completed_count"":30,""confusion_matrix"":{""fn"":19,""fp"":0,""tn"":2,""tp"":9},""development_population_count"":1014,""f1"":0.4864864864864865,""precision"":1.0,""recall"":0.32142857142857145,""sampling_stratum"":""partial_overlap""},{""accuracy"":0.5,""completed_count"":30,""confusion_matrix"":{""fn"":15,""fp"":0,""tn"":15,""tp"":0},""development_population_count"":787,""f1"":0.0,""precision"":null,""recall"":0.0,""sampling_stratum"":""correct_document_insufficient""},{""accuracy"":0.8333333333333334,""completed_count"":30,""confusion_matrix"":{""fn"":5,""fp"":0,""tn"":25,""tp"":0},""development_population_count"":2693,""f1"":0.0,""precision"":null,""recall"":0.0,""sampling_stratum"":""wrong_document_retrieval""}]"
5,coverage_only,0.9,,,,120,42,0,42,36,0.65,1.0,0.46153846153846156,0.631578947368421,0.7433764832793959,1.0,0.5435812820168454,0.7043118342386238,6,0,0,"{""fn"":0.25662351672060413,""fp"":0.0,""tn"":0.43774541531823086,""tp"":0.305631067961165}","[{""accuracy"":1.0,""completed_count"":30,""confusion_matrix"":{""fn"":0,""fp"":0,""tn"":0,""tp"":30},""development_population_count"":1686,""f1"":1.0,""precision"":1.0,""recall"":1.0,""sampling_stratum"":""automatic_positive""},{""accuracy"":0.26666666666666666,""completed_count"":30,""confusion_matrix"":{""fn"":22,""fp"":0,""tn"":2,""tp"":6},""development_population_count"":1014,""f1"":0.35294117647058826,""precision"":1.0,""recall"":0.21428571428571427,""sampling_stratum"":""partial_overlap""},{""accuracy"":0.5,""completed_count"":30,""confusion_matrix"":{""fn"":15,""fp"":0,""tn"":15,""tp"":0},""development_population_count"":787,""f1"":0.0,""precision"":null,""recall"":0.0,""sampling_stratum"":""correct_document_insufficient""},{""accuracy"":0.8333333333333334,""completed_count"":30,""confusion_matrix"":{""fn"":5,""fp"":0,""tn"":25,""tp"":0},""development_population_count"":2693,""f1"":0.0,""precision"":null,""recall"":0.0,""sampling_stratum"":""wrong_document_retrieval""}]"
6,nli_only,,0.45,0.1,0.5,120,42,0,44,34,0.6333333333333333,1.0,0.4358974358974359,0.6071428571428571,0.7312135922330096,1.0,0.521948926536329,0.6858954560639391,0,4,0,"{""fn"":0.26878640776699025,""fp"":0.0,""tn"":0.43774541531823086,""tp"":0.29346817691477883}","[{""accuracy"":1.0,""completed_count"":30,""confusion_matrix"":{""fn"":0,""fp"":0,""tn"":0,""tp"":30},""development_population_count"":1686,""f1"":1.0,""precision"":1.0,""recall"":1.0,""sampling_stratum"":""automatic_positive""},{""accuracy"":0.16666666666666666,""completed_count"":30,""confusion_matrix"":{""fn"":25,""fp"":0,""tn"":2,""tp"":3},""development_population_count"":1014,""f1"":0.19354838709677416,""precision"":1.0,""recall"":0.10714285714285714,""sampling_stratum"":""partial_overlap""},{""accuracy"":0.5333333333333333,""completed_count"":30,""confusion_matrix"":{""fn"":14,""fp"":0,""tn"":15,""tp"":1},""development_population_count"":787,""f1"":0.125,""precision"":1.0,""recall"":0.06666666666666667,""sampling_stratum"":""correct_document_insufficient""},{""accuracy"":0.8333333333333334,""completed_count"":30,""confusion_matrix"":{""fn"":5,""fp"":0,""tn"":25,""tp"":0},""development_population_count"":2693,""f1"":0.0,""precision"":null,""recall"":0.0,""sampling_stratum"":""wrong_document_retrieval""}]"
7,nli_only,,0.45,0.2,0.5,120,42,0,44,34,0.6333333333333333,1.0,0.4358974358974359,0.6071428571428571,0.7312135922330096,1.0,0.521948926536329,0.6858954560639391,0,4,0,"{""fn"":0.26878640776699025,""fp"":0.0,""tn"":0.43774541531823086,""tp"":0.29346817691477883}","[{""accuracy"":1.0,""completed_count"":30,""confusion_matrix"":{""fn"":0,""fp"":0,""tn"":0,""tp"":30},""development_population_count"":1686,""f1"":1.0,""precision"":1.0,""recall"":1.0,""sampling_stratum"":""automatic_positive""},{""accuracy"":0.16666666666666666,""completed_count"":30,""confusion_matrix"":{""fn"":25,""fp"":0,""tn"":2,""tp"":3},""development_population_count"":1014,""f1"":0.19354838709677416,""precision"":1.0,""recall"":0.10714285714285714,""sampling_stratum"":""partial_overlap""},{""accuracy"":0.5333333333333333,""completed_count"":30,""confusion_matrix"":{""fn"":14,""fp"":0,""tn"":15,""tp"":1},""development_population_count"":787,""f1"":0.125,""precision"":1.0,""recall"":0.06666666666666667,""sampling_stratum"":""correct_document_insufficient""},{""accuracy"":0.8333333333333334,""completed_count"":30,""confusion_matrix"":{""fn"":5,""fp"":0,""tn"":25,""tp"":0},""development_population_count"":2693,""f1"":0.0,""precision"":null,""recall"":0.0,""sampling_stratum"":""wrong_document_retrieval""}]"
8,nli_only,,0.45,0.3,0.5,120,42,0,44,34,0.6333333333333333,1.0,0.4358974358974359,0.6071428571428571,0.7312135922330096,1.0,0.521948926536329,0.6858954560639391,0,4,0,"{""fn"":0.26878640776699025,""fp"":0.0,""tn"":0.43774541531823086,""tp"":0.29346817691477883}","[{""accuracy"":1.0,""completed_count"":30,""confusion_matrix"":{""fn"":0,""fp"":0,""tn"":0,""tp"":30},""development_population_count"":1686,""f1"":1.0,""precision"":1.0,""recall"":1.0,""sampling_stratum"":""automatic_positive""},{""accuracy"":0.16666666666666666,""completed_count"":30,""confusion_matrix"":{""fn"":25,""fp"":0,""tn"":2,""tp"":3},""development_population_count"":1014,""f1"":0.19354838709677416,""precision"":1.0,""recall"":0.10714285714285714,""sampling_stratum"":""partial_overlap""},{""accuracy"":0.5333333333333333,""completed_count"":30,""confusion_matrix"":{""fn"":14,""fp"":0,""tn"":15,""tp"":1},""development_population_count"":787,""f1"":0.125,""precision"":1.0,""recall"":0.06666666666666667,""sampling_stratum"":""correct_document_insufficient""},{""accuracy"":0.8333333333333334,""completed_count"":30,""confusion_matrix"":{""fn"":5,""fp"":0,""tn"":25,""tp"":0},""development_population_count"":2693,""f1"":0.0,""precision"":null,""recall"":0.0,""sampling_stratum"":""wrong_document_retrieval""}]"
9,nli_only,,0.55,0.1,0.5,120,42,0,44,34,0.6333333333333333,1.0,0.4358974358974359,0.6071428571428571,0.7312135922330096,1.0,0.521948926536329,0.6858954560639391,0,4,0,"{""fn"":0.26878640776699025,""fp"":0.0,""tn"":0.43774541531823086,""tp"":0.29346817691477883}","[{""accuracy"":1.0,""completed_count"":30,""confusion_matrix"":{""fn"":0,""fp"":0,""tn"":0,""tp"":30},""development_population_count"":1686,""f1"":1.0,""precision"":1.0,""recall"":1.0,""sampling_stratum"":""automatic_positive""},{""accuracy"":0.16666666666666666,""completed_count"":30,""confusion_matrix"":{""fn"":25,""fp"":0,""tn"":2,""tp"":3},""development_population_count"":1014,""f1"":0.19354838709677416,""precision"":1.0,""recall"":0.10714285714285714,""sampling_stratum"":""partial_overlap""},{""accuracy"":0.5333333333333333,""completed_count"":30,""confusion_matrix"":{""fn"":14,""fp"":0,""tn"":15,""tp"":1},""development_population_count"":787,""f1"":0.125,""precision"":1.0,""recall"":0.06666666666666667,""sampling_stratum"":""correct_document_insufficient""},{""accuracy"":0.8333333333333334,""completed_count"":30,""confusion_matrix"":{""fn"":5,""fp"":0,""tn"":25,""tp"":0},""development_population_count"":2693,""f1"":0.0,""precision"":null,""recall"":0.0,""sampling_stratum"":""wrong_document_retrieval""}]"
10,nli_only,,0.55,0.2,0.5,120,42,0,44,34,0.6333333333333333,1.0,0.4358974358974359,0.6071428571428571,0.7312135922330096,1.0,0.521948926536329,0.6858954560639391,0,4,0,"{""fn"":0.26878640776699025,""fp"":0.0,""tn"":0.43774541531823086,""tp"":0.29346817691477883}","[{""accuracy"":1.0,""completed_count"":30,""confusion_matrix"":{""fn"":0,""fp"":0,""tn"":0,""tp"":30},""development_population_count"":1686,""f1"":1.0,""precision"":1.0,""recall"":1.0,""sampling_stratum"":""automatic_positive""},{""accuracy"":0.16666666666666666,""completed_count"":30,""confusion_matrix"":{""fn"":25,""fp"":0,""tn"":2,""tp"":3},""development_population_count"":1014,""f1"":0.19354838709677416,""precision"":1.0,""recall"":0.10714285714285714,""sampling_stratum"":""partial_overlap""},{""accuracy"":0.5333333333333333,""completed_count"":30,""confusion_matrix"":{""fn"":14,""fp"":0,""tn"":15,""tp"":1},""development_population_count"":787,""f1"":0.125,""precision"":1.0,""recall"":0.06666666666666667,""sampling_stratum"":""correct_document_insufficient""},{""accuracy"":0.8333333333333334,""completed_count"":30,""confusion_matrix"":{""fn"":5,""fp"":0,""tn"":25,""tp"":0},""development_population_count"":2693,""f1"":0.0,""precision"":null,""recall"":0.0,""sampling_stratum"":""wrong_document_retrieval""}]"
11,nli_only,,0.55,0.3,0.5,120,42,0,44,34,0.6333333333333333,1.0,0.4358974358974359,0.6071428571428571,0.7312135922330096,1.0,0.521948926536329,0.6858954560639391,0,4,0,"{""fn"":0.26878640776699025,""fp"":0.0,""tn"":0.43774541531823086,""tp"":0.29346817691477883}","[{""accuracy"":1.0,""completed_count"":30,""confusion_matrix"":{""fn"":0,""fp"":0,""tn"":0,""tp"":30},""development_population_count"":1686,""f1"":1.0,""precision"":1.0,""recall"":1.0,""sampling_stratum"":""automatic_positive""},{""accuracy"":0.16666666666666666,""completed_count"":30,""confusion_matrix"":{""fn"":25,""fp"":0,""tn"":2,""tp"":3},""development_population_count"":1014,""f1"":0.19354838709677416,""precision"":1.0,""recall"":0.10714285714285714,""sampling_stratum"":""partial_overlap""},{""accuracy"":0.5333333333333333,""completed_count"":30,""confusion_matrix"":{""fn"":14,""fp"":0,""tn"":15,""tp"":1},""development_population_count"":787,""f1"":0.125,""precision"":1.0,""recall"":0.06666666666666667,""sampling_stratum"":""correct_document_insufficient""},{""accuracy"":0.8333333333333334,""completed_count"":30,""confusion_matrix"":{""fn"":5,""fp"":0,""tn"":25,""tp"":0},""development_population_count"":2693,""f1"":0.0,""precision"":null,""recall"":0.0,""sampling_stratum"":""wrong_document_retrieval""}]"
12,nli_only,,0.65,0.1,0.5,120,42,0,44,34,0.6333333333333333,1.0,0.4358974358974359,0.6071428571428571,0.7312135922330096,1.0,0.521948926536329,0.6858954560639391,0,4,0,"{""fn"":0.26878640776699025,""fp"":0.0,""tn"":0.43774541531823086,""tp"":0.29346817691477883}","[{""accuracy"":1.0,""completed_count"":30,""confusion_matrix"":{""fn"":0,""fp"":0,""tn"":0,""tp"":30},""development_population_count"":1686,""f1"":1.0,""precision"":1.0,""recall"":1.0,""sampling_stratum"":""automatic_positive""},{""accuracy"":0.16666666666666666,""completed_count"":30,""confusion_matrix"":{""fn"":25,""fp"":0,""tn"":2,""tp"":3},""development_population_count"":1014,""f1"":0.19354838709677416,""precision"":1.0,""recall"":0.10714285714285714,""sampling_stratum"":""partial_overlap""},{""accuracy"":0.5333333333333333,""completed_count"":30,""confusion_matrix"":{""fn"":14,""fp"":0,""tn"":15,""tp"":1},""development_population_count"":787,""f1"":0.125,""precision"":1.0,""recall"":0.06666666666666667,""sampling_stratum"":""correct_document_insufficient""},{""accuracy"":0.8333333333333334,""completed_count"":30,""confusion_matrix"":{""fn"":5,""fp"":0,""tn"":25,""tp"":0},""development_population_count"":2693,""f1"":0.0,""precision"":null,""recall"":0.0,""sampling_stratum"":""wrong_document_retrieval""}]"
13,nli_only,,0.65,0.2,0.5,120,42,0,44,34,0.6333333333333333,1.0,0.4358974358974359,0.6071428571428571,0.7312135922330096,1.0,0.521948926536329,0.6858954560639391,0,4,0,"{""fn"":0.26878640776699025,""fp"":0.0,""tn"":0.43774541531823086,""tp"":0.29346817691477883}","[{""accuracy"":1.0,""completed_count"":30,""confusion_matrix"":{""fn"":0,""fp"":0,""tn"":0,""tp"":30},""development_population_count"":1686,""f1"":1.0,""precision"":1.0,""recall"":1.0,""sampling_stratum"":""automatic_positive""},{""accuracy"":0.16666666666666666,""completed_count"":30,""confusion_matrix"":{""fn"":25,""fp"":0,""tn"":2,""tp"":3},""development_population_count"":1014,""f1"":0.19354838709677416,""precision"":1.0,""recall"":0.10714285714285714,""sampling_stratum"":""partial_overlap""},{""accuracy"":0.5333333333333333,""completed_count"":30,""confusion_matrix"":{""fn"":14,""fp"":0,""tn"":15,""tp"":1},""development_population_count"":787,""f1"":0.125,""precision"":1.0,""recall"":0.06666666666666667,""sampling_stratum"":""correct_document_insufficient""},{""accuracy"":0.8333333333333334,""completed_count"":30,""confusion_matrix"":{""fn"":5,""fp"":0,""tn"":25,""tp"":0},""development_population_count"":2693,""f1"":0.0,""precision"":null,""recall"":0.0,""sampling_stratum"":""wrong_document_retrieval""}]"
14,nli_only,,0.65,0.3,0.5,120,42,0,44,34,0.6333333333333333,1.0,0.4358974358974359,0.6071428571428571,0.7312135922330096,1.0,0.521948926536329,0.6858954560639391,0,4,0,"{""fn"":0.26878640776699025,""fp"":0.0,""tn"":0.43774541531823086,""tp"":0.29346817691477883}","[{""accuracy"":1.0,""completed_count"":30,""confusion_matrix"":{""fn"":0,""fp"":0,""tn"":0,""tp"":30},""development_population_count"":1686,""f1"":1.0,""precision"":1.0,""recall"":1.0,""sampling_stratum"":""automatic_positive""},{""accuracy"":0.16666666666666666,""completed_count"":30,""confusion_matrix"":{""fn"":25,""fp"":0,""tn"":2,""tp"":3},""development_population_count"":1014,""f1"":0.19354838709677416,""precision"":1.0,""recall"":0.10714285714285714,""sampling_stratum"":""partial_overlap""},{""accuracy"":0.5333333333333333,""completed_count"":30,""confusion_matrix"":{""fn"":14,""fp"":0,""tn"":15,""tp"":1},""development_population_count"":787,""f1"":0.125,""precision"":1.0,""recall"":0.06666666666666667,""sampling_stratum"":""correct_document_insufficient""},{""accuracy"":0.8333333333333334,""completed_count"":30,""confusion_matrix"":{""fn"":5,""fp"":0,""tn"":25,""tp"":0},""development_population_count"":2693,""f1"":0.0,""precision"":null,""recall"":0.0,""sampling_stratum"":""wrong_document_retrieval""}]"
15,combined,0.5,0.45,0.1,0.5,120,42,0,25,53,0.7916666666666666,1.0,0.6794871794871795,0.8091603053435115,0.8351294498381876,1.0,0.7067688647570077,0.8281951696577619,22,4,3,"{""fn"":0.1648705501618123,""fp"":0.0,""tn"":0.43774541531823086,""tp"":0.3973840345199568}","[{""accuracy"":1.0,""completed_count"":30,""confusion_matrix"":{""fn"":0,""fp"":0,""tn"":0,""tp"":30},""development_population_count"":1686,""f1"":1.0,""precision"":1.0,""recall"":1.0,""sampling_stratum"":""automatic_positive""},{""accuracy"":0.8,""completed_count"":30,""confusion_matrix"":{""fn"":6,""fp"":0,""tn"":2,""tp"":22},""development_population_count"":1014,""f1"":0.88,""precision"":1.0,""recall"":0.7857142857142857,""sampling_stratum"":""partial_overlap""},{""accuracy"":0.5333333333333333,""completed_count"":30,""confusion_matrix"":{""fn"":14,""fp"":0,""tn"":15,""tp"":1},""development_population_count"":787,""f1"":0.125,""precision"":1.0,""recall"":0.06666666666666667,""sampling_stratum"":""correct_document_insufficient""},{""accuracy"":0.8333333333333334,""completed_count"":30,""confusion_matrix"":{""fn"":5,""fp"":0,""tn"":25,""tp"":0},""development_population_count"":2693,""f1"":0.0,""precision"":null,""recall"":0.0,""sampling_stratum"":""wrong_document_retrieval""}]"
16,combined,0.5,0.45,0.2,0.5,120,42,0,25,53,0.7916666666666666,1.0,0.6794871794871795,0.8091603053435115,0.8351294498381876,1.0,0.7067688647570077,0.8281951696577619,22,4,3,"{""fn"":0.1648705501618123,""fp"":0.0,""tn"":0.43774541531823086,""tp"":0.3973840345199568}","[{""accuracy"":1.0,""completed_count"":30,""confusion_matrix"":{""fn"":0,""fp"":0,""tn"":0,""tp"":30},""development_population_count"":1686,""f1"":1.0,""precision"":1.0,""recall"":1.0,""sampling_stratum"":""automatic_positive""},{""accuracy"":0.8,""completed_count"":30,""confusion_matrix"":{""fn"":6,""fp"":0,""tn"":2,""tp"":22},""development_population_count"":1014,""f1"":0.88,""precision"":1.0,""recall"":0.7857142857142857,""sampling_stratum"":""partial_overlap""},{""accuracy"":0.5333333333333333,""completed_count"":30,""confusion_matrix"":{""fn"":14,""fp"":0,""tn"":15,""tp"":1},""development_population_count"":787,""f1"":0.125,""precision"":1.0,""recall"":0.06666666666666667,""sampling_stratum"":""correct_document_insufficient""},{""accuracy"":0.8333333333333334,""completed_count"":30,""confusion_matrix"":{""fn"":5,""fp"":0,""tn"":25,""tp"":0},""development_population_count"":2693,""f1"":0.0,""precision"":null,""recall"":0.0,""sampling_stratum"":""wrong_document_retrieval""}]"
17,combined,0.5,0.45,0.3,0.5,120,42,0,25,53,0.7916666666666666,1.0,0.6794871794871795,0.8091603053435115,0.8351294498381876,1.0,0.7067688647570077,0.8281951696577619,22,4,3,"{""fn"":0.1648705501618123,""fp"":0.0,""tn"":0.43774541531823086,""tp"":0.3973840345199568}","[{""accuracy"":1.0,""completed_count"":30,""confusion_matrix"":{""fn"":0,""fp"":0,""tn"":0,""tp"":30},""development_population_count"":1686,""f1"":1.0,""precision"":1.0,""recall"":1.0,""sampling_stratum"":""automatic_positive""},{""accuracy"":0.8,""completed_count"":30,""confusion_matrix"":{""fn"":6,""fp"":0,""tn"":2,""tp"":22},""development_population_count"":1014,""f1"":0.88,""precision"":1.0,""recall"":0.7857142857142857,""sampling_stratum"":""partial_overlap""},{""accuracy"":0.5333333333333333,""completed_count"":30,""confusion_matrix"":{""fn"":14,""fp"":0,""tn"":15,""tp"":1},""development_population_count"":787,""f1"":0.125,""precision"":1.0,""recall"":0.06666666666666667,""sampling_stratum"":""correct_document_insufficient""},{""accuracy"":0.8333333333333334,""completed_count"":30,""confusion_matrix"":{""fn"":5,""fp"":0,""tn"":25,""tp"":0},""development_population_count"":2693,""f1"":0.0,""precision"":null,""recall"":0.0,""sampling_stratum"":""wrong_document_retrieval""}]"
18,combined,0.5,0.55,0.1,0.5,120,42,0,25,53,0.7916666666666666,1.0,0.6794871794871795,0.8091603053435115,0.8351294498381876,1.0,0.7067688647570077,0.8281951696577619,22,4,3,"{""fn"":0.1648705501618123,""fp"":0.0,""tn"":0.43774541531823086,""tp"":0.3973840345199568}","[{""accuracy"":1.0,""completed_count"":30,""confusion_matrix"":{""fn"":0,""fp"":0,""tn"":0,""tp"":30},""development_population_count"":1686,""f1"":1.0,""precision"":1.0,""recall"":1.0,""sampling_stratum"":""automatic_positive""},{""accuracy"":0.8,""completed_count"":30,""confusion_matrix"":{""fn"":6,""fp"":0,""tn"":2,""tp"":22},""development_population_count"":1014,""f1"":0.88,""precision"":1.0,""recall"":0.7857142857142857,""sampling_stratum"":""partial_overlap""},{""accuracy"":0.5333333333333333,""completed_count"":30,""confusion_matrix"":{""fn"":14,""fp"":0,""tn"":15,""tp"":1},""development_population_count"":787,""f1"":0.125,""precision"":1.0,""recall"":0.06666666666666667,""sampling_stratum"":""correct_document_insufficient""},{""accuracy"":0.8333333333333334,""completed_count"":30,""confusion_matrix"":{""fn"":5,""fp"":0,""tn"":25,""tp"":0},""development_population_count"":2693,""f1"":0.0,""precision"":null,""recall"":0.0,""sampling_stratum"":""wrong_document_retrieval""}]"
19,combined,0.5,0.55,0.2,0.5,120,42,0,25,53,0.7916666666666666,1.0,0.6794871794871795,0.8091603053435115,0.8351294498381876,1.0,0.7067688647570077,0.8281951696577619,22,4,3,"{""fn"":0.1648705501618123,""fp"":0.0,""tn"":0.43774541531823086,""tp"":0.3973840345199568}","[{""accuracy"":1.0,""completed_count"":30,""confusion_matrix"":{""fn"":0,""fp"":0,""tn"":0,""tp"":30},""development_population_count"":1686,""f1"":1.0,""precision"":1.0,""recall"":1.0,""sampling_stratum"":""automatic_positive""},{""accuracy"":0.8,""completed_count"":30,""confusion_matrix"":{""fn"":6,""fp"":0,""tn"":2,""tp"":22},""development_population_count"":1014,""f1"":0.88,""precision"":1.0,""recall"":0.7857142857142857,""sampling_stratum"":""partial_overlap""},{""accuracy"":0.5333333333333333,""completed_count"":30,""confusion_matrix"":{""fn"":14,""fp"":0,""tn"":15,""tp"":1},""development_population_count"":787,""f1"":0.125,""precision"":1.0,""recall"":0.06666666666666667,""sampling_stratum"":""correct_document_insufficient""},{""accuracy"":0.8333333333333334,""completed_count"":30,""confusion_matrix"":{""fn"":5,""fp"":0,""tn"":25,""tp"":0},""development_population_count"":2693,""f1"":0.0,""precision"":null,""recall"":0.0,""sampling_stratum"":""wrong_document_retrieval""}]"
20,combined,0.5,0.55,0.3,0.5,120,42,0,25,53,0.7916666666666666,1.0,0.6794871794871795,0.8091603053435115,0.8351294498381876,1.0,0.7067688647570077,0.8281951696577619,22,4,3,"{""fn"":0.1648705501618123,""fp"":0.0,""tn"":0.43774541531823086,""tp"":0.3973840345199568}","[{""accuracy"":1.0,""completed_count"":30,""confusion_matrix"":{""fn"":0,""fp"":0,""tn"":0,""tp"":30},""development_population_count"":1686,""f1"":1.0,""precision"":1.0,""recall"":1.0,""sampling_stratum"":""automatic_positive""},{""accuracy"":0.8,""completed_count"":30,""confusion_matrix"":{""fn"":6,""fp"":0,""tn"":2,""tp"":22},""development_population_count"":1014,""f1"":0.88,""precision"":1.0,""recall"":0.7857142857142857,""sampling_stratum"":""partial_overlap""},{""accuracy"":0.5333333333333333,""completed_count"":30,""confusion_matrix"":{""fn"":14,""fp"":0,""tn"":15,""tp"":1},""development_population_count"":787,""f1"":0.125,""precision"":1.0,""recall"":0.06666666666666667,""sampling_stratum"":""correct_document_insufficient""},{""accuracy"":0.8333333333333334,""completed_count"":30,""confusion_matrix"":{""fn"":5,""fp"":0,""tn"":25,""tp"":0},""development_population_count"":2693,""f1"":0.0,""precision"":null,""recall"":0.0,""sampling_stratum"":""wrong_document_retrieval""}]"
21,combined,0.5,0.65,0.1,0.5,120,42,0,25,53,0.7916666666666666,1.0,0.6794871794871795,0.8091603053435115,0.8351294498381876,1.0,0.7067688647570077,0.8281951696577619,22,4,3,"{""fn"":0.1648705501618123,""fp"":0.0,""tn"":0.43774541531823086,""tp"":0.3973840345199568}","[{""accuracy"":1.0,""completed_count"":30,""confusion_matrix"":{""fn"":0,""fp"":0,""tn"":0,""tp"":30},""development_population_count"":1686,""f1"":1.0,""precision"":1.0,""recall"":1.0,""sampling_stratum"":""automatic_positive""},{""accuracy"":0.8,""completed_count"":30,""confusion_matrix"":{""fn"":6,""fp"":0,""tn"":2,""tp"":22},""development_population_count"":1014,""f1"":0.88,""precision"":1.0,""recall"":0.7857142857142857,""sampling_stratum"":""partial_overlap""},{""accuracy"":0.5333333333333333,""completed_count"":30,""confusion_matrix"":{""fn"":14,""fp"":0,""tn"":15,""tp"":1},""development_population_count"":787,""f1"":0.125,""precision"":1.0,""recall"":0.06666666666666667,""sampling_stratum"":""correct_document_insufficient""},{""accuracy"":0.8333333333333334,""completed_count"":30,""confusion_matrix"":{""fn"":5,""fp"":0,""tn"":25,""tp"":0},""development_population_count"":2693,""f1"":0.0,""precision"":null,""recall"":0.0,""sampling_stratum"":""wrong_document_retrieval""}]"
22,combined,0.5,0.65,0.2,0.5,120,42,0,25,53,0.7916666666666666,1.0,0.6794871794871795,0.8091603053435115,0.8351294498381876,1.0,0.7067688647570077,0.8281951696577619,22,4,3,"{""fn"":0.1648705501618123,""fp"":0.0,""tn"":0.43774541531823086,""tp"":0.3973840345199568}","[{""accuracy"":1.0,""completed_count"":30,""confusion_matrix"":{""fn"":0,""fp"":0,""tn"":0,""tp"":30},""development_population_count"":1686,""f1"":1.0,""precision"":1.0,""recall"":1.0,""sampling_stratum"":""automatic_positive""},{""accuracy"":0.8,""completed_count"":30,""confusion_matrix"":{""fn"":6,""fp"":0,""tn"":2,""tp"":22},""development_population_count"":1014,""f1"":0.88,""precision"":1.0,""recall"":0.7857142857142857,""sampling_stratum"":""partial_overlap""},{""accuracy"":0.5333333333333333,""completed_count"":30,""confusion_matrix"":{""fn"":14,""fp"":0,""tn"":15,""tp"":1},""development_population_count"":787,""f1"":0.125,""precision"":1.0,""recall"":0.06666666666666667,""sampling_stratum"":""correct_document_insufficient""},{""accuracy"":0.8333333333333334,""completed_count"":30,""confusion_matrix"":{""fn"":5,""fp"":0,""tn"":25,""tp"":0},""development_population_count"":2693,""f1"":0.0,""precision"":null,""recall"":0.0,""sampling_stratum"":""wrong_document_retrieval""}]"
23,combined,0.5,0.65,0.3,0.5,120,42,0,25,53,0.7916666666666666,1.0,0.6794871794871795,0.8091603053435115,0.8351294498381876,1.0,0.7067688647570077,0.8281951696577619,22,4,3,"{""fn"":0.1648705501618123,""fp"":0.0,""tn"":0.43774541531823086,""tp"":0.3973840345199568}","[{""accuracy"":1.0,""completed_count"":30,""confusion_matrix"":{""fn"":0,""fp"":0,""tn"":0,""tp"":30},""development_population_count"":1686,""f1"":1.0,""precision"":1.0,""recall"":1.0,""sampling_stratum"":""automatic_positive""},{""accuracy"":0.8,""completed_count"":30,""confusion_matrix"":{""fn"":6,""fp"":0,""tn"":2,""tp"":22},""development_population_count"":1014,""f1"":0.88,""precision"":1.0,""recall"":0.7857142857142857,""sampling_stratum"":""partial_overlap""},{""accuracy"":0.5333333333333333,""completed_count"":30,""confusion_matrix"":{""fn"":14,""fp"":0,""tn"":15,""tp"":1},""development_population_count"":787,""f1"":0.125,""precision"":1.0,""recall"":0.06666666666666667,""sampling_stratum"":""correct_document_insufficient""},{""accuracy"":0.8333333333333334,""completed_count"":30,""confusion_matrix"":{""fn"":5,""fp"":0,""tn"":25,""tp"":0},""development_population_count"":2693,""f1"":0.0,""precision"":null,""recall"":0.0,""sampling_stratum"":""wrong_document_retrieval""}]"
24,combined,0.6,0.45,0.1,0.5,120,42,0,26,52,0.7833333333333333,1.0,0.6666666666666666,0.8,0.8296601941747573,1.0,0.6970414995874984,0.821478437335715,21,4,3,"{""fn"":0.17033980582524272,""fp"":0.0,""tn"":0.43774541531823086,""tp"":0.39191477885652637}","[{""accuracy"":1.0,""completed_count"":30,""confusion_matrix"":{""fn"":0,""fp"":0,""tn"":0,""tp"":30},""development_population_count"":1686,""f1"":1.0,""precision"":1.0,""recall"":1.0,""sampling_stratum"":""automatic_positive""},{""accuracy"":0.7666666666666667,""completed_count"":30,""confusion_matrix"":{""fn"":7,""fp"":0,""tn"":2,""tp"":21},""development_population_count"":1014,""f1"":0.8571428571428571,""precision"":1.0,""recall"":0.75,""sampling_stratum"":""partial_overlap""},{""accuracy"":0.5333333333333333,""completed_count"":30,""confusion_matrix"":{""fn"":14,""fp"":0,""tn"":15,""tp"":1},""development_population_count"":787,""f1"":0.125,""precision"":1.0,""recall"":0.06666666666666667,""sampling_stratum"":""correct_document_insufficient""},{""accuracy"":0.8333333333333334,""completed_count"":30,""confusion_matrix"":{""fn"":5,""fp"":0,""tn"":25,""tp"":0},""development_population_count"":2693,""f1"":0.0,""precision"":null,""recall"":0.0,""sampling_stratum"":""wrong_document_retrieval""}]"
25,combined,0.6,0.45,0.2,0.5,120,42,0,26,52,0.7833333333333333,1.0,0.6666666666666666,0.8,0.8296601941747573,1.0,0.6970414995874984,0.821478437335715,21,4,3,"{""fn"":0.17033980582524272,""fp"":0.0,""tn"":0.43774541531823086,""tp"":0.39191477885652637}","[{""accuracy"":1.0,""completed_count"":30,""confusion_matrix"":{""fn"":0,""fp"":0,""tn"":0,""tp"":30},""development_population_count"":1686,""f1"":1.0,""precision"":1.0,""recall"":1.0,""sampling_stratum"":""automatic_positive""},{""accuracy"":0.7666666666666667,""completed_count"":30,""confusion_matrix"":{""fn"":7,""fp"":0,""tn"":2,""tp"":21},""development_population_count"":1014,""f1"":0.8571428571428571,""precision"":1.0,""recall"":0.75,""sampling_stratum"":""partial_overlap""},{""accuracy"":0.5333333333333333,""completed_count"":30,""confusion_matrix"":{""fn"":14,""fp"":0,""tn"":15,""tp"":1},""development_population_count"":787,""f1"":0.125,""precision"":1.0,""recall"":0.06666666666666667,""sampling_stratum"":""correct_document_insufficient""},{""accuracy"":0.8333333333333334,""completed_count"":30,""confusion_matrix"":{""fn"":5,""fp"":0,""tn"":25,""tp"":0},""development_population_count"":2693,""f1"":0.0,""precision"":null,""recall"":0.0,""sampling_stratum"":""wrong_document_retrieval""}]"
26,combined,0.6,0.45,0.3,0.5,120,42,0,26,52,0.7833333333333333,1.0,0.6666666666666666,0.8,0.8296601941747573,1.0,0.6970414995874984,0.821478437335715,21,4,3,"{""fn"":0.17033980582524272,""fp"":0.0,""tn"":0.43774541531823086,""tp"":0.39191477885652637}","[{""accuracy"":1.0,""completed_count"":30,""confusion_matrix"":{""fn"":0,""fp"":0,""tn"":0,""tp"":30},""development_population_count"":1686,""f1"":1.0,""precision"":1.0,""recall"":1.0,""sampling_stratum"":""automatic_positive""},{""accuracy"":0.7666666666666667,""completed_count"":30,""confusion_matrix"":{""fn"":7,""fp"":0,""tn"":2,""tp"":21},""development_population_count"":1014,""f1"":0.8571428571428571,""precision"":1.0,""recall"":0.75,""sampling_stratum"":""partial_overlap""},{""accuracy"":0.5333333333333333,""completed_count"":30,""confusion_matrix"":{""fn"":14,""fp"":0,""tn"":15,""tp"":1},""development_population_count"":787,""f1"":0.125,""precision"":1.0,""recall"":0.06666666666666667,""sampling_stratum"":""correct_document_insufficient""},{""accuracy"":0.8333333333333334,""completed_count"":30,""confusion_matrix"":{""fn"":5,""fp"":0,""tn"":25,""tp"":0},""development_population_count"":2693,""f1"":0.0,""precision"":null,""recall"":0.0,""sampling_stratum"":""wrong_document_retrieval""}]"
27,combined,0.6,0.55,0.1,0.5,120,42,0,26,52,0.7833333333333333,1.0,0.6666666666666666,0.8,0.8296601941747573,1.0,0.6970414995874984,0.821478437335715,21,4,3,"{""fn"":0.17033980582524272,""fp"":0.0,""tn"":0.43774541531823086,""tp"":0.39191477885652637}","[{""accuracy"":1.0,""completed_count"":30,""confusion_matrix"":{""fn"":0,""fp"":0,""tn"":0,""tp"":30},""development_population_count"":1686,""f1"":1.0,""precision"":1.0,""recall"":1.0,""sampling_stratum"":""automatic_positive""},{""accuracy"":0.7666666666666667,""completed_count"":30,""confusion_matrix"":{""fn"":7,""fp"":0,""tn"":2,""tp"":21},""development_population_count"":1014,""f1"":0.8571428571428571,""precision"":1.0,""recall"":0.75,""sampling_stratum"":""partial_overlap""},{""accuracy"":0.5333333333333333,""completed_count"":30,""confusion_matrix"":{""fn"":14,""fp"":0,""tn"":15,""tp"":1},""development_population_count"":787,""f1"":0.125,""precision"":1.0,""recall"":0.06666666666666667,""sampling_stratum"":""correct_document_insufficient""},{""accuracy"":0.8333333333333334,""completed_count"":30,""confusion_matrix"":{""fn"":5,""fp"":0,""tn"":25,""tp"":0},""development_population_count"":2693,""f1"":0.0,""precision"":null,""recall"":0.0,""sampling_stratum"":""wrong_document_retrieval""}]"
28,combined,0.6,0.55,0.2,0.5,120,42,0,26,52,0.7833333333333333,1.0,0.6666666666666666,0.8,0.8296601941747573,1.0,0.6970414995874984,0.821478437335715,21,4,3,"{""fn"":0.17033980582524272,""fp"":0.0,""tn"":0.43774541531823086,""tp"":0.39191477885652637}","[{""accuracy"":1.0,""completed_count"":30,""confusion_matrix"":{""fn"":0,""fp"":0,""tn"":0,""tp"":30},""development_population_count"":1686,""f1"":1.0,""precision"":1.0,""recall"":1.0,""sampling_stratum"":""automatic_positive""},{""accuracy"":0.7666666666666667,""completed_count"":30,""confusion_matrix"":{""fn"":7,""fp"":0,""tn"":2,""tp"":21},""development_population_count"":1014,""f1"":0.8571428571428571,""precision"":1.0,""recall"":0.75,""sampling_stratum"":""partial_overlap""},{""accuracy"":0.5333333333333333,""completed_count"":30,""confusion_matrix"":{""fn"":14,""fp"":0,""tn"":15,""tp"":1},""development_population_count"":787,""f1"":0.125,""precision"":1.0,""recall"":0.06666666666666667,""sampling_stratum"":""correct_document_insufficient""},{""accuracy"":0.8333333333333334,""completed_count"":30,""confusion_matrix"":{""fn"":5,""fp"":0,""tn"":25,""tp"":0},""development_population_count"":2693,""f1"":0.0,""precision"":null,""recall"":0.0,""sampling_stratum"":""wrong_document_retrieval""}]"
29,combined,0.6,0.55,0.3,0.5,120,42,0,26,52,0.7833333333333333,1.0,0.6666666666666666,0.8,0.8296601941747573,1.0,0.6970414995874984,0.821478437335715,21,4,3,"{""fn"":0.17033980582524272,""fp"":0.0,""tn"":0.43774541531823086,""tp"":0.39191477885652637}","[{""accuracy"":1.0,""completed_count"":30,""confusion_matrix"":{""fn"":0,""fp"":0,""tn"":0,""tp"":30},""development_population_count"":1686,""f1"":1.0,""precision"":1.0,""recall"":1.0,""sampling_stratum"":""automatic_positive""},{""accuracy"":0.7666666666666667,""completed_count"":30,""confusion_matrix"":{""fn"":7,""fp"":0,""tn"":2,""tp"":21},""development_population_count"":1014,""f1"":0.8571428571428571,""precision"":1.0,""recall"":0.75,""sampling_stratum"":""partial_overlap""},{""accuracy"":0.5333333333333333,""completed_count"":30,""confusion_matrix"":{""fn"":14,""fp"":0,""tn"":15,""tp"":1},""development_population_count"":787,""f1"":0.125,""precision"":1.0,""recall"":0.06666666666666667,""sampling_stratum"":""correct_document_insufficient""},{""accuracy"":0.8333333333333334,""completed_count"":30,""confusion_matrix"":{""fn"":5,""fp"":0,""tn"":25,""tp"":0},""development_population_count"":2693,""f1"":0.0,""precision"":null,""recall"":0.0,""sampling_stratum"":""wrong_document_retrieval""}]"
30,combined,0.6,0.65,0.1,0.5,120,42,0,26,52,0.7833333333333333,1.0,0.6666666666666666,0.8,0.8296601941747573,1.0,0.6970414995874984,0.821478437335715,21,4,3,"{""fn"":0.17033980582524272,""fp"":0.0,""tn"":0.43774541531823086,""tp"":0.39191477885652637}","[{""accuracy"":1.0,""completed_count"":30,""confusion_matrix"":{""fn"":0,""fp"":0,""tn"":0,""tp"":30},""development_population_count"":1686,""f1"":1.0,""precision"":1.0,""recall"":1.0,""sampling_stratum"":""automatic_positive""},{""accuracy"":0.7666666666666667,""completed_count"":30,""confusion_matrix"":{""fn"":7,""fp"":0,""tn"":2,""tp"":21},""development_population_count"":1014,""f1"":0.8571428571428571,""precision"":1.0,""recall"":0.75,""sampling_stratum"":""partial_overlap""},{""accuracy"":0.5333333333333333,""completed_count"":30,""confusion_matrix"":{""fn"":14,""fp"":0,""tn"":15,""tp"":1},""development_population_count"":787,""f1"":0.125,""precision"":1.0,""recall"":0.06666666666666667,""sampling_stratum"":""correct_document_insufficient""},{""accuracy"":0.8333333333333334,""completed_count"":30,""confusion_matrix"":{""fn"":5,""fp"":0,""tn"":25,""tp"":0},""development_population_count"":2693,""f1"":0.0,""precision"":null,""recall"":0.0,""sampling_stratum"":""wrong_document_retrieval""}]"
31,combined,0.6,0.65,0.2,0.5,120,42,0,26,52,0.7833333333333333,1.0,0.6666666666666666,0.8,0.8296601941747573,1.0,0.6970414995874984,0.821478437335715,21,4,3,"{""fn"":0.17033980582524272,""fp"":0.0,""tn"":0.43774541531823086,""tp"":0.39191477885652637}","[{""accuracy"":1.0,""completed_count"":30,""confusion_matrix"":{""fn"":0,""fp"":0,""tn"":0,""tp"":30},""development_population_count"":1686,""f1"":1.0,""precision"":1.0,""recall"":1.0,""sampling_stratum"":""automatic_positive""},{""accuracy"":0.7666666666666667,""completed_count"":30,""confusion_matrix"":{""fn"":7,""fp"":0,""tn"":2,""tp"":21},""development_population_count"":1014,""f1"":0.8571428571428571,""precision"":1.0,""recall"":0.75,""sampling_stratum"":""partial_overlap""},{""accuracy"":0.5333333333333333,""completed_count"":30,""confusion_matrix"":{""fn"":14,""fp"":0,""tn"":15,""tp"":1},""development_population_count"":787,""f1"":0.125,""precision"":1.0,""recall"":0.06666666666666667,""sampling_stratum"":""correct_document_insufficient""},{""accuracy"":0.8333333333333334,""completed_count"":30,""confusion_matrix"":{""fn"":5,""fp"":0,""tn"":25,""tp"":0},""development_population_count"":2693,""f1"":0.0,""precision"":null,""recall"":0.0,""sampling_stratum"":""wrong_document_retrieval""}]"
32,combined,0.6,0.65,0.3,0.5,120,42,0,26,52,0.7833333333333333,1.0,0.6666666666666666,0.8,0.8296601941747573,1.0,0.6970414995874984,0.821478437335715,21,4,3,"{""fn"":0.17033980582524272,""fp"":0.0,""tn"":0.43774541531823086,""tp"":0.39191477885652637}","[{""accuracy"":1.0,""completed_count"":30,""confusion_matrix"":{""fn"":0,""fp"":0,""tn"":0,""tp"":30},""development_population_count"":1686,""f1"":1.0,""precision"":1.0,""recall"":1.0,""sampling_stratum"":""automatic_positive""},{""accuracy"":0.7666666666666667,""completed_count"":30,""confusion_matrix"":{""fn"":7,""fp"":0,""tn"":2,""tp"":21},""development_population_count"":1014,""f1"":0.8571428571428571,""precision"":1.0,""recall"":0.75,""sampling_stratum"":""partial_overlap""},{""accuracy"":0.5333333333333333,""completed_count"":30,""confusion_matrix"":{""fn"":14,""fp"":0,""tn"":15,""tp"":1},""development_population_count"":787,""f1"":0.125,""precision"":1.0,""recall"":0.06666666666666667,""sampling_stratum"":""correct_document_insufficient""},{""accuracy"":0.8333333333333334,""completed_count"":30,""confusion_matrix"":{""fn"":5,""fp"":0,""tn"":25,""tp"":0},""development_population_count"":2693,""f1"":0.0,""precision"":null,""recall"":0.0,""sampling_stratum"":""wrong_document_retrieval""}]"
33,combined,0.7,0.45,0.1,0.5,120,42,0,32,46,0.7333333333333333,1.0,0.5897435897435898,0.7419354838709677,0.7968446601941748,1.0,0.6386773085704419,0.7795034510212564,14,4,2,"{""fn"":0.20315533980582523,""fp"":0.0,""tn"":0.43774541531823086,""tp"":0.35909924487594386}","[{""accuracy"":1.0,""completed_count"":30,""confusion_matrix"":{""fn"":0,""fp"":0,""tn"":0,""tp"":30},""development_population_count"":1686,""f1"":1.0,""precision"":1.0,""recall"":1.0,""sampling_stratum"":""automatic_positive""},{""accuracy"":0.5666666666666667,""completed_count"":30,""confusion_matrix"":{""fn"":13,""fp"":0,""tn"":2,""tp"":15},""development_population_count"":1014,""f1"":0.6976744186046512,""precision"":1.0,""recall"":0.5357142857142857,""sampling_stratum"":""partial_overlap""},{""accuracy"":0.5333333333333333,""completed_count"":30,""confusion_matrix"":{""fn"":14,""fp"":0,""tn"":15,""tp"":1},""development_population_count"":787,""f1"":0.125,""precision"":1.0,""recall"":0.06666666666666667,""sampling_stratum"":""correct_document_insufficient""},{""accuracy"":0.8333333333333334,""completed_count"":30,""confusion_matrix"":{""fn"":5,""fp"":0,""tn"":25,""tp"":0},""development_population_count"":2693,""f1"":0.0,""precision"":null,""recall"":0.0,""sampling_stratum"":""wrong_document_retrieval""}]"
34,combined,0.7,0.45,0.2,0.5,120,42,0,32,46,0.7333333333333333,1.0,0.5897435897435898,0.7419354838709677,0.7968446601941748,1.0,0.6386773085704419,0.7795034510212564,14,4,2,"{""fn"":0.20315533980582523,""fp"":0.0,""tn"":0.43774541531823086,""tp"":0.35909924487594386}","[{""accuracy"":1.0,""completed_count"":30,""confusion_matrix"":{""fn"":0,""fp"":0,""tn"":0,""tp"":30},""development_population_count"":1686,""f1"":1.0,""precision"":1.0,""recall"":1.0,""sampling_stratum"":""automatic_positive""},{""accuracy"":0.5666666666666667,""completed_count"":30,""confusion_matrix"":{""fn"":13,""fp"":0,""tn"":2,""tp"":15},""development_population_count"":1014,""f1"":0.6976744186046512,""precision"":1.0,""recall"":0.5357142857142857,""sampling_stratum"":""partial_overlap""},{""accuracy"":0.5333333333333333,""completed_count"":30,""confusion_matrix"":{""fn"":14,""fp"":0,""tn"":15,""tp"":1},""development_population_count"":787,""f1"":0.125,""precision"":1.0,""recall"":0.06666666666666667,""sampling_stratum"":""correct_document_insufficient""},{""accuracy"":0.8333333333333334,""completed_count"":30,""confusion_matrix"":{""fn"":5,""fp"":0,""tn"":25,""tp"":0},""development_population_count"":2693,""f1"":0.0,""precision"":null,""recall"":0.0,""sampling_stratum"":""wrong_document_retrieval""}]"
35,combined,0.7,0.45,0.3,0.5,120,42,0,32,46,0.7333333333333333,1.0,0.5897435897435898,0.7419354838709677,0.7968446601941748,1.0,0.6386773085704419,0.7795034510212564,14,4,2,"{""fn"":0.20315533980582523,""fp"":0.0,""tn"":0.43774541531823086,""tp"":0.35909924487594386}","[{""accuracy"":1.0,""completed_count"":30,""confusion_matrix"":{""fn"":0,""fp"":0,""tn"":0,""tp"":30},""development_population_count"":1686,""f1"":1.0,""precision"":1.0,""recall"":1.0,""sampling_stratum"":""automatic_positive""},{""accuracy"":0.5666666666666667,""completed_count"":30,""confusion_matrix"":{""fn"":13,""fp"":0,""tn"":2,""tp"":15},""development_population_count"":1014,""f1"":0.6976744186046512,""precision"":1.0,""recall"":0.5357142857142857,""sampling_stratum"":""partial_overlap""},{""accuracy"":0.5333333333333333,""completed_count"":30,""confusion_matrix"":{""fn"":14,""fp"":0,""tn"":15,""tp"":1},""development_population_count"":787,""f1"":0.125,""precision"":1.0,""recall"":0.06666666666666667,""sampling_stratum"":""correct_document_insufficient""},{""accuracy"":0.8333333333333334,""completed_count"":30,""confusion_matrix"":{""fn"":5,""fp"":0,""tn"":25,""tp"":0},""development_population_count"":2693,""f1"":0.0,""precision"":null,""recall"":0.0,""sampling_stratum"":""wrong_document_retrieval""}]"
36,combined,0.7,0.55,0.1,0.5,120,42,0,32,46,0.7333333333333333,1.0,0.5897435897435898,0.7419354838709677,0.7968446601941748,1.0,0.6386773085704419,0.7795034510212564,14,4,2,"{""fn"":0.20315533980582523,""fp"":0.0,""tn"":0.43774541531823086,""tp"":0.35909924487594386}","[{""accuracy"":1.0,""completed_count"":30,""confusion_matrix"":{""fn"":0,""fp"":0,""tn"":0,""tp"":30},""development_population_count"":1686,""f1"":1.0,""precision"":1.0,""recall"":1.0,""sampling_stratum"":""automatic_positive""},{""accuracy"":0.5666666666666667,""completed_count"":30,""confusion_matrix"":{""fn"":13,""fp"":0,""tn"":2,""tp"":15},""development_population_count"":1014,""f1"":0.6976744186046512,""precision"":1.0,""recall"":0.5357142857142857,""sampling_stratum"":""partial_overlap""},{""accuracy"":0.5333333333333333,""completed_count"":30,""confusion_matrix"":{""fn"":14,""fp"":0,""tn"":15,""tp"":1},""development_population_count"":787,""f1"":0.125,""precision"":1.0,""recall"":0.06666666666666667,""sampling_stratum"":""correct_document_insufficient""},{""accuracy"":0.8333333333333334,""completed_count"":30,""confusion_matrix"":{""fn"":5,""fp"":0,""tn"":25,""tp"":0},""development_population_count"":2693,""f1"":0.0,""precision"":null,""recall"":0.0,""sampling_stratum"":""wrong_document_retrieval""}]"
37,combined,0.7,0.55,0.2,0.5,120,42,0,32,46,0.7333333333333333,1.0,0.5897435897435898,0.7419354838709677,0.7968446601941748,1.0,0.6386773085704419,0.7795034510212564,14,4,2,"{""fn"":0.20315533980582523,""fp"":0.0,""tn"":0.43774541531823086,""tp"":0.35909924487594386}","[{""accuracy"":1.0,""completed_count"":30,""confusion_matrix"":{""fn"":0,""fp"":0,""tn"":0,""tp"":30},""development_population_count"":1686,""f1"":1.0,""precision"":1.0,""recall"":1.0,""sampling_stratum"":""automatic_positive""},{""accuracy"":0.5666666666666667,""completed_count"":30,""confusion_matrix"":{""fn"":13,""fp"":0,""tn"":2,""tp"":15},""development_population_count"":1014,""f1"":0.6976744186046512,""precision"":1.0,""recall"":0.5357142857142857,""sampling_stratum"":""partial_overlap""},{""accuracy"":0.5333333333333333,""completed_count"":30,""confusion_matrix"":{""fn"":14,""fp"":0,""tn"":15,""tp"":1},""development_population_count"":787,""f1"":0.125,""precision"":1.0,""recall"":0.06666666666666667,""sampling_stratum"":""correct_document_insufficient""},{""accuracy"":0.8333333333333334,""completed_count"":30,""confusion_matrix"":{""fn"":5,""fp"":0,""tn"":25,""tp"":0},""development_population_count"":2693,""f1"":0.0,""precision"":null,""recall"":0.0,""sampling_stratum"":""wrong_document_retrieval""}]"
38,combined,0.7,0.55,0.3,0.5,120,42,0,32,46,0.7333333333333333,1.0,0.5897435897435898,0.7419354838709677,0.7968446601941748,1.0,0.6386773085704419,0.7795034510212564,14,4,2,"{""fn"":0.20315533980582523,""fp"":0.0,""tn"":0.43774541531823086,""tp"":0.35909924487594386}","[{""accuracy"":1.0,""completed_count"":30,""confusion_matrix"":{""fn"":0,""fp"":0,""tn"":0,""tp"":30},""development_population_count"":1686,""f1"":1.0,""precision"":1.0,""recall"":1.0,""sampling_stratum"":""automatic_positive""},{""accuracy"":0.5666666666666667,""completed_count"":30,""confusion_matrix"":{""fn"":13,""fp"":0,""tn"":2,""tp"":15},""development_population_count"":1014,""f1"":0.6976744186046512,""precision"":1.0,""recall"":0.5357142857142857,""sampling_stratum"":""partial_overlap""},{""accuracy"":0.5333333333333333,""completed_count"":30,""confusion_matrix"":{""fn"":14,""fp"":0,""tn"":15,""tp"":1},""development_population_count"":787,""f1"":0.125,""precision"":1.0,""recall"":0.06666666666666667,""sampling_stratum"":""correct_document_insufficient""},{""accuracy"":0.8333333333333334,""completed_count"":30,""confusion_matrix"":{""fn"":5,""fp"":0,""tn"":25,""tp"":0},""development_population_count"":2693,""f1"":0.0,""precision"":null,""recall"":0.0,""sampling_stratum"":""wrong_document_retrieval""}]"
39,combined,0.7,0.65,0.1,0.5,120,42,0,32,46,0.7333333333333333,1.0,0.5897435897435898,0.7419354838709677,0.7968446601941748,1.0,0.6386773085704419,0.7795034510212564,14,4,2,"{""fn"":0.20315533980582523,""fp"":0.0,""tn"":0.43774541531823086,""tp"":0.35909924487594386}","[{""accuracy"":1.0,""completed_count"":30,""confusion_matrix"":{""fn"":0,""fp"":0,""tn"":0,""tp"":30},""development_population_count"":1686,""f1"":1.0,""precision"":1.0,""recall"":1.0,""sampling_stratum"":""automatic_positive""},{""accuracy"":0.5666666666666667,""completed_count"":30,""confusion_matrix"":{""fn"":13,""fp"":0,""tn"":2,""tp"":15},""development_population_count"":1014,""f1"":0.6976744186046512,""precision"":1.0,""recall"":0.5357142857142857,""sampling_stratum"":""partial_overlap""},{""accuracy"":0.5333333333333333,""completed_count"":30,""confusion_matrix"":{""fn"":14,""fp"":0,""tn"":15,""tp"":1},""development_population_count"":787,""f1"":0.125,""precision"":1.0,""recall"":0.06666666666666667,""sampling_stratum"":""correct_document_insufficient""},{""accuracy"":0.8333333333333334,""completed_count"":30,""confusion_matrix"":{""fn"":5,""fp"":0,""tn"":25,""tp"":0},""development_population_count"":2693,""f1"":0.0,""precision"":null,""recall"":0.0,""sampling_stratum"":""wrong_document_retrieval""}]"
40,combined,0.7,0.65,0.2,0.5,120,42,0,32,46,0.7333333333333333,1.0,0.5897435897435898,0.7419354838709677,0.7968446601941748,1.0,0.6386773085704419,0.7795034510212564,14,4,2,"{""fn"":0.20315533980582523,""fp"":0.0,""tn"":0.43774541531823086,""tp"":0.35909924487594386}","[{""accuracy"":1.0,""completed_count"":30,""confusion_matrix"":{""fn"":0,""fp"":0,""tn"":0,""tp"":30},""development_population_count"":1686,""f1"":1.0,""precision"":1.0,""recall"":1.0,""sampling_stratum"":""automatic_positive""},{""accuracy"":0.5666666666666667,""completed_count"":30,""confusion_matrix"":{""fn"":13,""fp"":0,""tn"":2,""tp"":15},""development_population_count"":1014,""f1"":0.6976744186046512,""precision"":1.0,""recall"":0.5357142857142857,""sampling_stratum"":""partial_overlap""},{""accuracy"":0.5333333333333333,""completed_count"":30,""confusion_matrix"":{""fn"":14,""fp"":0,""tn"":15,""tp"":1},""development_population_count"":787,""f1"":0.125,""precision"":1.0,""recall"":0.06666666666666667,""sampling_stratum"":""correct_document_insufficient""},{""accuracy"":0.8333333333333334,""completed_count"":30,""confusion_matrix"":{""fn"":5,""fp"":0,""tn"":25,""tp"":0},""development_population_count"":2693,""f1"":0.0,""precision"":null,""recall"":0.0,""sampling_stratum"":""wrong_document_retrieval""}]"
41,combined,0.7,0.65,0.3,0.5,120,42,0,32,46,0.7333333333333333,1.0,0.5897435897435898,0.7419354838709677,0.7968446601941748,1.0,0.6386773085704419,0.7795034510212564,14,4,2,"{""fn"":0.20315533980582523,""fp"":0.0,""tn"":0.43774541531823086,""tp"":0.35909924487594386}","[{""accuracy"":1.0,""completed_count"":30,""confusion_matrix"":{""fn"":0,""fp"":0,""tn"":0,""tp"":30},""development_population_count"":1686,""f1"":1.0,""precision"":1.0,""recall"":1.0,""sampling_stratum"":""automatic_positive""},{""accuracy"":0.5666666666666667,""completed_count"":30,""confusion_matrix"":{""fn"":13,""fp"":0,""tn"":2,""tp"":15},""development_population_count"":1014,""f1"":0.6976744186046512,""precision"":1.0,""recall"":0.5357142857142857,""sampling_stratum"":""partial_overlap""},{""accuracy"":0.5333333333333333,""completed_count"":30,""confusion_matrix"":{""fn"":14,""fp"":0,""tn"":15,""tp"":1},""development_population_count"":787,""f1"":0.125,""precision"":1.0,""recall"":0.06666666666666667,""sampling_stratum"":""correct_document_insufficient""},{""accuracy"":0.8333333333333334,""completed_count"":30,""confusion_matrix"":{""fn"":5,""fp"":0,""tn"":25,""tp"":0},""development_population_count"":2693,""f1"":0.0,""precision"":null,""recall"":0.0,""sampling_stratum"":""wrong_document_retrieval""}]"
42,combined,0.8,0.45,0.1,0.5,120,42,0,36,42,0.7,1.0,0.5384615384615384,0.7000000000000001,0.7749676375404531,1.0,0.5997678478924042,0.7498186048463988,9,4,1,"{""fn"":0.22503236245954694,""fp"":0.0,""tn"":0.43774541531823086,""tp"":0.3372222222222222}","[{""accuracy"":1.0,""completed_count"":30,""confusion_matrix"":{""fn"":0,""fp"":0,""tn"":0,""tp"":30},""development_population_count"":1686,""f1"":1.0,""precision"":1.0,""recall"":1.0,""sampling_stratum"":""automatic_positive""},{""accuracy"":0.43333333333333335,""completed_count"":30,""confusion_matrix"":{""fn"":17,""fp"":0,""tn"":2,""tp"":11},""development_population_count"":1014,""f1"":0.5641025641025641,""precision"":1.0,""recall"":0.39285714285714285,""sampling_stratum"":""partial_overlap""},{""accuracy"":0.5333333333333333,""completed_count"":30,""confusion_matrix"":{""fn"":14,""fp"":0,""tn"":15,""tp"":1},""development_population_count"":787,""f1"":0.125,""precision"":1.0,""recall"":0.06666666666666667,""sampling_stratum"":""correct_document_insufficient""},{""accuracy"":0.8333333333333334,""completed_count"":30,""confusion_matrix"":{""fn"":5,""fp"":0,""tn"":25,""tp"":0},""development_population_count"":2693,""f1"":0.0,""precision"":null,""recall"":0.0,""sampling_stratum"":""wrong_document_retrieval""}]"
43,combined,0.8,0.45,0.2,0.5,120,42,0,36,42,0.7,1.0,0.5384615384615384,0.7000000000000001,0.7749676375404531,1.0,0.5997678478924042,0.7498186048463988,9,4,1,"{""fn"":0.22503236245954694,""fp"":0.0,""tn"":0.43774541531823086,""tp"":0.3372222222222222}","[{""accuracy"":1.0,""completed_count"":30,""confusion_matrix"":{""fn"":0,""fp"":0,""tn"":0,""tp"":30},""development_population_count"":1686,""f1"":1.0,""precision"":1.0,""recall"":1.0,""sampling_stratum"":""automatic_positive""},{""accuracy"":0.43333333333333335,""completed_count"":30,""confusion_matrix"":{""fn"":17,""fp"":0,""tn"":2,""tp"":11},""development_population_count"":1014,""f1"":0.5641025641025641,""precision"":1.0,""recall"":0.39285714285714285,""sampling_stratum"":""partial_overlap""},{""accuracy"":0.5333333333333333,""completed_count"":30,""confusion_matrix"":{""fn"":14,""fp"":0,""tn"":15,""tp"":1},""development_population_count"":787,""f1"":0.125,""precision"":1.0,""recall"":0.06666666666666667,""sampling_stratum"":""correct_document_insufficient""},{""accuracy"":0.8333333333333334,""completed_count"":30,""confusion_matrix"":{""fn"":5,""fp"":0,""tn"":25,""tp"":0},""development_population_count"":2693,""f1"":0.0,""precision"":null,""recall"":0.0,""sampling_stratum"":""wrong_document_retrieval""}]"
44,combined,0.8,0.45,0.3,0.5,120,42,0,36,42,0.7,1.0,0.5384615384615384,0.7000000000000001,0.7749676375404531,1.0,0.5997678478924042,0.7498186048463988,9,4,1,"{""fn"":0.22503236245954694,""fp"":0.0,""tn"":0.43774541531823086,""tp"":0.3372222222222222}","[{""accuracy"":1.0,""completed_count"":30,""confusion_matrix"":{""fn"":0,""fp"":0,""tn"":0,""tp"":30},""development_population_count"":1686,""f1"":1.0,""precision"":1.0,""recall"":1.0,""sampling_stratum"":""automatic_positive""},{""accuracy"":0.43333333333333335,""completed_count"":30,""confusion_matrix"":{""fn"":17,""fp"":0,""tn"":2,""tp"":11},""development_population_count"":1014,""f1"":0.5641025641025641,""precision"":1.0,""recall"":0.39285714285714285,""sampling_stratum"":""partial_overlap""},{""accuracy"":0.5333333333333333,""completed_count"":30,""confusion_matrix"":{""fn"":14,""fp"":0,""tn"":15,""tp"":1},""development_population_count"":787,""f1"":0.125,""precision"":1.0,""recall"":0.06666666666666667,""sampling_stratum"":""correct_document_insufficient""},{""accuracy"":0.8333333333333334,""completed_count"":30,""confusion_matrix"":{""fn"":5,""fp"":0,""tn"":25,""tp"":0},""development_population_count"":2693,""f1"":0.0,""precision"":null,""recall"":0.0,""sampling_stratum"":""wrong_document_retrieval""}]"
45,combined,0.8,0.55,0.1,0.5,120,42,0,36,42,0.7,1.0,0.5384615384615384,0.7000000000000001,0.7749676375404531,1.0,0.5997678478924042,0.7498186048463988,9,4,1,"{""fn"":0.22503236245954694,""fp"":0.0,""tn"":0.43774541531823086,""tp"":0.3372222222222222}","[{""accuracy"":1.0,""completed_count"":30,""confusion_matrix"":{""fn"":0,""fp"":0,""tn"":0,""tp"":30},""development_population_count"":1686,""f1"":1.0,""precision"":1.0,""recall"":1.0,""sampling_stratum"":""automatic_positive""},{""accuracy"":0.43333333333333335,""completed_count"":30,""confusion_matrix"":{""fn"":17,""fp"":0,""tn"":2,""tp"":11},""development_population_count"":1014,""f1"":0.5641025641025641,""precision"":1.0,""recall"":0.39285714285714285,""sampling_stratum"":""partial_overlap""},{""accuracy"":0.5333333333333333,""completed_count"":30,""confusion_matrix"":{""fn"":14,""fp"":0,""tn"":15,""tp"":1},""development_population_count"":787,""f1"":0.125,""precision"":1.0,""recall"":0.06666666666666667,""sampling_stratum"":""correct_document_insufficient""},{""accuracy"":0.8333333333333334,""completed_count"":30,""confusion_matrix"":{""fn"":5,""fp"":0,""tn"":25,""tp"":0},""development_population_count"":2693,""f1"":0.0,""precision"":null,""recall"":0.0,""sampling_stratum"":""wrong_document_retrieval""}]"
46,combined,0.8,0.55,0.2,0.5,120,42,0,36,42,0.7,1.0,0.5384615384615384,0.7000000000000001,0.7749676375404531,1.0,0.5997678478924042,0.7498186048463988,9,4,1,"{""fn"":0.22503236245954694,""fp"":0.0,""tn"":0.43774541531823086,""tp"":0.3372222222222222}","[{""accuracy"":1.0,""completed_count"":30,""confusion_matrix"":{""fn"":0,""fp"":0,""tn"":0,""tp"":30},""development_population_count"":1686,""f1"":1.0,""precision"":1.0,""recall"":1.0,""sampling_stratum"":""automatic_positive""},{""accuracy"":0.43333333333333335,""completed_count"":30,""confusion_matrix"":{""fn"":17,""fp"":0,""tn"":2,""tp"":11},""development_population_count"":1014,""f1"":0.5641025641025641,""precision"":1.0,""recall"":0.39285714285714285,""sampling_stratum"":""partial_overlap""},{""accuracy"":0.5333333333333333,""completed_count"":30,""confusion_matrix"":{""fn"":14,""fp"":0,""tn"":15,""tp"":1},""development_population_count"":787,""f1"":0.125,""precision"":1.0,""recall"":0.06666666666666667,""sampling_stratum"":""correct_document_insufficient""},{""accuracy"":0.8333333333333334,""completed_count"":30,""confusion_matrix"":{""fn"":5,""fp"":0,""tn"":25,""tp"":0},""development_population_count"":2693,""f1"":0.0,""precision"":null,""recall"":0.0,""sampling_stratum"":""wrong_document_retrieval""}]"
47,combined,0.8,0.55,0.3,0.5,120,42,0,36,42,0.7,1.0,0.5384615384615384,0.7000000000000001,0.7749676375404531,1.0,0.5997678478924042,0.7498186048463988,9,4,1,"{""fn"":0.22503236245954694,""fp"":0.0,""tn"":0.43774541531823086,""tp"":0.3372222222222222}","[{""accuracy"":1.0,""completed_count"":30,""confusion_matrix"":{""fn"":0,""fp"":0,""tn"":0,""tp"":30},""development_population_count"":1686,""f1"":1.0,""precision"":1.0,""recall"":1.0,""sampling_stratum"":""automatic_positive""},{""accuracy"":0.43333333333333335,""completed_count"":30,""confusion_matrix"":{""fn"":17,""fp"":0,""tn"":2,""tp"":11},""development_population_count"":1014,""f1"":0.5641025641025641,""precision"":1.0,""recall"":0.39285714285714285,""sampling_stratum"":""partial_overlap""},{""accuracy"":0.5333333333333333,""completed_count"":30,""confusion_matrix"":{""fn"":14,""fp"":0,""tn"":15,""tp"":1},""development_population_count"":787,""f1"":0.125,""precision"":1.0,""recall"":0.06666666666666667,""sampling_stratum"":""correct_document_insufficient""},{""accuracy"":0.8333333333333334,""completed_count"":30,""confusion_matrix"":{""fn"":5,""fp"":0,""tn"":25,""tp"":0},""development_population_count"":2693,""f1"":0.0,""precision"":null,""recall"":0.0,""sampling_stratum"":""wrong_document_retrieval""}]"
48,combined,0.8,0.65,0.1,0.5,120,42,0,36,42,0.7,1.0,0.5384615384615384,0.7000000000000001,0.7749676375404531,1.0,0.5997678478924042,0.7498186048463988,9,4,1,"{""fn"":0.22503236245954694,""fp"":0.0,""tn"":0.43774541531823086,""tp"":0.3372222222222222}","[{""accuracy"":1.0,""completed_count"":30,""confusion_matrix"":{""fn"":0,""fp"":0,""tn"":0,""tp"":30},""development_population_count"":1686,""f1"":1.0,""precision"":1.0,""recall"":1.0,""sampling_stratum"":""automatic_positive""},{""accuracy"":0.43333333333333335,""completed_count"":30,""confusion_matrix"":{""fn"":17,""fp"":0,""tn"":2,""tp"":11},""development_population_count"":1014,""f1"":0.5641025641025641,""precision"":1.0,""recall"":0.39285714285714285,""sampling_stratum"":""partial_overlap""},{""accuracy"":0.5333333333333333,""completed_count"":30,""confusion_matrix"":{""fn"":14,""fp"":0,""tn"":15,""tp"":1},""development_population_count"":787,""f1"":0.125,""precision"":1.0,""recall"":0.06666666666666667,""sampling_stratum"":""correct_document_insufficient""},{""accuracy"":0.8333333333333334,""completed_count"":30,""confusion_matrix"":{""fn"":5,""fp"":0,""tn"":25,""tp"":0},""development_population_count"":2693,""f1"":0.0,""precision"":null,""recall"":0.0,""sampling_stratum"":""wrong_document_retrieval""}]"
49,combined,0.8,0.65,0.2,0.5,120,42,0,36,42,0.7,1.0,0.5384615384615384,0.7000000000000001,0.7749676375404531,1.0,0.5997678478924042,0.7498186048463988,9,4,1,"{""fn"":0.22503236245954694,""fp"":0.0,""tn"":0.43774541531823086,""tp"":0.3372222222222222}","[{""accuracy"":1.0,""completed_count"":30,""confusion_matrix"":{""fn"":0,""fp"":0,""tn"":0,""tp"":30},""development_population_count"":1686,""f1"":1.0,""precision"":1.0,""recall"":1.0,""sampling_stratum"":""automatic_positive""},{""accuracy"":0.43333333333333335,""completed_count"":30,""confusion_matrix"":{""fn"":17,""fp"":0,""tn"":2,""tp"":11},""development_population_count"":1014,""f1"":0.5641025641025641,""precision"":1.0,""recall"":0.39285714285714285,""sampling_stratum"":""partial_overlap""},{""accuracy"":0.5333333333333333,""completed_count"":30,""confusion_matrix"":{""fn"":14,""fp"":0,""tn"":15,""tp"":1},""development_population_count"":787,""f1"":0.125,""precision"":1.0,""recall"":0.06666666666666667,""sampling_stratum"":""correct_document_insufficient""},{""accuracy"":0.8333333333333334,""completed_count"":30,""confusion_matrix"":{""fn"":5,""fp"":0,""tn"":25,""tp"":0},""development_population_count"":2693,""f1"":0.0,""precision"":null,""recall"":0.0,""sampling_stratum"":""wrong_document_retrieval""}]"
50,combined,0.8,0.65,0.3,0.5,120,42,0,36,42,0.7,1.0,0.5384615384615384,0.7000000000000001,0.7749676375404531,1.0,0.5997678478924042,0.7498186048463988,9,4,1,"{""fn"":0.22503236245954694,""fp"":0.0,""tn"":0.43774541531823086,""tp"":0.3372222222222222}","[{""accuracy"":1.0,""completed_count"":30,""confusion_matrix"":{""fn"":0,""fp"":0,""tn"":0,""tp"":30},""development_population_count"":1686,""f1"":1.0,""precision"":1.0,""recall"":1.0,""sampling_stratum"":""automatic_positive""},{""accuracy"":0.43333333333333335,""completed_count"":30,""confusion_matrix"":{""fn"":17,""fp"":0,""tn"":2,""tp"":11},""development_population_count"":1014,""f1"":0.5641025641025641,""precision"":1.0,""recall"":0.39285714285714285,""sampling_stratum"":""partial_overlap""},{""accuracy"":0.5333333333333333,""completed_count"":30,""confusion_matrix"":{""fn"":14,""fp"":0,""tn"":15,""tp"":1},""development_population_count"":787,""f1"":0.125,""precision"":1.0,""recall"":0.06666666666666667,""sampling_stratum"":""correct_document_insufficient""},{""accuracy"":0.8333333333333334,""completed_count"":30,""confusion_matrix"":{""fn"":5,""fp"":0,""tn"":25,""tp"":0},""development_population_count"":2693,""f1"":0.0,""precision"":null,""recall"":0.0,""sampling_stratum"":""wrong_document_retrieval""}]"
51,combined,0.9,0.45,0.1,0.5,120,42,0,39,39,0.675,1.0,0.5,0.6666666666666666,0.7585598705501617,1.0,0.570585752383876,0.7265897471918691,6,4,1,"{""fn"":0.24144012944983817,""fp"":0.0,""tn"":0.43774541531823086,""tp"":0.3208144552319309}","[{""accuracy"":1.0,""completed_count"":30,""confusion_matrix"":{""fn"":0,""fp"":0,""tn"":0,""tp"":30},""development_population_count"":1686,""f1"":1.0,""precision"":1.0,""recall"":1.0,""sampling_stratum"":""automatic_positive""},{""accuracy"":0.3333333333333333,""completed_count"":30,""confusion_matrix"":{""fn"":20,""fp"":0,""tn"":2,""tp"":8},""development_population_count"":1014,""f1"":0.4444444444444445,""precision"":1.0,""recall"":0.2857142857142857,""sampling_stratum"":""partial_overlap""},{""accuracy"":0.5333333333333333,""completed_count"":30,""confusion_matrix"":{""fn"":14,""fp"":0,""tn"":15,""tp"":1},""development_population_count"":787,""f1"":0.125,""precision"":1.0,""recall"":0.06666666666666667,""sampling_stratum"":""correct_document_insufficient""},{""accuracy"":0.8333333333333334,""completed_count"":30,""confusion_matrix"":{""fn"":5,""fp"":0,""tn"":25,""tp"":0},""development_population_count"":2693,""f1"":0.0,""precision"":null,""recall"":0.0,""sampling_stratum"":""wrong_document_retrieval""}]"
52,combined,0.9,0.45,0.2,0.5,120,42,0,39,39,0.675,1.0,0.5,0.6666666666666666,0.7585598705501617,1.0,0.570585752383876,0.7265897471918691,6,4,1,"{""fn"":0.24144012944983817,""fp"":0.0,""tn"":0.43774541531823086,""tp"":0.3208144552319309}","[{""accuracy"":1.0,""completed_count"":30,""confusion_matrix"":{""fn"":0,""fp"":0,""tn"":0,""tp"":30},""development_population_count"":1686,""f1"":1.0,""precision"":1.0,""recall"":1.0,""sampling_stratum"":""automatic_positive""},{""accuracy"":0.3333333333333333,""completed_count"":30,""confusion_matrix"":{""fn"":20,""fp"":0,""tn"":2,""tp"":8},""development_population_count"":1014,""f1"":0.4444444444444445,""precision"":1.0,""recall"":0.2857142857142857,""sampling_stratum"":""partial_overlap""},{""accuracy"":0.5333333333333333,""completed_count"":30,""confusion_matrix"":{""fn"":14,""fp"":0,""tn"":15,""tp"":1},""development_population_count"":787,""f1"":0.125,""precision"":1.0,""recall"":0.06666666666666667,""sampling_stratum"":""correct_document_insufficient""},{""accuracy"":0.8333333333333334,""completed_count"":30,""confusion_matrix"":{""fn"":5,""fp"":0,""tn"":25,""tp"":0},""development_population_count"":2693,""f1"":0.0,""precision"":null,""recall"":0.0,""sampling_stratum"":""wrong_document_retrieval""}]"
53,combined,0.9,0.45,0.3,0.5,120,42,0,39,39,0.675,1.0,0.5,0.6666666666666666,0.7585598705501617,1.0,0.570585752383876,0.7265897471918691,6,4,1,"{""fn"":0.24144012944983817,""fp"":0.0,""tn"":0.43774541531823086,""tp"":0.3208144552319309}","[{""accuracy"":1.0,""completed_count"":30,""confusion_matrix"":{""fn"":0,""fp"":0,""tn"":0,""tp"":30},""development_population_count"":1686,""f1"":1.0,""precision"":1.0,""recall"":1.0,""sampling_stratum"":""automatic_positive""},{""accuracy"":0.3333333333333333,""completed_count"":30,""confusion_matrix"":{""fn"":20,""fp"":0,""tn"":2,""tp"":8},""development_population_count"":1014,""f1"":0.4444444444444445,""precision"":1.0,""recall"":0.2857142857142857,""sampling_stratum"":""partial_overlap""},{""accuracy"":0.5333333333333333,""completed_count"":30,""confusion_matrix"":{""fn"":14,""fp"":0,""tn"":15,""tp"":1},""development_population_count"":787,""f1"":0.125,""precision"":1.0,""recall"":0.06666666666666667,""sampling_stratum"":""correct_document_insufficient""},{""accuracy"":0.8333333333333334,""completed_count"":30,""confusion_matrix"":{""fn"":5,""fp"":0,""tn"":25,""tp"":0},""development_population_count"":2693,""f1"":0.0,""precision"":null,""recall"":0.0,""sampling_stratum"":""wrong_document_retrieval""}]"
54,combined,0.9,0.55,0.1,0.5,120,42,0,39,39,0.675,1.0,0.5,0.6666666666666666,0.7585598705501617,1.0,0.570585752383876,0.7265897471918691,6,4,1,"{""fn"":0.24144012944983817,""fp"":0.0,""tn"":0.43774541531823086,""tp"":0.3208144552319309}","[{""accuracy"":1.0,""completed_count"":30,""confusion_matrix"":{""fn"":0,""fp"":0,""tn"":0,""tp"":30},""development_population_count"":1686,""f1"":1.0,""precision"":1.0,""recall"":1.0,""sampling_stratum"":""automatic_positive""},{""accuracy"":0.3333333333333333,""completed_count"":30,""confusion_matrix"":{""fn"":20,""fp"":0,""tn"":2,""tp"":8},""development_population_count"":1014,""f1"":0.4444444444444445,""precision"":1.0,""recall"":0.2857142857142857,""sampling_stratum"":""partial_overlap""},{""accuracy"":0.5333333333333333,""completed_count"":30,""confusion_matrix"":{""fn"":14,""fp"":0,""tn"":15,""tp"":1},""development_population_count"":787,""f1"":0.125,""precision"":1.0,""recall"":0.06666666666666667,""sampling_stratum"":""correct_document_insufficient""},{""accuracy"":0.8333333333333334,""completed_count"":30,""confusion_matrix"":{""fn"":5,""fp"":0,""tn"":25,""tp"":0},""development_population_count"":2693,""f1"":0.0,""precision"":null,""recall"":0.0,""sampling_stratum"":""wrong_document_retrieval""}]"
55,combined,0.9,0.55,0.2,0.5,120,42,0,39,39,0.675,1.0,0.5,0.6666666666666666,0.7585598705501617,1.0,0.570585752383876,0.7265897471918691,6,4,1,"{""fn"":0.24144012944983817,""fp"":0.0,""tn"":0.43774541531823086,""tp"":0.3208144552319309}","[{""accuracy"":1.0,""completed_count"":30,""confusion_matrix"":{""fn"":0,""fp"":0,""tn"":0,""tp"":30},""development_population_count"":1686,""f1"":1.0,""precision"":1.0,""recall"":1.0,""sampling_stratum"":""automatic_positive""},{""accuracy"":0.3333333333333333,""completed_count"":30,""confusion_matrix"":{""fn"":20,""fp"":0,""tn"":2,""tp"":8},""development_population_count"":1014,""f1"":0.4444444444444445,""precision"":1.0,""recall"":0.2857142857142857,""sampling_stratum"":""partial_overlap""},{""accuracy"":0.5333333333333333,""completed_count"":30,""confusion_matrix"":{""fn"":14,""fp"":0,""tn"":15,""tp"":1},""development_population_count"":787,""f1"":0.125,""precision"":1.0,""recall"":0.06666666666666667,""sampling_stratum"":""correct_document_insufficient""},{""accuracy"":0.8333333333333334,""completed_count"":30,""confusion_matrix"":{""fn"":5,""fp"":0,""tn"":25,""tp"":0},""development_population_count"":2693,""f1"":0.0,""precision"":null,""recall"":0.0,""sampling_stratum"":""wrong_document_retrieval""}]"
56,combined,0.9,0.55,0.3,0.5,120,42,0,39,39,0.675,1.0,0.5,0.6666666666666666,0.7585598705501617,1.0,0.570585752383876,0.7265897471918691,6,4,1,"{""fn"":0.24144012944983817,""fp"":0.0,""tn"":0.43774541531823086,""tp"":0.3208144552319309}","[{""accuracy"":1.0,""completed_count"":30,""confusion_matrix"":{""fn"":0,""fp"":0,""tn"":0,""tp"":30},""development_population_count"":1686,""f1"":1.0,""precision"":1.0,""recall"":1.0,""sampling_stratum"":""automatic_positive""},{""accuracy"":0.3333333333333333,""completed_count"":30,""confusion_matrix"":{""fn"":20,""fp"":0,""tn"":2,""tp"":8},""development_population_count"":1014,""f1"":0.4444444444444445,""precision"":1.0,""recall"":0.2857142857142857,""sampling_stratum"":""partial_overlap""},{""accuracy"":0.5333333333333333,""completed_count"":30,""confusion_matrix"":{""fn"":14,""fp"":0,""tn"":15,""tp"":1},""development_population_count"":787,""f1"":0.125,""precision"":1.0,""recall"":0.06666666666666667,""sampling_stratum"":""correct_document_insufficient""},{""accuracy"":0.8333333333333334,""completed_count"":30,""confusion_matrix"":{""fn"":5,""fp"":0,""tn"":25,""tp"":0},""development_population_count"":2693,""f1"":0.0,""precision"":null,""recall"":0.0,""sampling_stratum"":""wrong_document_retrieval""}]"
57,combined,0.9,0.65,0.1,0.5,120,42,0,39,39,0.675,1.0,0.5,0.6666666666666666,0.7585598705501617,1.0,0.570585752383876,0.7265897471918691,6,4,1,"{""fn"":0.24144012944983817,""fp"":0.0,""tn"":0.43774541531823086,""tp"":0.3208144552319309}","[{""accuracy"":1.0,""completed_count"":30,""confusion_matrix"":{""fn"":0,""fp"":0,""tn"":0,""tp"":30},""development_population_count"":1686,""f1"":1.0,""precision"":1.0,""recall"":1.0,""sampling_stratum"":""automatic_positive""},{""accuracy"":0.3333333333333333,""completed_count"":30,""confusion_matrix"":{""fn"":20,""fp"":0,""tn"":2,""tp"":8},""development_population_count"":1014,""f1"":0.4444444444444445,""precision"":1.0,""recall"":0.2857142857142857,""sampling_stratum"":""partial_overlap""},{""accuracy"":0.5333333333333333,""completed_count"":30,""confusion_matrix"":{""fn"":14,""fp"":0,""tn"":15,""tp"":1},""development_population_count"":787,""f1"":0.125,""precision"":1.0,""recall"":0.06666666666666667,""sampling_stratum"":""correct_document_insufficient""},{""accuracy"":0.8333333333333334,""completed_count"":30,""confusion_matrix"":{""fn"":5,""fp"":0,""tn"":25,""tp"":0},""development_population_count"":2693,""f1"":0.0,""precision"":null,""recall"":0.0,""sampling_stratum"":""wrong_document_retrieval""}]"
58,combined,0.9,0.65,0.2,0.5,120,42,0,39,39,0.675,1.0,0.5,0.6666666666666666,0.7585598705501617,1.0,0.570585752383876,0.7265897471918691,6,4,1,"{""fn"":0.24144012944983817,""fp"":0.0,""tn"":0.43774541531823086,""tp"":0.3208144552319309}","[{""accuracy"":1.0,""completed_count"":30,""confusion_matrix"":{""fn"":0,""fp"":0,""tn"":0,""tp"":30},""development_population_count"":1686,""f1"":1.0,""precision"":1.0,""recall"":1.0,""sampling_stratum"":""automatic_positive""},{""accuracy"":0.3333333333333333,""completed_count"":30,""confusion_matrix"":{""fn"":20,""fp"":0,""tn"":2,""tp"":8},""development_population_count"":1014,""f1"":0.4444444444444445,""precision"":1.0,""recall"":0.2857142857142857,""sampling_stratum"":""partial_overlap""},{""accuracy"":0.5333333333333333,""completed_count"":30,""confusion_matrix"":{""fn"":14,""fp"":0,""tn"":15,""tp"":1},""development_population_count"":787,""f1"":0.125,""precision"":1.0,""recall"":0.06666666666666667,""sampling_stratum"":""correct_document_insufficient""},{""accuracy"":0.8333333333333334,""completed_count"":30,""confusion_matrix"":{""fn"":5,""fp"":0,""tn"":25,""tp"":0},""development_population_count"":2693,""f1"":0.0,""precision"":null,""recall"":0.0,""sampling_stratum"":""wrong_document_retrieval""}]"
59,combined,0.9,0.65,0.3,0.5,120,42,0,39,39,0.675,1.0,0.5,0.6666666666666666,0.7585598705501617,1.0,0.570585752383876,0.7265897471918691,6,4,1,"{""fn"":0.24144012944983817,""fp"":0.0,""tn"":0.43774541531823086,""tp"":0.3208144552319309}","[{""accuracy"":1.0,""completed_count"":30,""confusion_matrix"":{""fn"":0,""fp"":0,""tn"":0,""tp"":30},""development_population_count"":1686,""f1"":1.0,""precision"":1.0,""recall"":1.0,""sampling_stratum"":""automatic_positive""},{""accuracy"":0.3333333333333333,""completed_count"":30,""confusion_matrix"":{""fn"":20,""fp"":0,""tn"":2,""tp"":8},""development_population_count"":1014,""f1"":0.4444444444444445,""precision"":1.0,""recall"":0.2857142857142857,""sampling_stratum"":""partial_overlap""},{""accuracy"":0.5333333333333333,""completed_count"":30,""confusion_matrix"":{""fn"":14,""fp"":0,""tn"":15,""tp"":1},""development_population_count"":787,""f1"":0.125,""precision"":1.0,""recall"":0.06666666666666667,""sampling_stratum"":""correct_document_insufficient""},{""accuracy"":0.8333333333333334,""completed_count"":30,""confusion_matrix"":{""fn"":5,""fp"":0,""tn"":25,""tp"":0},""development_population_count"":2693,""f1"":0.0,""precision"":null,""recall"":0.0,""sampling_stratum"":""wrong_document_retrieval""}]"
