schema_version,sample_id,blind_order,question_id,split,retrieval_strategy,k,confirmation_sampling_stratum,sample_seed,example_id,semantic_config_sha256,semantic_label_governance_sha256,annotation_guideline_version,annotation_guideline_sha256
phase03-semantic-confirmation-sample-v1,02ac3ff26160864a70e3bf1777173305a82cbe64e35310ef9030d129f7c9b88f,78,TRAIN_Q450,validation,bm25,3,strict_negative_semantic_negative,43,0d52e6c94bf54039913fe547fb35e31f707f196b42c2e94a422525ce2ee96838,98f7279821921d825470ee64efa810777e5b331d4c978e6234e7b689b6657fdf,233c61c45c7ad75b876e81deeb290d546a13f034f1d18c82787aea678ba0f533,phase03-sufficiency-annotation-v1,f2fe3f7f29b834d78fd7c79bf4d4a94faee43c658d89c48e386854123066802b
phase03-semantic-confirmation-sample-v1,05b46096964092032dc9d5072a2231011871df4e4234c4f8bc5993732b85f65f,97,DEV_Q303,validation,hybrid,3,strict_negative_semantic_negative,43,9469bd90f61c63be5dba3fa5c48c4ac0f9b3ef04274b5508a3ea306768173c25,98f7279821921d825470ee64efa810777e5b331d4c978e6234e7b689b6657fdf,233c61c45c7ad75b876e81deeb290d546a13f034f1d18c82787aea678ba0f533,phase03-sufficiency-annotation-v1,f2fe3f7f29b834d78fd7c79bf4d4a94faee43c658d89c48e386854123066802b
phase03-semantic-confirmation-sample-v1,0760b4f1cdc0fa8c054d0e9770d8103fa6cb89e2e9eb18c930e658711d35b2fc,41,TRAIN_Q263,train,bm25,1,strict_negative_semantic_positive,43,5e40c99dc76fb1c92987e60fe81969fbbc793c7f827f3a0798bc8aafa1f3740e,98f7279821921d825470ee64efa810777e5b331d4c978e6234e7b689b6657fdf,233c61c45c7ad75b876e81deeb290d546a13f034f1d18c82787aea678ba0f533,phase03-sufficiency-annotation-v1,f2fe3f7f29b834d78fd7c79bf4d4a94faee43c658d89c48e386854123066802b
phase03-semantic-confirmation-sample-v1,07f492084cda64587e3acb313b17e22b688891d4e78c820b3d60ba250d4ce4e3,98,TRAIN_Q005,train,hybrid,3,strict_positive_semantic_positive,43,dc89882e85d19a960c853dbf6ae2713ccffb60f843c95b17817b7070cb767821,98f7279821921d825470ee64efa810777e5b331d4c978e6234e7b689b6657fdf,233c61c45c7ad75b876e81deeb290d546a13f034f1d18c82787aea678ba0f533,phase03-sufficiency-annotation-v1,f2fe3f7f29b834d78fd7c79bf4d4a94faee43c658d89c48e386854123066802b
phase03-semantic-confirmation-sample-v1,0c4df506f0634dc143323a9cbaee6ba14c3dab953ff2b12236c474b7a0591682,68,TRAIN_Q069,train,dense,10,strict_positive_semantic_positive,43,0df7a877b992c7f0ca76b9036555818d01dcf7a549fc3d54ba81b8842e8a5082,98f7279821921d825470ee64efa810777e5b331d4c978e6234e7b689b6657fdf,233c61c45c7ad75b876e81deeb290d546a13f034f1d18c82787aea678ba0f533,phase03-sufficiency-annotation-v1,f2fe3f7f29b834d78fd7c79bf4d4a94faee43c658d89c48e386854123066802b
phase03-semantic-confirmation-sample-v1,0e71816d098557059c6f66e4f2ebeb2a387439c35c0202879eacaf525721c0a7,39,TRAIN_Q379,train,bm25,3,strict_positive_semantic_positive,43,56c64c36a2ec44ec1a14e40d9593fc7c00e7139f5c99a65fb5834298042df06d,98f7279821921d825470ee64efa810777e5b331d4c978e6234e7b689b6657fdf,233c61c45c7ad75b876e81deeb290d546a13f034f1d18c82787aea678ba0f533,phase03-sufficiency-annotation-v1,f2fe3f7f29b834d78fd7c79bf4d4a94faee43c658d89c48e386854123066802b
phase03-semantic-confirmation-sample-v1,0e9cb4fe78397e93c644c94f4ad514ff2505289615a139ca9f4760219427b5c8,12,TRAIN_Q222,train,bm25,3,strict_negative_semantic_positive,43,329f4f03c76b8550c10608bb2ecc0b2caf9d1444be0bdc737410e4e04c71ffde,98f7279821921d825470ee64efa810777e5b331d4c978e6234e7b689b6657fdf,233c61c45c7ad75b876e81deeb290d546a13f034f1d18c82787aea678ba0f533,phase03-sufficiency-annotation-v1,f2fe3f7f29b834d78fd7c79bf4d4a94faee43c658d89c48e386854123066802b
phase03-semantic-confirmation-sample-v1,0f0d97b201bad60c03742de65bb8194af93d82447faf437efe9d2205f81c8065,92,DEV_Q027,train,dense,10,strict_negative_semantic_negative,43,b8a40da0d9d13c9e0bf1a0775b872e83dfe8b0fc6d1315b7379c6ecf93b83513,98f7279821921d825470ee64efa810777e5b331d4c978e6234e7b689b6657fdf,233c61c45c7ad75b876e81deeb290d546a13f034f1d18c82787aea678ba0f533,phase03-sufficiency-annotation-v1,f2fe3f7f29b834d78fd7c79bf4d4a94faee43c658d89c48e386854123066802b
phase03-semantic-confirmation-sample-v1,0ff72721abdf65279dedbd6a0a44ebfd1da6cfefa7493c2dbceede886033215a,99,TRAIN_Q162,validation,dense,10,strict_negative_semantic_negative,43,a344cf78409481b0ae158badbaf2bf5f7b5205b44c19698d5a7adfc0acc43249,98f7279821921d825470ee64efa810777e5b331d4c978e6234e7b689b6657fdf,233c61c45c7ad75b876e81deeb290d546a13f034f1d18c82787aea678ba0f533,phase03-sufficiency-annotation-v1,f2fe3f7f29b834d78fd7c79bf4d4a94faee43c658d89c48e386854123066802b
phase03-semantic-confirmation-sample-v1,154a905dc16fcf0dc04b424830971df5492c9b7edf18c29be18f10b1c6216743,75,TRAIN_Q355,train,hybrid,3,strict_positive_semantic_positive,43,4bc918284a5a1f034d4c38c209a4feeb23925fdbcbd26497d6902b2556cada3c,98f7279821921d825470ee64efa810777e5b331d4c978e6234e7b689b6657fdf,233c61c45c7ad75b876e81deeb290d546a13f034f1d18c82787aea678ba0f533,phase03-sufficiency-annotation-v1,f2fe3f7f29b834d78fd7c79bf4d4a94faee43c658d89c48e386854123066802b
phase03-semantic-confirmation-sample-v1,18db4ec1724c473256f0914ee060a93766998c8774912bf2ded1a1e71b5ba246,28,TRAIN_Q437,train,hybrid,5,strict_positive_semantic_negative,43,5b6ba1c2046bb2f42db7fd7dd68f4a9abf5fdbc0d4cbc53375aa1cb344cadd2d,98f7279821921d825470ee64efa810777e5b331d4c978e6234e7b689b6657fdf,233c61c45c7ad75b876e81deeb290d546a13f034f1d18c82787aea678ba0f533,phase03-sufficiency-annotation-v1,f2fe3f7f29b834d78fd7c79bf4d4a94faee43c658d89c48e386854123066802b
phase03-semantic-confirmation-sample-v1,1a0cd9c54b4ee6558a1bbcad1509332b4ec31f29c0d6004ad542c91a8fca3215,42,TRAIN_Q063,validation,dense,5,strict_negative_semantic_negative,43,6b9801730f28f15484008ad183f1a14bda961a106524ff8bb72f25122a688881,98f7279821921d825470ee64efa810777e5b331d4c978e6234e7b689b6657fdf,233c61c45c7ad75b876e81deeb290d546a13f034f1d18c82787aea678ba0f533,phase03-sufficiency-annotation-v1,f2fe3f7f29b834d78fd7c79bf4d4a94faee43c658d89c48e386854123066802b
phase03-semantic-confirmation-sample-v1,1c51d5e4f51ebe3037ecad90e0832364249f347de7b4d43d2a2a38284ac007bf,33,TRAIN_Q368,train,dense,10,strict_negative_semantic_negative,43,0ca1cb8a4892e50dacda8093a750bc945f19f913f2bf9374e365c43e255bd035,98f7279821921d825470ee64efa810777e5b331d4c978e6234e7b689b6657fdf,233c61c45c7ad75b876e81deeb290d546a13f034f1d18c82787aea678ba0f533,phase03-sufficiency-annotation-v1,f2fe3f7f29b834d78fd7c79bf4d4a94faee43c658d89c48e386854123066802b
phase03-semantic-confirmation-sample-v1,1db4be1257c65d365a220bbb0d1e04293afb478b0ed53a36078d92ac3af10685,86,DEV_Q074,train,bm25,1,strict_negative_semantic_positive,43,2a4ece46f01054aea29e492a74d8f1c8c153a68ece6e30a09df8c8b45161e69d,98f7279821921d825470ee64efa810777e5b331d4c978e6234e7b689b6657fdf,233c61c45c7ad75b876e81deeb290d546a13f034f1d18c82787aea678ba0f533,phase03-sufficiency-annotation-v1,f2fe3f7f29b834d78fd7c79bf4d4a94faee43c658d89c48e386854123066802b
phase03-semantic-confirmation-sample-v1,2085647fbbe063bc5438a9a54f71d73d209a62195c6d26a60e4ef802f6c27d12,95,TRAIN_Q027,validation,bm25,10,strict_negative_semantic_negative,43,fdf755a0584f2713d6105333d3e2e74c5d1778acb565a7cdc24377c2d15bde34,98f7279821921d825470ee64efa810777e5b331d4c978e6234e7b689b6657fdf,233c61c45c7ad75b876e81deeb290d546a13f034f1d18c82787aea678ba0f533,phase03-sufficiency-annotation-v1,f2fe3f7f29b834d78fd7c79bf4d4a94faee43c658d89c48e386854123066802b
phase03-semantic-confirmation-sample-v1,24517f6c293ab8661ea64bd0569641c5aead7d1fbeac271be3fa7297555b102e,88,DEV_Q119,train,dense,5,strict_positive_semantic_positive,43,6c5cca60c9b9870e296f5b61b5d6703023acc4439eaad16f44e431299c88db95,98f7279821921d825470ee64efa810777e5b331d4c978e6234e7b689b6657fdf,233c61c45c7ad75b876e81deeb290d546a13f034f1d18c82787aea678ba0f533,phase03-sufficiency-annotation-v1,f2fe3f7f29b834d78fd7c79bf4d4a94faee43c658d89c48e386854123066802b
phase03-semantic-confirmation-sample-v1,25027f039b5a198b89446fb85bf75c1ce4e8c318e3b7199caf1cddf2cb30c070,30,TRAIN_Q471,train,hybrid,3,strict_positive_semantic_negative,43,8942cd6d9f8d3c598277f2bd7e2d554892c899c659c38bce68ae92c038f33ae8,98f7279821921d825470ee64efa810777e5b331d4c978e6234e7b689b6657fdf,233c61c45c7ad75b876e81deeb290d546a13f034f1d18c82787aea678ba0f533,phase03-sufficiency-annotation-v1,f2fe3f7f29b834d78fd7c79bf4d4a94faee43c658d89c48e386854123066802b
phase03-semantic-confirmation-sample-v1,25537cf5aa713261985db5227fa0fada2077c41da6568a75b2d7b87bb8f3e642,66,DEV_Q230,train,dense,1,strict_negative_semantic_negative,43,684b1a58e256c11d764c487aa08177dfc826d2f2bbb10a21c2d98185dc9e3c5a,98f7279821921d825470ee64efa810777e5b331d4c978e6234e7b689b6657fdf,233c61c45c7ad75b876e81deeb290d546a13f034f1d18c82787aea678ba0f533,phase03-sufficiency-annotation-v1,f2fe3f7f29b834d78fd7c79bf4d4a94faee43c658d89c48e386854123066802b
phase03-semantic-confirmation-sample-v1,25790c8f31b10afa5e4bde963056e2cad56f28c2e5dd937da780fb5f19870535,21,TRAIN_Q230,train,dense,5,strict_negative_semantic_positive,43,37888d2e6e9a3cb6935ec03d037754a5046b69037ec95dd92ff69e431235f2c7,98f7279821921d825470ee64efa810777e5b331d4c978e6234e7b689b6657fdf,233c61c45c7ad75b876e81deeb290d546a13f034f1d18c82787aea678ba0f533,phase03-sufficiency-annotation-v1,f2fe3f7f29b834d78fd7c79bf4d4a94faee43c658d89c48e386854123066802b
phase03-semantic-confirmation-sample-v1,2692c4c063d3071909c7738eb8cd0568247758ce84451442a42506451a789ccf,16,DEV_Q175,validation,hybrid,1,strict_negative_semantic_positive,43,9b67ecfa971ae66f7d4664e300095d393a185f19792a71eebd11ae9eccc9fb16,98f7279821921d825470ee64efa810777e5b331d4c978e6234e7b689b6657fdf,233c61c45c7ad75b876e81deeb290d546a13f034f1d18c82787aea678ba0f533,phase03-sufficiency-annotation-v1,f2fe3f7f29b834d78fd7c79bf4d4a94faee43c658d89c48e386854123066802b
phase03-semantic-confirmation-sample-v1,2cee14ad7dc7643e6c60513bc282822c9d74e0834e4306bb7018f9eea3694f07,47,TRAIN_Q343,train,bm25,1,strict_negative_semantic_negative,43,3c2fb3c2f7a31f54d103a9507e832be479ccd985e43311800d572151b1a632ab,98f7279821921d825470ee64efa810777e5b331d4c978e6234e7b689b6657fdf,233c61c45c7ad75b876e81deeb290d546a13f034f1d18c82787aea678ba0f533,phase03-sufficiency-annotation-v1,f2fe3f7f29b834d78fd7c79bf4d4a94faee43c658d89c48e386854123066802b
phase03-semantic-confirmation-sample-v1,38efdb97ed6c3ba01d1da05dbf008d65dbfa7c7fb1bd475f55ce880be4832ac1,23,TRAIN_Q016,train,bm25,5,strict_negative_semantic_negative,43,bc9448105de94574a0cbdf655f5acf1fbe3ccef2ae44d2af51325bbcf80da821,98f7279821921d825470ee64efa810777e5b331d4c978e6234e7b689b6657fdf,233c61c45c7ad75b876e81deeb290d546a13f034f1d18c82787aea678ba0f533,phase03-sufficiency-annotation-v1,f2fe3f7f29b834d78fd7c79bf4d4a94faee43c658d89c48e386854123066802b
phase03-semantic-confirmation-sample-v1,3a9107abbe16508e6acb4a81f3d530410d3aaa3ae1a296afb9b07a9a48170815,29,DEV_Q242,train,bm25,1,strict_positive_semantic_positive,43,e106497dfc0a64e19bba80eceddeac71227d5d500286f5dd5de6569459831666,98f7279821921d825470ee64efa810777e5b331d4c978e6234e7b689b6657fdf,233c61c45c7ad75b876e81deeb290d546a13f034f1d18c82787aea678ba0f533,phase03-sufficiency-annotation-v1,f2fe3f7f29b834d78fd7c79bf4d4a94faee43c658d89c48e386854123066802b
phase03-semantic-confirmation-sample-v1,3b22b0863df06fd1444984e148ebf5fc9abd82e5ce872dc816c609184d08f4da,7,DEV_Q253,validation,hybrid,10,strict_negative_semantic_positive,43,55e5c96d8b9f273704a878c53dedf43027aafdff4e4e45688c9a4c8657f98018,98f7279821921d825470ee64efa810777e5b331d4c978e6234e7b689b6657fdf,233c61c45c7ad75b876e81deeb290d546a13f034f1d18c82787aea678ba0f533,phase03-sufficiency-annotation-v1,f2fe3f7f29b834d78fd7c79bf4d4a94faee43c658d89c48e386854123066802b
phase03-semantic-confirmation-sample-v1,3d6454e428a3bfaf785093cab54ea8d39605d0dc51467071ac20dbfa00546537,49,TRAIN_Q599,train,bm25,10,strict_positive_semantic_positive,43,8813720a247e2cbd7493f1d91ee755f68f44c38b48bf996ab0c3e77e5b28a976,98f7279821921d825470ee64efa810777e5b331d4c978e6234e7b689b6657fdf,233c61c45c7ad75b876e81deeb290d546a13f034f1d18c82787aea678ba0f533,phase03-sufficiency-annotation-v1,f2fe3f7f29b834d78fd7c79bf4d4a94faee43c658d89c48e386854123066802b
phase03-semantic-confirmation-sample-v1,3e5cc29f90caf7d98ce072e0c36fa91a063b2e5223abb8ea25ce7829441ede4b,84,TRAIN_Q384,train,dense,10,strict_positive_semantic_negative,43,7aff0f48435b55839d17adc941ba97f93b4e907e5170defdf99965d9024c3bfa,98f7279821921d825470ee64efa810777e5b331d4c978e6234e7b689b6657fdf,233c61c45c7ad75b876e81deeb290d546a13f034f1d18c82787aea678ba0f533,phase03-sufficiency-annotation-v1,f2fe3f7f29b834d78fd7c79bf4d4a94faee43c658d89c48e386854123066802b
phase03-semantic-confirmation-sample-v1,3ef362591f0dbdf11ba5447d8e49bf90209ac2dec6d6b80b2d45e30846a141da,18,DEV_Q211,train,bm25,1,strict_positive_semantic_negative,43,c97b31f771a73272cc45b581e148f983bc2b293fb2a7fbdb69bd51f80987465f,98f7279821921d825470ee64efa810777e5b331d4c978e6234e7b689b6657fdf,233c61c45c7ad75b876e81deeb290d546a13f034f1d18c82787aea678ba0f533,phase03-sufficiency-annotation-v1,f2fe3f7f29b834d78fd7c79bf4d4a94faee43c658d89c48e386854123066802b
phase03-semantic-confirmation-sample-v1,3f9158e00b330af075e9099e4cac1144e1d82674ad75d8c416355e978d71cd60,87,DEV_Q229,train,hybrid,10,strict_negative_semantic_negative,43,ca1646f73979ba005af0e130ee1fe2846ac0e4c7ab807c02af60db7422e61736,98f7279821921d825470ee64efa810777e5b331d4c978e6234e7b689b6657fdf,233c61c45c7ad75b876e81deeb290d546a13f034f1d18c82787aea678ba0f533,phase03-sufficiency-annotation-v1,f2fe3f7f29b834d78fd7c79bf4d4a94faee43c658d89c48e386854123066802b
phase03-semantic-confirmation-sample-v1,4203bbb3b6d7e6096c3f94335d8088f97e8e7ccefe63d8e7f2e7677eede4acfd,53,TRAIN_Q029,validation,bm25,5,strict_positive_semantic_positive,43,7ae2aad7e5afd65006d75034e05ca6ad63451dc7d1afeb9c5439e94c24b08895,98f7279821921d825470ee64efa810777e5b331d4c978e6234e7b689b6657fdf,233c61c45c7ad75b876e81deeb290d546a13f034f1d18c82787aea678ba0f533,phase03-sufficiency-annotation-v1,f2fe3f7f29b834d78fd7c79bf4d4a94faee43c658d89c48e386854123066802b
phase03-semantic-confirmation-sample-v1,4dc3d82a0d018774038bbf8a19e5bb2c610e4d78126a234bd0f4c14b647901c6,3,TRAIN_Q202,train,dense,3,strict_positive_semantic_negative,43,3b9050713cd691ac4447e2f0583bdaa451375f537b4ee1fc4857cf4890aaeb5f,98f7279821921d825470ee64efa810777e5b331d4c978e6234e7b689b6657fdf,233c61c45c7ad75b876e81deeb290d546a13f034f1d18c82787aea678ba0f533,phase03-sufficiency-annotation-v1,f2fe3f7f29b834d78fd7c79bf4d4a94faee43c658d89c48e386854123066802b
phase03-semantic-confirmation-sample-v1,4e64a67487b8dfebb5442192ec0214c3e4192ae973826d38f507e560967bfb62,56,TRAIN_Q314,train,hybrid,1,strict_negative_semantic_negative,43,34a5d229010b75fd508d9615788871e18fd020d85ab52c0d7113b91d9a632beb,98f7279821921d825470ee64efa810777e5b331d4c978e6234e7b689b6657fdf,233c61c45c7ad75b876e81deeb290d546a13f034f1d18c82787aea678ba0f533,phase03-sufficiency-annotation-v1,f2fe3f7f29b834d78fd7c79bf4d4a94faee43c658d89c48e386854123066802b
phase03-semantic-confirmation-sample-v1,4e9ee4c950327a999930081b729b7734b15d10c1f7b07932c311ba2bf9c14415,62,DEV_Q040,validation,dense,1,strict_positive_semantic_positive,43,751c22329ee35918ed081b9750f704c9c05b80ca2b9fa4a9d593a3542e9e99e6,98f7279821921d825470ee64efa810777e5b331d4c978e6234e7b689b6657fdf,233c61c45c7ad75b876e81deeb290d546a13f034f1d18c82787aea678ba0f533,phase03-sufficiency-annotation-v1,f2fe3f7f29b834d78fd7c79bf4d4a94faee43c658d89c48e386854123066802b
phase03-semantic-confirmation-sample-v1,4edea6e1f4731951270f71ee770e48bc1ecdaa187eacf4d62ccb676210e40725,6,TRAIN_Q136,train,dense,10,strict_negative_semantic_positive,43,0bed11e19cb7af4c85107908ba23296267405377a13ff9a025103e55517bcdf3,98f7279821921d825470ee64efa810777e5b331d4c978e6234e7b689b6657fdf,233c61c45c7ad75b876e81deeb290d546a13f034f1d18c82787aea678ba0f533,phase03-sufficiency-annotation-v1,f2fe3f7f29b834d78fd7c79bf4d4a94faee43c658d89c48e386854123066802b
phase03-semantic-confirmation-sample-v1,4fcf9d10d46cf04b356372d19401ce80f6f0052f1faec25fa69ecb3663674de0,10,TRAIN_Q395,train,dense,10,strict_negative_semantic_negative,43,5e58c9ce84d45b281b4fd09db87edb807456114e290b41399ab0d91383974272,98f7279821921d825470ee64efa810777e5b331d4c978e6234e7b689b6657fdf,233c61c45c7ad75b876e81deeb290d546a13f034f1d18c82787aea678ba0f533,phase03-sufficiency-annotation-v1,f2fe3f7f29b834d78fd7c79bf4d4a94faee43c658d89c48e386854123066802b
phase03-semantic-confirmation-sample-v1,50ae6701b1a8701eb64dc5f49cb92b023a2b1088e90b6c9e5ec6f9b0ff6ee80a,55,DEV_Q271,train,hybrid,5,strict_positive_semantic_positive,43,353152dfbcf63a21880d8d595070c71cf5e97d8d158d03f6fb1f63507e76ad1f,98f7279821921d825470ee64efa810777e5b331d4c978e6234e7b689b6657fdf,233c61c45c7ad75b876e81deeb290d546a13f034f1d18c82787aea678ba0f533,phase03-sufficiency-annotation-v1,f2fe3f7f29b834d78fd7c79bf4d4a94faee43c658d89c48e386854123066802b
phase03-semantic-confirmation-sample-v1,5146a785c5680aca82aedf3519501da5b3b28a75097ad70f8c8f588e39b9aac1,27,TRAIN_Q490,validation,bm25,1,strict_negative_semantic_negative,43,d8d468c2ebe7c6615b4a53104561d3aa55f308b4994a844a272f7c54e3034f91,98f7279821921d825470ee64efa810777e5b331d4c978e6234e7b689b6657fdf,233c61c45c7ad75b876e81deeb290d546a13f034f1d18c82787aea678ba0f533,phase03-sufficiency-annotation-v1,f2fe3f7f29b834d78fd7c79bf4d4a94faee43c658d89c48e386854123066802b
phase03-semantic-confirmation-sample-v1,5226d94e6667eeb70198ddaa3d9951858fd7c00e3c6c90309f1265d0b9f542c2,14,TRAIN_Q415,train,bm25,1,strict_negative_semantic_negative,43,3db90d9e7b3820abffb5a9361edccdcc2242642937e994501b73c243e089bcb4,98f7279821921d825470ee64efa810777e5b331d4c978e6234e7b689b6657fdf,233c61c45c7ad75b876e81deeb290d546a13f034f1d18c82787aea678ba0f533,phase03-sufficiency-annotation-v1,f2fe3f7f29b834d78fd7c79bf4d4a94faee43c658d89c48e386854123066802b
phase03-semantic-confirmation-sample-v1,552288ad728189fc50e7719a08d69cd7069c50000bafa3f14944506371f0ab2e,15,TRAIN_Q544,train,bm25,5,strict_negative_semantic_negative,43,d9b54f37c4d7af2bd455e9433afbccb47efa1f89e234715b23b452088b8889e7,98f7279821921d825470ee64efa810777e5b331d4c978e6234e7b689b6657fdf,233c61c45c7ad75b876e81deeb290d546a13f034f1d18c82787aea678ba0f533,phase03-sufficiency-annotation-v1,f2fe3f7f29b834d78fd7c79bf4d4a94faee43c658d89c48e386854123066802b
phase03-semantic-confirmation-sample-v1,5af2aed415195a1e969c2d94bd6f5c04fb414d0e0d66d7e7bcd5784df45c51a5,90,DEV_Q221,train,hybrid,3,strict_negative_semantic_negative,43,5324d5ac48bd7afc8cea96ad3eacce145f2e14068c34a48ed4358d4da1fce014,98f7279821921d825470ee64efa810777e5b331d4c978e6234e7b689b6657fdf,233c61c45c7ad75b876e81deeb290d546a13f034f1d18c82787aea678ba0f533,phase03-sufficiency-annotation-v1,f2fe3f7f29b834d78fd7c79bf4d4a94faee43c658d89c48e386854123066802b
phase03-semantic-confirmation-sample-v1,5b38674729527e3366c81e26192268e145eedd6513fca1d57e0cbe141262a1c6,59,TRAIN_Q118,train,hybrid,5,strict_negative_semantic_negative,43,bdb6c8f7495b3d645b32f3ab7fcd977e264ed41de05a3fc0a91fee8f174ef12b,98f7279821921d825470ee64efa810777e5b331d4c978e6234e7b689b6657fdf,233c61c45c7ad75b876e81deeb290d546a13f034f1d18c82787aea678ba0f533,phase03-sufficiency-annotation-v1,f2fe3f7f29b834d78fd7c79bf4d4a94faee43c658d89c48e386854123066802b
phase03-semantic-confirmation-sample-v1,5f161554c624b5c4257b4e143322261db20ff74da303c85e8c4635d6794f50b9,85,TRAIN_Q547,train,hybrid,3,strict_positive_semantic_positive,43,5a7bb4656ab89b8806f42bd7477bb3173d73313f3d13e53c345f1ef992ecbb98,98f7279821921d825470ee64efa810777e5b331d4c978e6234e7b689b6657fdf,233c61c45c7ad75b876e81deeb290d546a13f034f1d18c82787aea678ba0f533,phase03-sufficiency-annotation-v1,f2fe3f7f29b834d78fd7c79bf4d4a94faee43c658d89c48e386854123066802b
phase03-semantic-confirmation-sample-v1,663cc707ec503cd11c9f4c892cb2cbff60dcbc0ede4d0baf860bc60d8a255107,50,TRAIN_Q199,validation,bm25,10,strict_negative_semantic_negative,43,695feb3b893227c3838a81dc8d4ef00529e0c1333bb2cc07b52ba618b56b78fd,98f7279821921d825470ee64efa810777e5b331d4c978e6234e7b689b6657fdf,233c61c45c7ad75b876e81deeb290d546a13f034f1d18c82787aea678ba0f533,phase03-sufficiency-annotation-v1,f2fe3f7f29b834d78fd7c79bf4d4a94faee43c658d89c48e386854123066802b
phase03-semantic-confirmation-sample-v1,6a28621999555fc5e856707cb0d864346a12c78b33cb02ab1998b03b42d26f80,76,TRAIN_Q520,train,dense,3,strict_negative_semantic_positive,43,0a9de60a74a61f3290bb58103725521035d2ad84ceb4c1834f3197c99318ce5f,98f7279821921d825470ee64efa810777e5b331d4c978e6234e7b689b6657fdf,233c61c45c7ad75b876e81deeb290d546a13f034f1d18c82787aea678ba0f533,phase03-sufficiency-annotation-v1,f2fe3f7f29b834d78fd7c79bf4d4a94faee43c658d89c48e386854123066802b
phase03-semantic-confirmation-sample-v1,6f4babf91e3ab2c4e8f7fac37ec306d3c08fb6a327502a10776463b25903ae6d,22,TRAIN_Q397,train,hybrid,5,strict_positive_semantic_positive,43,863dc57f81213cb040ccde60fd70d07e9e05a68db70a0c90be81c1c009e9a47a,98f7279821921d825470ee64efa810777e5b331d4c978e6234e7b689b6657fdf,233c61c45c7ad75b876e81deeb290d546a13f034f1d18c82787aea678ba0f533,phase03-sufficiency-annotation-v1,f2fe3f7f29b834d78fd7c79bf4d4a94faee43c658d89c48e386854123066802b
phase03-semantic-confirmation-sample-v1,7629343e0512c973f7cfb330ace1d09cafc85313d6fc35c1954a3400af33e8a9,96,TRAIN_Q444,train,bm25,1,strict_negative_semantic_negative,43,cda2c365e58f0a27e25af5a33fbe223ef2ea503d05d8a2eede21900f2c0142f7,98f7279821921d825470ee64efa810777e5b331d4c978e6234e7b689b6657fdf,233c61c45c7ad75b876e81deeb290d546a13f034f1d18c82787aea678ba0f533,phase03-sufficiency-annotation-v1,f2fe3f7f29b834d78fd7c79bf4d4a94faee43c658d89c48e386854123066802b
phase03-semantic-confirmation-sample-v1,7b1c93ebfcdb23f618b82cca09de324933f42060d99e6eb23bbbeba5cdd6d495,32,TRAIN_Q341,train,bm25,1,strict_positive_semantic_negative,43,0cccbbf5869003e4a27eaacbd87259b6bd1ef1f82f9e68446db5fe6d6d722618,98f7279821921d825470ee64efa810777e5b331d4c978e6234e7b689b6657fdf,233c61c45c7ad75b876e81deeb290d546a13f034f1d18c82787aea678ba0f533,phase03-sufficiency-annotation-v1,f2fe3f7f29b834d78fd7c79bf4d4a94faee43c658d89c48e386854123066802b
phase03-semantic-confirmation-sample-v1,7ba44d9a9e84b313f24d716b003327732dcffc6f11e2d1ecbb698edf3d00a088,46,TRAIN_Q540,train,dense,10,strict_negative_semantic_negative,43,11473ac3dc7e09cae4b941ad9989568940ea746cb0ec199f90745d564ab3cd47,98f7279821921d825470ee64efa810777e5b331d4c978e6234e7b689b6657fdf,233c61c45c7ad75b876e81deeb290d546a13f034f1d18c82787aea678ba0f533,phase03-sufficiency-annotation-v1,f2fe3f7f29b834d78fd7c79bf4d4a94faee43c658d89c48e386854123066802b
phase03-semantic-confirmation-sample-v1,7d9140deed212edb1212aa4e4a161212291812e5b496e1c83ebdf149a10b0c0c,82,DEV_Q033,validation,hybrid,10,strict_positive_semantic_positive,43,11aa14dd6531744c31818225bade448d99d040b6211f3fd4c0ac482cf0c0e815,98f7279821921d825470ee64efa810777e5b331d4c978e6234e7b689b6657fdf,233c61c45c7ad75b876e81deeb290d546a13f034f1d18c82787aea678ba0f533,phase03-sufficiency-annotation-v1,f2fe3f7f29b834d78fd7c79bf4d4a94faee43c658d89c48e386854123066802b
phase03-semantic-confirmation-sample-v1,7f05c4ff3e85bdce768a1e1368682f8c92b4a2d9d35b3676982077c15fd4a551,73,TRAIN_Q270,train,dense,5,strict_positive_semantic_positive,43,469dad0f7a7dc9b89e7794df0ca17202744d7ba9fae4b37bd9c4bc0054010756,98f7279821921d825470ee64efa810777e5b331d4c978e6234e7b689b6657fdf,233c61c45c7ad75b876e81deeb290d546a13f034f1d18c82787aea678ba0f533,phase03-sufficiency-annotation-v1,f2fe3f7f29b834d78fd7c79bf4d4a94faee43c658d89c48e386854123066802b
phase03-semantic-confirmation-sample-v1,7f6b63eba6cfdad25421d5c16950ebd64d8aa494e2f7b1ee20f067ad630acd75,20,DEV_Q007,train,bm25,1,strict_positive_semantic_positive,43,e5c495b19dcb1fcd05778cf498ee68157cf35806e2209714513b31ee0a02b778,98f7279821921d825470ee64efa810777e5b331d4c978e6234e7b689b6657fdf,233c61c45c7ad75b876e81deeb290d546a13f034f1d18c82787aea678ba0f533,phase03-sufficiency-annotation-v1,f2fe3f7f29b834d78fd7c79bf4d4a94faee43c658d89c48e386854123066802b
phase03-semantic-confirmation-sample-v1,81f81db8a5958fb61c4c714d9fce212e1df24c25df5ef3937dcb7fc0a311ab81,11,TRAIN_Q084,train,dense,3,strict_negative_semantic_negative,43,904758687f56477c1ffc7c055fdbc0a0942528fb8e19ace8b0325bc44106d465,98f7279821921d825470ee64efa810777e5b331d4c978e6234e7b689b6657fdf,233c61c45c7ad75b876e81deeb290d546a13f034f1d18c82787aea678ba0f533,phase03-sufficiency-annotation-v1,f2fe3f7f29b834d78fd7c79bf4d4a94faee43c658d89c48e386854123066802b
phase03-semantic-confirmation-sample-v1,8436887b262d9171520912230405dda37496f538d9d16535687e3d2e51e68d31,64,TRAIN_Q244,train,dense,5,strict_negative_semantic_negative,43,18adccb521edd3006092dd4650c862cd85ca161d9e197642aa272a8b592b68ab,98f7279821921d825470ee64efa810777e5b331d4c978e6234e7b689b6657fdf,233c61c45c7ad75b876e81deeb290d546a13f034f1d18c82787aea678ba0f533,phase03-sufficiency-annotation-v1,f2fe3f7f29b834d78fd7c79bf4d4a94faee43c658d89c48e386854123066802b
phase03-semantic-confirmation-sample-v1,90b15227fd5c72c0644d3d1e05cf9c54d73311c700b902b21a1d0a2fb887585c,81,DEV_Q288,validation,dense,3,strict_negative_semantic_negative,43,ff2b7b7b546ea58487fb7f2421e91c148ef581a9d7338a9fc8ae30e8eb49e17b,98f7279821921d825470ee64efa810777e5b331d4c978e6234e7b689b6657fdf,233c61c45c7ad75b876e81deeb290d546a13f034f1d18c82787aea678ba0f533,phase03-sufficiency-annotation-v1,f2fe3f7f29b834d78fd7c79bf4d4a94faee43c658d89c48e386854123066802b
phase03-semantic-confirmation-sample-v1,91dcdc61ba27acbeb0a060ea8fda4449702d92e01bf62388be946e7f6fac6b8e,31,DEV_Q176,validation,hybrid,1,strict_negative_semantic_positive,43,bcc28eee50487dae989c8b30224b46c84d197be2a7b2a19a90b8e9b6a5d1670d,98f7279821921d825470ee64efa810777e5b331d4c978e6234e7b689b6657fdf,233c61c45c7ad75b876e81deeb290d546a13f034f1d18c82787aea678ba0f533,phase03-sufficiency-annotation-v1,f2fe3f7f29b834d78fd7c79bf4d4a94faee43c658d89c48e386854123066802b
phase03-semantic-confirmation-sample-v1,928239014bfcfdf4a2d5a2c6b0ba653dd062e15710e45bbeb6490dddb9d70253,79,TRAIN_Q066,train,bm25,5,strict_negative_semantic_negative,43,7a28ed870be9757fe793ad8a462306c971ef1b9f71474b2cc3cb995fc043a827,98f7279821921d825470ee64efa810777e5b331d4c978e6234e7b689b6657fdf,233c61c45c7ad75b876e81deeb290d546a13f034f1d18c82787aea678ba0f533,phase03-sufficiency-annotation-v1,f2fe3f7f29b834d78fd7c79bf4d4a94faee43c658d89c48e386854123066802b
phase03-semantic-confirmation-sample-v1,92ee2725a33cbe89859288cc11a204068d630b75f397c5f62160a185b4b3ff5d,70,TRAIN_Q260,train,dense,3,strict_negative_semantic_positive,43,4018dd0922ee13460470e66b5ed807d5f664df98bfb637388c99444a56f6843e,98f7279821921d825470ee64efa810777e5b331d4c978e6234e7b689b6657fdf,233c61c45c7ad75b876e81deeb290d546a13f034f1d18c82787aea678ba0f533,phase03-sufficiency-annotation-v1,f2fe3f7f29b834d78fd7c79bf4d4a94faee43c658d89c48e386854123066802b
phase03-semantic-confirmation-sample-v1,981525566db75ff417b34e811fa6e3795f60c6ca55aa42f1eb7a7c7a0e9f8654,35,TRAIN_Q488,validation,dense,5,strict_negative_semantic_positive,43,950c33adcd7320426d407d2d1951313ad4dfa16093b3f82ac5dee2f9fe2570b3,98f7279821921d825470ee64efa810777e5b331d4c978e6234e7b689b6657fdf,233c61c45c7ad75b876e81deeb290d546a13f034f1d18c82787aea678ba0f533,phase03-sufficiency-annotation-v1,f2fe3f7f29b834d78fd7c79bf4d4a94faee43c658d89c48e386854123066802b
phase03-semantic-confirmation-sample-v1,98312e762bb4f423c0a4a1b2d077bfe20ef4373a4ade122ee2558ac69cf78b04,93,DEV_Q034,train,hybrid,1,strict_negative_semantic_negative,43,c5d28017ecc065d6245bb74fab06d4f0f6d70096c044af808e83c9cc21880622,98f7279821921d825470ee64efa810777e5b331d4c978e6234e7b689b6657fdf,233c61c45c7ad75b876e81deeb290d546a13f034f1d18c82787aea678ba0f533,phase03-sufficiency-annotation-v1,f2fe3f7f29b834d78fd7c79bf4d4a94faee43c658d89c48e386854123066802b
phase03-semantic-confirmation-sample-v1,99bd21b5231d7a4a58041fa651b80a85db51c5ff619c4525b4bb15a1328cf6c2,48,TRAIN_Q052,train,dense,1,strict_negative_semantic_negative,43,8825ea99bed1b16ff7a4a015e8fd3d997183139c6b1bc87d98d57e7fc5edf0b0,98f7279821921d825470ee64efa810777e5b331d4c978e6234e7b689b6657fdf,233c61c45c7ad75b876e81deeb290d546a13f034f1d18c82787aea678ba0f533,phase03-sufficiency-annotation-v1,f2fe3f7f29b834d78fd7c79bf4d4a94faee43c658d89c48e386854123066802b
phase03-semantic-confirmation-sample-v1,9eacdc63974c40d94b1a74a2c2976d03d28d9d2c9ec2af959b153853bea5664c,83,TRAIN_Q171,train,dense,3,strict_positive_semantic_negative,43,2d188184edc0c060d26a290cfb2dada85b83241bdb64cf6e7d7e140fff4fcf2c,98f7279821921d825470ee64efa810777e5b331d4c978e6234e7b689b6657fdf,233c61c45c7ad75b876e81deeb290d546a13f034f1d18c82787aea678ba0f533,phase03-sufficiency-annotation-v1,f2fe3f7f29b834d78fd7c79bf4d4a94faee43c658d89c48e386854123066802b
phase03-semantic-confirmation-sample-v1,aa28f13127898a415d4cbbb126a5505b15028042b9f53d71d8f0d71a3b55c2ae,17,TRAIN_Q298,train,hybrid,3,strict_negative_semantic_positive,43,d98aa18ca02c65aa439665642993d138783d663ff51c56269199e6a3a65dfd3d,98f7279821921d825470ee64efa810777e5b331d4c978e6234e7b689b6657fdf,233c61c45c7ad75b876e81deeb290d546a13f034f1d18c82787aea678ba0f533,phase03-sufficiency-annotation-v1,f2fe3f7f29b834d78fd7c79bf4d4a94faee43c658d89c48e386854123066802b
phase03-semantic-confirmation-sample-v1,ac980114eb58b69a126c99fe85a11224713d5bb85783efb36618db172c163fc5,72,DEV_Q266,train,bm25,5,strict_negative_semantic_positive,43,67da0298cc6d5bfbf38c6b819cacc24a9b490ce1c531e8492a308ec3899951fa,98f7279821921d825470ee64efa810777e5b331d4c978e6234e7b689b6657fdf,233c61c45c7ad75b876e81deeb290d546a13f034f1d18c82787aea678ba0f533,phase03-sufficiency-annotation-v1,f2fe3f7f29b834d78fd7c79bf4d4a94faee43c658d89c48e386854123066802b
phase03-semantic-confirmation-sample-v1,af58bae82dd1c82a48ad2516c56397d4128dfd81d1e8ea495e9d48e45c8f95c7,91,DEV_Q300,train,bm25,10,strict_negative_semantic_positive,43,5e9db95fee1ad2034c162a155c3d12a9e3f78eaa7510dedfb78581ced3b51cb7,98f7279821921d825470ee64efa810777e5b331d4c978e6234e7b689b6657fdf,233c61c45c7ad75b876e81deeb290d546a13f034f1d18c82787aea678ba0f533,phase03-sufficiency-annotation-v1,f2fe3f7f29b834d78fd7c79bf4d4a94faee43c658d89c48e386854123066802b
phase03-semantic-confirmation-sample-v1,b184152b107ecc9fd52c272b42fd6997b3dce4ec37acdeb60be506a7383869f1,5,TRAIN_Q274,train,hybrid,1,strict_negative_semantic_positive,43,60f9ac2934f80a34f06f98dce9bd7dcfed051b37042a14034fcfab7e27ae56b8,98f7279821921d825470ee64efa810777e5b331d4c978e6234e7b689b6657fdf,233c61c45c7ad75b876e81deeb290d546a13f034f1d18c82787aea678ba0f533,phase03-sufficiency-annotation-v1,f2fe3f7f29b834d78fd7c79bf4d4a94faee43c658d89c48e386854123066802b
phase03-semantic-confirmation-sample-v1,b23999c6d02d6b7127402bbbb63303989206e9f1c397ba642a55dd62ccd45265,61,TRAIN_Q067,validation,hybrid,5,strict_negative_semantic_negative,43,788536f56c8cbcb632ef5418b64ec5eb76abbbd64c5cf7160b065ccfca91ed48,98f7279821921d825470ee64efa810777e5b331d4c978e6234e7b689b6657fdf,233c61c45c7ad75b876e81deeb290d546a13f034f1d18c82787aea678ba0f533,phase03-sufficiency-annotation-v1,f2fe3f7f29b834d78fd7c79bf4d4a94faee43c658d89c48e386854123066802b
phase03-semantic-confirmation-sample-v1,b528df4ff32618c267526e307c263815b2a19af755bc09b8a760ce26d761bbbb,4,TRAIN_Q189,validation,hybrid,10,strict_positive_semantic_positive,43,25337502e1717a9d23c89cf40da6437340ee7cc095b2ff813ba74c25471356f5,98f7279821921d825470ee64efa810777e5b331d4c978e6234e7b689b6657fdf,233c61c45c7ad75b876e81deeb290d546a13f034f1d18c82787aea678ba0f533,phase03-sufficiency-annotation-v1,f2fe3f7f29b834d78fd7c79bf4d4a94faee43c658d89c48e386854123066802b
phase03-semantic-confirmation-sample-v1,b596cc2346a1f38926b04c25fd448a7fc515a4a57f6ea45009a50a90dec2d5aa,37,TRAIN_Q411,validation,hybrid,1,strict_negative_semantic_negative,43,deaf5106f729cced6720027e0536cbedf8114d57907d11da70cef4f07435a69e,98f7279821921d825470ee64efa810777e5b331d4c978e6234e7b689b6657fdf,233c61c45c7ad75b876e81deeb290d546a13f034f1d18c82787aea678ba0f533,phase03-sufficiency-annotation-v1,f2fe3f7f29b834d78fd7c79bf4d4a94faee43c658d89c48e386854123066802b
phase03-semantic-confirmation-sample-v1,b725545b310753171bc6d8c2e1c0daf2e3959c04823e9eb7ea715ea5216b5c67,100,DEV_Q038,validation,dense,5,strict_negative_semantic_negative,43,ecae8723e005e2a2318b7ed4e41fa3eeb6407245a1b0d9f9c007fc585a93fb65,98f7279821921d825470ee64efa810777e5b331d4c978e6234e7b689b6657fdf,233c61c45c7ad75b876e81deeb290d546a13f034f1d18c82787aea678ba0f533,phase03-sufficiency-annotation-v1,f2fe3f7f29b834d78fd7c79bf4d4a94faee43c658d89c48e386854123066802b
phase03-semantic-confirmation-sample-v1,b89cac2ae424d72472a2328f7ad4e7c02cf07acebce7120d046ea3672c0f1b7e,67,TRAIN_Q413,validation,hybrid,5,strict_positive_semantic_positive,43,986c4848b56a11ad166869168f6dab5580b403ab2b18f05f9fbd849beb357799,98f7279821921d825470ee64efa810777e5b331d4c978e6234e7b689b6657fdf,233c61c45c7ad75b876e81deeb290d546a13f034f1d18c82787aea678ba0f533,phase03-sufficiency-annotation-v1,f2fe3f7f29b834d78fd7c79bf4d4a94faee43c658d89c48e386854123066802b
phase03-semantic-confirmation-sample-v1,bed016bb8dfbb492766ad56e283e25d2366c29fbc883cf2d8fa949d76260b88c,25,TRAIN_Q402,train,dense,3,strict_negative_semantic_positive,43,2bed3a610bfcdcf6cc874a331038bbdf7649a7d29bc9746200459dff10abb2fc,98f7279821921d825470ee64efa810777e5b331d4c978e6234e7b689b6657fdf,233c61c45c7ad75b876e81deeb290d546a13f034f1d18c82787aea678ba0f533,phase03-sufficiency-annotation-v1,f2fe3f7f29b834d78fd7c79bf4d4a94faee43c658d89c48e386854123066802b
phase03-semantic-confirmation-sample-v1,bf549edaf93c57643ca710dfb8a06cc16e01060d1ef2098df5caf6102d665934,89,TRAIN_Q242,train,hybrid,5,strict_positive_semantic_negative,43,1262e0ab0493d177f668f627f3cf85145133bb254ed316750c45b728341da3cc,98f7279821921d825470ee64efa810777e5b331d4c978e6234e7b689b6657fdf,233c61c45c7ad75b876e81deeb290d546a13f034f1d18c82787aea678ba0f533,phase03-sufficiency-annotation-v1,f2fe3f7f29b834d78fd7c79bf4d4a94faee43c658d89c48e386854123066802b
phase03-semantic-confirmation-sample-v1,c2c1cc650a03fb134098fba52f857b11c0665fd54873d7fea1f8d119a9bf0c99,9,TRAIN_Q065,validation,hybrid,5,strict_positive_semantic_negative,43,09bbe394837ff48492469e6c4b6e95843cf86a37dd21c80535769e0a646264a1,98f7279821921d825470ee64efa810777e5b331d4c978e6234e7b689b6657fdf,233c61c45c7ad75b876e81deeb290d546a13f034f1d18c82787aea678ba0f533,phase03-sufficiency-annotation-v1,f2fe3f7f29b834d78fd7c79bf4d4a94faee43c658d89c48e386854123066802b
phase03-semantic-confirmation-sample-v1,c541f3e374a74cf62d42b4b8b06414531bcf5b5f93eb155ead991b2255673098,51,TRAIN_Q324,validation,bm25,5,strict_negative_semantic_negative,43,a1d6442d6fe53da7c07d92672809f8c031fcbba0dfd256c29a8877b3592a42ac,98f7279821921d825470ee64efa810777e5b331d4c978e6234e7b689b6657fdf,233c61c45c7ad75b876e81deeb290d546a13f034f1d18c82787aea678ba0f533,phase03-sufficiency-annotation-v1,f2fe3f7f29b834d78fd7c79bf4d4a94faee43c658d89c48e386854123066802b
phase03-semantic-confirmation-sample-v1,c7a84d3c55d37b56dd7998ba961955bd34afc681c042aa22f3213583b0e02c08,54,TRAIN_Q161,train,dense,1,strict_negative_semantic_positive,43,d999ca4c9cf307182182915128053a752ae32fe8aac81645018a63931e22cffa,98f7279821921d825470ee64efa810777e5b331d4c978e6234e7b689b6657fdf,233c61c45c7ad75b876e81deeb290d546a13f034f1d18c82787aea678ba0f533,phase03-sufficiency-annotation-v1,f2fe3f7f29b834d78fd7c79bf4d4a94faee43c658d89c48e386854123066802b
phase03-semantic-confirmation-sample-v1,c9f93ebfb6bcf557f8b972e2c17a99c23dea1d339e15e54cffb8b719e0d9e8e0,57,TRAIN_Q456,train,dense,3,strict_positive_semantic_positive,43,0a98016a020ab4ab4b5d4d172662a4b490d0452e5913bc03cda7267ede955e65,98f7279821921d825470ee64efa810777e5b331d4c978e6234e7b689b6657fdf,233c61c45c7ad75b876e81deeb290d546a13f034f1d18c82787aea678ba0f533,phase03-sufficiency-annotation-v1,f2fe3f7f29b834d78fd7c79bf4d4a94faee43c658d89c48e386854123066802b
phase03-semantic-confirmation-sample-v1,ca55bf410d0386ce61d05d2677a9e3f4dae8f0362d227ae4e2ba7ffbf23ddfac,13,TRAIN_Q135,train,bm25,3,strict_negative_semantic_negative,43,57aec146800a2b74876f60e974053538c4863ddc1992a14c009285656fe05d1d,98f7279821921d825470ee64efa810777e5b331d4c978e6234e7b689b6657fdf,233c61c45c7ad75b876e81deeb290d546a13f034f1d18c82787aea678ba0f533,phase03-sufficiency-annotation-v1,f2fe3f7f29b834d78fd7c79bf4d4a94faee43c658d89c48e386854123066802b
phase03-semantic-confirmation-sample-v1,caa1d12b38ce4123c60725620d741fc16decbdf069b06b8a2c9242999a12490f,80,DEV_Q149,validation,hybrid,5,strict_negative_semantic_negative,43,6f88dcdfa518ea9eaee6728960a8dba3977d9f651ba9f5b1591856a3584513d4,98f7279821921d825470ee64efa810777e5b331d4c978e6234e7b689b6657fdf,233c61c45c7ad75b876e81deeb290d546a13f034f1d18c82787aea678ba0f533,phase03-sufficiency-annotation-v1,f2fe3f7f29b834d78fd7c79bf4d4a94faee43c658d89c48e386854123066802b
phase03-semantic-confirmation-sample-v1,cf34feb203ba702191845cb55eef9398bc7aabe7c35386417c0471c0caad5fc0,69,DEV_Q260,validation,hybrid,1,strict_negative_semantic_negative,43,58acbec7c78da73d164a3fc207a030f04de5527d10f78e58e9b65cfca024912a,98f7279821921d825470ee64efa810777e5b331d4c978e6234e7b689b6657fdf,233c61c45c7ad75b876e81deeb290d546a13f034f1d18c82787aea678ba0f533,phase03-sufficiency-annotation-v1,f2fe3f7f29b834d78fd7c79bf4d4a94faee43c658d89c48e386854123066802b
phase03-semantic-confirmation-sample-v1,cf93cbd8cd9ea9c338d09cb9b1deb8f37fbd29f01da07e2af3067e072915d230,2,TRAIN_Q045,train,hybrid,5,strict_negative_semantic_positive,43,052251feefdc2e283bd3bc5a9393fb5b2817864c4ea64874e70785897a043562,98f7279821921d825470ee64efa810777e5b331d4c978e6234e7b689b6657fdf,233c61c45c7ad75b876e81deeb290d546a13f034f1d18c82787aea678ba0f533,phase03-sufficiency-annotation-v1,f2fe3f7f29b834d78fd7c79bf4d4a94faee43c658d89c48e386854123066802b
phase03-semantic-confirmation-sample-v1,d3999b4e2617ca1f4e99d155d2a239207f2d65d1f4045cd37efe4f89e7fe179e,94,DEV_Q114,validation,dense,1,strict_negative_semantic_negative,43,056ed72335854e31e56047793c5ed5c4a64672d4bad8f071f7b925609e0a88e0,98f7279821921d825470ee64efa810777e5b331d4c978e6234e7b689b6657fdf,233c61c45c7ad75b876e81deeb290d546a13f034f1d18c82787aea678ba0f533,phase03-sufficiency-annotation-v1,f2fe3f7f29b834d78fd7c79bf4d4a94faee43c658d89c48e386854123066802b
phase03-semantic-confirmation-sample-v1,d3e2cbf8c76e99239f7ed4a3ac22fb1d6e0aa1858d61abd43caccb65b5ff259e,19,TRAIN_Q124,validation,hybrid,10,strict_negative_semantic_negative,43,7406a89c22cf378fbeef88d4d42efbb97b9978a62f83054c5c845601343b1d26,98f7279821921d825470ee64efa810777e5b331d4c978e6234e7b689b6657fdf,233c61c45c7ad75b876e81deeb290d546a13f034f1d18c82787aea678ba0f533,phase03-sufficiency-annotation-v1,f2fe3f7f29b834d78fd7c79bf4d4a94faee43c658d89c48e386854123066802b
phase03-semantic-confirmation-sample-v1,d6755651745736cf541aefddc3ebcd2c8d671c419f47fc8dbcef8fa90e5de476,65,DEV_Q279,train,bm25,10,strict_positive_semantic_positive,43,f00f8888817fb3117f77459605d81e6622387fb7c6758395a1e31680bdf84368,98f7279821921d825470ee64efa810777e5b331d4c978e6234e7b689b6657fdf,233c61c45c7ad75b876e81deeb290d546a13f034f1d18c82787aea678ba0f533,phase03-sufficiency-annotation-v1,f2fe3f7f29b834d78fd7c79bf4d4a94faee43c658d89c48e386854123066802b
phase03-semantic-confirmation-sample-v1,d7dc9c441cac2242f0e3953ac064654aa2288154da4f6b60ce9a835e90abb84f,71,TRAIN_Q514,train,dense,3,strict_negative_semantic_negative,43,76232750b8c6b246eaa2df17568fd255cca3836b14331ff3a82222cf7baf052c,98f7279821921d825470ee64efa810777e5b331d4c978e6234e7b689b6657fdf,233c61c45c7ad75b876e81deeb290d546a13f034f1d18c82787aea678ba0f533,phase03-sufficiency-annotation-v1,f2fe3f7f29b834d78fd7c79bf4d4a94faee43c658d89c48e386854123066802b
phase03-semantic-confirmation-sample-v1,d89ba5a12b9f9f9b3dadb2446f445b6e9061052bb432234c52ffd30a565c07e0,77,TRAIN_Q367,train,bm25,1,strict_negative_semantic_negative,43,9ca599c82d86e5757b60954d943169ccca37ed72c6d0bc390ffb8c4f199a694b,98f7279821921d825470ee64efa810777e5b331d4c978e6234e7b689b6657fdf,233c61c45c7ad75b876e81deeb290d546a13f034f1d18c82787aea678ba0f533,phase03-sufficiency-annotation-v1,f2fe3f7f29b834d78fd7c79bf4d4a94faee43c658d89c48e386854123066802b
phase03-semantic-confirmation-sample-v1,da3cf42f4534ed03bef966ec73a7d4f21a91e3ea552c970e367bffaebd12e02b,38,TRAIN_Q248,train,bm25,3,strict_negative_semantic_positive,43,a95533c73641935379de114c33bf6ddb60bdf6df66bcd5547a21f6477a384679,98f7279821921d825470ee64efa810777e5b331d4c978e6234e7b689b6657fdf,233c61c45c7ad75b876e81deeb290d546a13f034f1d18c82787aea678ba0f533,phase03-sufficiency-annotation-v1,f2fe3f7f29b834d78fd7c79bf4d4a94faee43c658d89c48e386854123066802b
phase03-semantic-confirmation-sample-v1,dacab67beb7e6d0aaeff3874f664d9ba43558d1fd78a53d240dcee0055beae17,74,TRAIN_Q046,train,hybrid,10,strict_positive_semantic_positive,43,2d8715d78499cdd819fb977f01667d224fe992a6eff1f54abc7becad80403f7c,98f7279821921d825470ee64efa810777e5b331d4c978e6234e7b689b6657fdf,233c61c45c7ad75b876e81deeb290d546a13f034f1d18c82787aea678ba0f533,phase03-sufficiency-annotation-v1,f2fe3f7f29b834d78fd7c79bf4d4a94faee43c658d89c48e386854123066802b
phase03-semantic-confirmation-sample-v1,dd342030efa5d7df85842a64933fc163bfe0a68f92c46e6c0886ea2ffbab359c,43,TRAIN_Q237,validation,dense,3,strict_negative_semantic_positive,43,6ad864c176207615411ea5e61197289cd22bf35459e560465f6a09a41de19311,98f7279821921d825470ee64efa810777e5b331d4c978e6234e7b689b6657fdf,233c61c45c7ad75b876e81deeb290d546a13f034f1d18c82787aea678ba0f533,phase03-sufficiency-annotation-v1,f2fe3f7f29b834d78fd7c79bf4d4a94faee43c658d89c48e386854123066802b
phase03-semantic-confirmation-sample-v1,de21b212f6d430481a1e181159c75090caad41d23a59c824b2c72e23964d70af,63,TRAIN_Q131,train,bm25,5,strict_negative_semantic_positive,43,7801ccfcc93f3df2bf0d0c33ad84e259af755b3a6b13d1b8ead23d86d1fadcb6,98f7279821921d825470ee64efa810777e5b331d4c978e6234e7b689b6657fdf,233c61c45c7ad75b876e81deeb290d546a13f034f1d18c82787aea678ba0f533,phase03-sufficiency-annotation-v1,f2fe3f7f29b834d78fd7c79bf4d4a94faee43c658d89c48e386854123066802b
phase03-semantic-confirmation-sample-v1,ded82457a24686bb335433c5f44bae340788e4337d3238da8108987f23053437,24,TRAIN_Q031,train,dense,10,strict_negative_semantic_positive,43,80440a9d5a44f53d4a3e1e48c11bfec806b07ee0686192355f5ae9364b7c7019,98f7279821921d825470ee64efa810777e5b331d4c978e6234e7b689b6657fdf,233c61c45c7ad75b876e81deeb290d546a13f034f1d18c82787aea678ba0f533,phase03-sufficiency-annotation-v1,f2fe3f7f29b834d78fd7c79bf4d4a94faee43c658d89c48e386854123066802b
phase03-semantic-confirmation-sample-v1,e39c182f6e31eaf3db78b5a93a2fe7be12801abd1f5926ed99c076a38e060f27,60,DEV_Q063,validation,bm25,10,strict_positive_semantic_positive,43,9a4cf27ca42d9184690398e862fe51056eb2dd9d16b111b34cfd80aba097e34b,98f7279821921d825470ee64efa810777e5b331d4c978e6234e7b689b6657fdf,233c61c45c7ad75b876e81deeb290d546a13f034f1d18c82787aea678ba0f533,phase03-sufficiency-annotation-v1,f2fe3f7f29b834d78fd7c79bf4d4a94faee43c658d89c48e386854123066802b
phase03-semantic-confirmation-sample-v1,ea77747b0de49b82be6e2195345691f6c93d335ca296da0c9eab88f19de5283e,52,DEV_Q282,train,hybrid,3,strict_positive_semantic_positive,43,36c7cf80e847da5aafc0d1eea11e94be31f7de5fde27f2ab2141eae08f050154,98f7279821921d825470ee64efa810777e5b331d4c978e6234e7b689b6657fdf,233c61c45c7ad75b876e81deeb290d546a13f034f1d18c82787aea678ba0f533,phase03-sufficiency-annotation-v1,f2fe3f7f29b834d78fd7c79bf4d4a94faee43c658d89c48e386854123066802b
phase03-semantic-confirmation-sample-v1,eba348b8b4945e52d43691d659c151e6744faa56dc630dda00409417736bf6c4,36,TRAIN_Q477,train,hybrid,5,strict_positive_semantic_positive,43,c6599c94b04bac30c01872061cdc0a5c7111a22425b26a6103ac050183491712,98f7279821921d825470ee64efa810777e5b331d4c978e6234e7b689b6657fdf,233c61c45c7ad75b876e81deeb290d546a13f034f1d18c82787aea678ba0f533,phase03-sufficiency-annotation-v1,f2fe3f7f29b834d78fd7c79bf4d4a94faee43c658d89c48e386854123066802b
phase03-semantic-confirmation-sample-v1,eda6fe14bc0868e50be1a1613d49d54e00bf834275401357622f148f2cd28ab8,1,TRAIN_Q083,validation,bm25,3,strict_negative_semantic_negative,43,0a9f7d1f31b14cddb9c646a5a47e75d03ab4a8c4a27206c53fc8cee14a07033e,98f7279821921d825470ee64efa810777e5b331d4c978e6234e7b689b6657fdf,233c61c45c7ad75b876e81deeb290d546a13f034f1d18c82787aea678ba0f533,phase03-sufficiency-annotation-v1,f2fe3f7f29b834d78fd7c79bf4d4a94faee43c658d89c48e386854123066802b
phase03-semantic-confirmation-sample-v1,f16ec27e84d0d167b1ed7b728867c54b0680d27462bc8325d291be921b7c7290,40,TRAIN_Q163,train,dense,10,strict_negative_semantic_negative,43,8a122b231180bd9971183d64fe99e226882167aaf727a0a875b8f9b13ce16b63,98f7279821921d825470ee64efa810777e5b331d4c978e6234e7b689b6657fdf,233c61c45c7ad75b876e81deeb290d546a13f034f1d18c82787aea678ba0f533,phase03-sufficiency-annotation-v1,f2fe3f7f29b834d78fd7c79bf4d4a94faee43c658d89c48e386854123066802b
phase03-semantic-confirmation-sample-v1,f2cef7623e3ac370cb4007741b53d6e89a975cd27583a82df99c8c5084896042,34,TRAIN_Q048,train,hybrid,10,strict_negative_semantic_negative,43,15837e1c117fabe13495838bca548f80a707b830e28523ce22cc99d77c802828,98f7279821921d825470ee64efa810777e5b331d4c978e6234e7b689b6657fdf,233c61c45c7ad75b876e81deeb290d546a13f034f1d18c82787aea678ba0f533,phase03-sufficiency-annotation-v1,f2fe3f7f29b834d78fd7c79bf4d4a94faee43c658d89c48e386854123066802b
phase03-semantic-confirmation-sample-v1,f70e69bf8b027f0e78a12b3b219cda6688d8881cbdd49807e7491ab9babcd2b0,45,TRAIN_Q503,train,hybrid,3,strict_negative_semantic_negative,43,3927060609a69135614778ce49866cccb0d77371a1621a7edb3ac8d669d1f64d,98f7279821921d825470ee64efa810777e5b331d4c978e6234e7b689b6657fdf,233c61c45c7ad75b876e81deeb290d546a13f034f1d18c82787aea678ba0f533,phase03-sufficiency-annotation-v1,f2fe3f7f29b834d78fd7c79bf4d4a94faee43c658d89c48e386854123066802b
phase03-semantic-confirmation-sample-v1,f7fb11a28a2a1f744a54692ef60b68315895d1011fbb95fc04067e79dba0bf60,8,TRAIN_Q587,train,bm25,10,strict_positive_semantic_negative,43,7557d12f2b8250677443429c3c1ffb5a2e8ac2dc7febf6dfe0620b308d1392b4,98f7279821921d825470ee64efa810777e5b331d4c978e6234e7b689b6657fdf,233c61c45c7ad75b876e81deeb290d546a13f034f1d18c82787aea678ba0f533,phase03-sufficiency-annotation-v1,f2fe3f7f29b834d78fd7c79bf4d4a94faee43c658d89c48e386854123066802b
phase03-semantic-confirmation-sample-v1,fb64c0c20fc2e1a9e0e96ae35205cec2607c1bff72e03c070cc9a9fc7ab4ae64,26,TRAIN_Q439,train,bm25,1,strict_negative_semantic_positive,43,f4013c116c3ad3fb73ad6d79ab33714d2bda8efc7a2fd42223ae7b56cdb4b1f4,98f7279821921d825470ee64efa810777e5b331d4c978e6234e7b689b6657fdf,233c61c45c7ad75b876e81deeb290d546a13f034f1d18c82787aea678ba0f533,phase03-sufficiency-annotation-v1,f2fe3f7f29b834d78fd7c79bf4d4a94faee43c658d89c48e386854123066802b
phase03-semantic-confirmation-sample-v1,fd3173c5197ee8439f16e168cc5737d03a024a51de0fbf7bfdf4a6cc1915c3ed,44,TRAIN_Q440,train,bm25,10,strict_positive_semantic_positive,43,62ec47f9833db6afd1a074493d585e6a1d1cda06a1373f02c577d93d887e9a78,98f7279821921d825470ee64efa810777e5b331d4c978e6234e7b689b6657fdf,233c61c45c7ad75b876e81deeb290d546a13f034f1d18c82787aea678ba0f533,phase03-sufficiency-annotation-v1,f2fe3f7f29b834d78fd7c79bf4d4a94faee43c658d89c48e386854123066802b
phase03-semantic-confirmation-sample-v1,ff2d03882c5c6452efa48d7d276ec76cfd0238755fe3a6730b259e12ca9bb407,58,TRAIN_Q080,train,dense,1,strict_negative_semantic_positive,43,74b7101248c5cf0edbb99bf0b089114042d36929d996b897d702dd69006a40d7,98f7279821921d825470ee64efa810777e5b331d4c978e6234e7b689b6657fdf,233c61c45c7ad75b876e81deeb290d546a13f034f1d18c82787aea678ba0f533,phase03-sufficiency-annotation-v1,f2fe3f7f29b834d78fd7c79bf4d4a94faee43c658d89c48e386854123066802b
